[     700ms] [LOG] mg2loader: not waiting @ mg2_loader_loader-js-after:3
[     704ms] [LOG] Engage Library loaded: 1776447889129 @ https://www.ocregister.com/_static/??-eJydzEEKwjAQheELmQxCbXAhXsCtB0iaMUxJpiEzoXp7uxG6EBcu3uaH78FazbSwIivU3BOxQHwUo62LGuJIk9elbZFEYRYontiWbbMc4AvOi4/YzFpB1CtNgJx8whuF5tvrlyycTKRE0oN88L5ZQVXiJDZ0jhn//tkA41PvSnn3dS2Xo3PjMJzObpzfa9tpCA==:3
[     737ms] [LOG] MNGDigisubs: Waiting for islands ready @ https://www.ocregister.com/_static/??-eJyl0MEKwzAIANAfWiKDrmGHset+I02kGBJbqmH7/NljT4P1IKLoE4T36tLCiqyw1j4TCzSeXaaZpE8ColEpHXq+RWI/dc4VfZEL/GPYAuNHzzI2TFqxWZazVqdX3IHtBySk6A7FkjY0RHGDbAmKXdt/1CyKPNvjGsI4DLd7GMsXV/iLXg==:1
[     737ms] [LOG] MNGDigisubs: Settings:  {debug: true, sessionServer: https://session.ocregister.com, entitlementsEnabled: true, dropdownEnabled: true, enableReaderDashboardLink: true} @ https://www.ocregister.com/_static/??-eJyl0MEKwzAIANAfWiKDrmGHset+I02kGBJbqmH7/NljT4P1IKLoE4T36tLCiqyw1j4TCzSeXaaZpE8ColEpHXq+RWI/dc4VfZEL/GPYAuNHzzI2TFqxWZazVqdX3IHtBySk6A7FkjY0RHGDbAmKXdt/1CyKPNvjGsI4DLd7GMsXV/iLXg==:1
[     738ms] [LOG] MNGDigisubs: ANALYTICS: Start Analytics @ https://www.ocregister.com/_static/??-eJyl0MEKwzAIANAfWiKDrmGHset+I02kGBJbqmH7/NljT4P1IKLoE4T36tLCiqyw1j4TCzSeXaaZpE8ColEpHXq+RWI/dc4VfZEL/GPYAuNHzzI2TFqxWZazVqdX3IHtBySk6A7FkjY0RHGDbAmKXdt/1CyKPNvjGsI4DLd7GMsXV/iLXg==:1
[     738ms] [LOG] MNGDigisubs: BlueConicUtils | blueConicReady | checking BC readiness @ https://www.ocregister.com/_static/??-eJyl0MEKwzAIANAfWiKDrmGHset+I02kGBJbqmH7/NljT4P1IKLoE4T36tLCiqyw1j4TCzSeXaaZpE8ColEpHXq+RWI/dc4VfZEL/GPYAuNHzzI2TFqxWZazVqdX3IHtBySk6A7FkjY0RHGDbAmKXdt/1CyKPNvjGsI4DLd7GMsXV/iLXg==:1
[     739ms] [LOG] MNGDigisubs: utils | Adding authenticationReady listener... @ https://www.ocregister.com/_static/??-eJyl0MEKwzAIANAfWiKDrmGHset+I02kGBJbqmH7/NljT4P1IKLoE4T36tLCiqyw1j4TCzSeXaaZpE8ColEpHXq+RWI/dc4VfZEL/GPYAuNHzzI2TFqxWZazVqdX3IHtBySk6A7FkjY0RHGDbAmKXdt/1CyKPNvjGsI4DLd7GMsXV/iLXg==:1
[     739ms] [LOG] MNGDigisubs: utils | Adding authenticationReady listener... @ https://www.ocregister.com/_static/??-eJyl0MEKwzAIANAfWiKDrmGHset+I02kGBJbqmH7/NljT4P1IKLoE4T36tLCiqyw1j4TCzSeXaaZpE8ColEpHXq+RWI/dc4VfZEL/GPYAuNHzzI2TFqxWZazVqdX3IHtBySk6A7FkjY0RHGDbAmKXdt/1CyKPNvjGsI4DLd7GMsXV/iLXg==:1
[     747ms] [LOG] MNGDigisubs: Waiting for islands ready @ https://www.ocregister.com/_static/??-eJyl0MEKwzAIANAfWiKDrmGHset+I02kGBJbqmH7/NljT4P1IKLoE4T36tLCiqyw1j4TCzSeXaaZpE8ColEpHXq+RWI/dc4VfZEL/GPYAuNHzzI2TFqxWZazVqdX3IHtBySk6A7FkjY0RHGDbAmKXdt/1CyKPNvjGsI4DLd7GMsXV/iLXg==:4
[     748ms] [LOG] MNGDigisubs: Creating new connext ready promise with timeout of 100000. @ https://www.ocregister.com/_static/??-eJydzEEKwjAQheELmQxCbXAhXsCtB0iaMUxJpiEzoXp7uxG6EBcu3uaH78FazbSwIivU3BOxQHwUo62LGuJIk9elbZFEYRYontiWbbMc4AvOi4/YzFpB1CtNgJx8whuF5tvrlyycTKRE0oN88L5ZQVXiJDZ0jhn//tkA41PvSnn3dS2Xo3PjMJzObpzfa9tpCA==:8
[     748ms] [LOG] MNGDigisubs: Listening for Connext Ready event... @ https://www.ocregister.com/_static/??-eJydzEEKwjAQheELmQxCbXAhXsCtB0iaMUxJpiEzoXp7uxG6EBcu3uaH78FazbSwIivU3BOxQHwUo62LGuJIk9elbZFEYRYontiWbbMc4AvOi4/YzFpB1CtNgJx8whuF5tvrlyycTKRE0oN88L5ZQVXiJDZ0jhn//tkA41PvSnn3dS2Xo3PjMJzObpzfa9tpCA==:8
[     748ms] [LOG] MNGDigisubs: Connext added event listener for onInit @ https://www.ocregister.com/_static/??-eJydzEEKwjAQheELmQxCbXAhXsCtB0iaMUxJpiEzoXp7uxG6EBcu3uaH78FazbSwIivU3BOxQHwUo62LGuJIk9elbZFEYRYontiWbbMc4AvOi4/YzFpB1CtNgJx8whuF5tvrlyycTKRE0oN88L5ZQVXiJDZ0jhn//tkA41PvSnn3dS2Xo3PjMJzObpzfa9tpCA==:8
[     748ms] [LOG] MNGDigisubs: utils | Adding authenticationReady listener... @ https://www.ocregister.com/_static/??-eJyl0MEKwzAIANAfWiKDrmGHset+I02kGBJbqmH7/NljT4P1IKLoE4T36tLCiqyw1j4TCzSeXaaZpE8ColEpHXq+RWI/dc4VfZEL/GPYAuNHzzI2TFqxWZazVqdX3IHtBySk6A7FkjY0RHGDbAmKXdt/1CyKPNvjGsI4DLd7GMsXV/iLXg==:4
[     748ms] [LOG] MNGDigisubs: UIHandler:  Waiting for the body to load... @ https://www.ocregister.com/_static/??-eJyl0MEKwzAIANAfWiKDrmGHset+I02kGBJbqmH7/NljT4P1IKLoE4T36tLCiqyw1j4TCzSeXaaZpE8ColEpHXq+RWI/dc4VfZEL/GPYAuNHzzI2TFqxWZazVqdX3IHtBySk6A7FkjY0RHGDbAmKXdt/1CyKPNvjGsI4DLd7GMsXV/iLXg==:4
[     755ms] [LOG] MNGDigisubs: Waiting for islands ready @ https://www.ocregister.com/_static/??-eJyl0MEKwzAIANAfWiKDrmGHset+I02kGBJbqmH7/NljT4P1IKLoE4T36tLCiqyw1j4TCzSeXaaZpE8ColEpHXq+RWI/dc4VfZEL/GPYAuNHzzI2TFqxWZazVqdX3IHtBySk6A7FkjY0RHGDbAmKXdt/1CyKPNvjGsI4DLd7GMsXV/iLXg==:7
[     756ms] [LOG] MNGDigisubs: loggedOutNewSubscriberActions There is no clearEntCache cookie @ https://www.ocregister.com/_static/??-eJyl0MEKwzAIANAfWiKDrmGHset+I02kGBJbqmH7/NljT4P1IKLoE4T36tLCiqyw1j4TCzSeXaaZpE8ColEpHXq+RWI/dc4VfZEL/GPYAuNHzzI2TFqxWZazVqdX3IHtBySk6A7FkjY0RHGDbAmKXdt/1CyKPNvjGsI4DLd7GMsXV/iLXg==:7
[     756ms] [LOG] MNGDigisubs: loggedOutNewSubscriberActions Checking if this is a new regwall subscriber @ https://www.ocregister.com/_static/??-eJyl0MEKwzAIANAfWiKDrmGHset+I02kGBJbqmH7/NljT4P1IKLoE4T36tLCiqyw1j4TCzSeXaaZpE8ColEpHXq+RWI/dc4VfZEL/GPYAuNHzzI2TFqxWZazVqdX3IHtBySk6A7FkjY0RHGDbAmKXdt/1CyKPNvjGsI4DLd7GMsXV/iLXg==:7
[     765ms] [LOG] MNGDigisubs: Waiting for islands ready @ https://www.ocregister.com/_static/??-eJyl0MEKwzAIANAfWiKDrmGHset+I02kGBJbqmH7/NljT4P1IKLoE4T36tLCiqyw1j4TCzSeXaaZpE8ColEpHXq+RWI/dc4VfZEL/GPYAuNHzzI2TFqxWZazVqdX3IHtBySk6A7FkjY0RHGDbAmKXdt/1CyKPNvjGsI4DLd7GMsXV/iLXg==:10
[     765ms] [LOG] MNGDigisubs: UIHandler:  Waiting for the log-in-button class to load... @ https://www.ocregister.com/_static/??-eJyl0MEKwzAIANAfWiKDrmGHset+I02kGBJbqmH7/NljT4P1IKLoE4T36tLCiqyw1j4TCzSeXaaZpE8ColEpHXq+RWI/dc4VfZEL/GPYAuNHzzI2TFqxWZazVqdX3IHtBySk6A7FkjY0RHGDbAmKXdt/1CyKPNvjGsI4DLd7GMsXV/iLXg==:10
[     766ms] [LOG] MNGDigisubs: utils | Adding authenticationReady listener... @ https://www.ocregister.com/_static/??-eJyl0MEKwzAIANAfWiKDrmGHset+I02kGBJbqmH7/NljT4P1IKLoE4T36tLCiqyw1j4TCzSeXaaZpE8ColEpHXq+RWI/dc4VfZEL/GPYAuNHzzI2TFqxWZazVqdX3IHtBySk6A7FkjY0RHGDbAmKXdt/1CyKPNvjGsI4DLd7GMsXV/iLXg==:7
[     766ms] [LOG] MNGDigisubs: Inside getSession @ https://www.ocregister.com/_static/??-eJyl0MEKwzAIANAfWiKDrmGHset+I02kGBJbqmH7/NljT4P1IKLoE4T36tLCiqyw1j4TCzSeXaaZpE8ColEpHXq+RWI/dc4VfZEL/GPYAuNHzzI2TFqxWZazVqdX3IHtBySk6A7FkjY0RHGDbAmKXdt/1CyKPNvjGsI4DLd7GMsXV/iLXg==:1
[     766ms] [LOG] MNGDigisubs: Session: __MNG_Session =  {} @ https://www.ocregister.com/_static/??-eJyl0MEKwzAIANAfWiKDrmGHset+I02kGBJbqmH7/NljT4P1IKLoE4T36tLCiqyw1j4TCzSeXaaZpE8ColEpHXq+RWI/dc4VfZEL/GPYAuNHzzI2TFqxWZazVqdX3IHtBySk6A7FkjY0RHGDbAmKXdt/1CyKPNvjGsI4DLd7GMsXV/iLXg==:1
[     766ms] [LOG] MNGDigisubs: Session: check both tokens:  undefined undefined @ https://www.ocregister.com/_static/??-eJyl0MEKwzAIANAfWiKDrmGHset+I02kGBJbqmH7/NljT4P1IKLoE4T36tLCiqyw1j4TCzSeXaaZpE8ColEpHXq+RWI/dc4VfZEL/GPYAuNHzzI2TFqxWZazVqdX3IHtBySk6A7FkjY0RHGDbAmKXdt/1CyKPNvjGsI4DLd7GMsXV/iLXg==:1
[     766ms] [LOG] MNGDigisubs: Session: missing id or entitlements, try session server @ https://www.ocregister.com/_static/??-eJyl0MEKwzAIANAfWiKDrmGHset+I02kGBJbqmH7/NljT4P1IKLoE4T36tLCiqyw1j4TCzSeXaaZpE8ColEpHXq+RWI/dc4VfZEL/GPYAuNHzzI2TFqxWZazVqdX3IHtBySk6A7FkjY0RHGDbAmKXdt/1CyKPNvjGsI4DLd7GMsXV/iLXg==:1
[     766ms] [LOG] MNGDigisubs: Checking server session:  https://session.ocregister.com/api/session @ https://www.ocregister.com/_static/??-eJyl0MEKwzAIANAfWiKDrmGHset+I02kGBJbqmH7/NljT4P1IKLoE4T36tLCiqyw1j4TCzSeXaaZpE8ColEpHXq+RWI/dc4VfZEL/GPYAuNHzzI2TFqxWZazVqdX3IHtBySk6A7FkjY0RHGDbAmKXdt/1CyKPNvjGsI4DLd7GMsXV/iLXg==:1
[     792ms] [LOG] MNGDigisubs: Waiting for islands ready @ https://www.ocregister.com/_static/??-eJyNzEEOAiEMheELCY3JOMSFceFJGMChSAuxJXN9R3cmLty9vOT7YesmNNbECr2OFVkg3sn4aKjFfaMoFIGcpd5yCg9LyLbIAX5A4tVEXFHGIuBFksrbSusZgbzm9Pybi3rF8PXZT8gug2NNe+RKl6Nz8zSdzm4uL/+sSmE=:5
[     793ms] [LOG] MNGDigisubs: Sophi:  site settings: onDeviceEnabled = true, sdkEnabled = false @ https://www.ocregister.com/_static/??-eJyNzEEOAiEMheELCY3JOMSFceFJGMChSAuxJXN9R3cmLty9vOT7YesmNNbECr2OFVkg3sn4aKjFfaMoFIGcpd5yCg9LyLbIAX5A4tVEXFHGIuBFksrbSusZgbzm9Pybi3rF8PXZT8gug2NNe+RKl6Nz8zSdzm4uL/+sSmE=:5
[     793ms] [LOG] MNGDigisubs: Sophi:  Sophi Engage vs Sophi SSPW A/B Test Enabled: false @ https://www.ocregister.com/_static/??-eJyNzEEOAiEMheELCY3JOMSFceFJGMChSAuxJXN9R3cmLty9vOT7YesmNNbECr2OFVkg3sn4aKjFfaMoFIGcpd5yCg9LyLbIAX5A4tVEXFHGIuBFksrbSusZgbzm9Pybi3rF8PXZT8gug2NNe+RKl6Nz8zSdzm4uL/+sSmE=:5
[     793ms] [LOG] MNGDigisubs: Utils digisubsDataLayerLoaded:  Waiting for the dataLayer to load... @ https://www.ocregister.com/_static/??-eJyNzEEOAiEMheELCY3JOMSFceFJGMChSAuxJXN9R3cmLty9vOT7YesmNNbECr2OFVkg3sn4aKjFfaMoFIGcpd5yCg9LyLbIAX5A4tVEXFHGIuBFksrbSusZgbzm9Pybi3rF8PXZT8gug2NNe+RKl6Nz8zSdzm4uL/+sSmE=:5
[     806ms] [LOG] MNGDigisubs: Waiting for islands ready @ https://www.ocregister.com/_static/??-eJzTLy/QTc7PK0nNK9EvyClNz8wr1s/NS9dNyUzPLC5NKtYvLkksyUxGEdNLLAIK5aQGZyQWpeolleal5KTqZRXr6FNiVmIZklH2ubaG5uZmJiamluZmWQApDDzQ:1
[     807ms] [LOG] MNGDigisubs: utils | Adding authenticationReady listener... @ https://www.ocregister.com/_static/??-eJzTLy/QTc7PK0nNK9EvyClNz8wr1s/NS9dNyUzPLC5NKtYvLkksyUxGEdNLLAIK5aQGZyQWpeolleal5KTqZRXr6FNiVmIZklH2ubaG5uZmJiamluZmWQApDDzQ:1
[     813ms] [LOG] MNGDigisubs: Waiting for islands ready @ https://www.ocregister.com/_static/??-eJzTLy/QTc7PK0nNK9EvyClNz8wr1s/NS9dNyUzPLC5NKtYvLkksyUxGEdNLLAIK5aQGZyQWpeolleal5KTqZRXr6FNiVmIZklH2ubaG5uZmJiamluZmWQApDDzQ:4
[     930ms] [LOG] MNGDigisubs: Waiting for islands ready @ https://www.ocregister.com/wp-content/plugins/mng-digisubs/static/mng-digisubs.apple.bundle.js?m=1776445976g:1
[     953ms] [LOG] MNGDigisubs: Setting local storage session {"accessToken":null,"idToken":null,"entitlementToken":null,"expiration":null,"entitlementSource":null,"isEntitled":null,"adFree":null,"entitlementLevel":null} @ https://www.ocregister.com/_static/??-eJyl0MEKwzAIANAfWiKDrmGHset+I02kGBJbqmH7/NljT4P1IKLoE4T36tLCiqyw1j4TCzSeXaaZpE8ColEpHXq+RWI/dc4VfZEL/GPYAuNHzzI2TFqxWZazVqdX3IHtBySk6A7FkjY0RHGDbAmKXdt/1CyKPNvjGsI4DLd7GMsXV/iLXg==:1
[     954ms] [LOG] MNGDigisubs: Returning session:  null null null @ https://www.ocregister.com/_static/??-eJyl0MEKwzAIANAfWiKDrmGHset+I02kGBJbqmH7/NljT4P1IKLoE4T36tLCiqyw1j4TCzSeXaaZpE8ColEpHXq+RWI/dc4VfZEL/GPYAuNHzzI2TFqxWZazVqdX3IHtBySk6A7FkjY0RHGDbAmKXdt/1CyKPNvjGsI4DLd7GMsXV/iLXg==:1
[     954ms] [LOG] MNGDigisubs: Authentication Init | isAuthenticated: false @ https://www.ocregister.com/_static/??-eJyl0MEKwzAIANAfWiKDrmGHset+I02kGBJbqmH7/NljT4P1IKLoE4T36tLCiqyw1j4TCzSeXaaZpE8ColEpHXq+RWI/dc4VfZEL/GPYAuNHzzI2TFqxWZazVqdX3IHtBySk6A7FkjY0RHGDbAmKXdt/1CyKPNvjGsI4DLd7GMsXV/iLXg==:1
[     954ms] [LOG] MNGDigisubs: Authentication Init | accessToken: false @ https://www.ocregister.com/_static/??-eJyl0MEKwzAIANAfWiKDrmGHset+I02kGBJbqmH7/NljT4P1IKLoE4T36tLCiqyw1j4TCzSeXaaZpE8ColEpHXq+RWI/dc4VfZEL/GPYAuNHzzI2TFqxWZazVqdX3IHtBySk6A7FkjY0RHGDbAmKXdt/1CyKPNvjGsI4DLd7GMsXV/iLXg==:1
[     954ms] [LOG] MNGDigisubs: utils | auth event dispathed @ https://www.ocregister.com/_static/??-eJyl0MEKwzAIANAfWiKDrmGHset+I02kGBJbqmH7/NljT4P1IKLoE4T36tLCiqyw1j4TCzSeXaaZpE8ColEpHXq+RWI/dc4VfZEL/GPYAuNHzzI2TFqxWZazVqdX3IHtBySk6A7FkjY0RHGDbAmKXdt/1CyKPNvjGsI4DLd7GMsXV/iLXg==:1
[     954ms] [LOG] MNGDigisubs: utils | Dispatching authenticationReady Event:  CustomEvent @ https://www.ocregister.com/_static/??-eJyl0MEKwzAIANAfWiKDrmGHset+I02kGBJbqmH7/NljT4P1IKLoE4T36tLCiqyw1j4TCzSeXaaZpE8ColEpHXq+RWI/dc4VfZEL/GPYAuNHzzI2TFqxWZazVqdX3IHtBySk6A7FkjY0RHGDbAmKXdt/1CyKPNvjGsI4DLd7GMsXV/iLXg==:1
[     954ms] [LOG] MNGDigisubs: utils | Event: authentication ready:  {isAuthenticated: false, idToken: null, accessToken: false, claims: undefined} @ https://www.ocregister.com/_static/??-eJyl0MEKwzAIANAfWiKDrmGHset+I02kGBJbqmH7/NljT4P1IKLoE4T36tLCiqyw1j4TCzSeXaaZpE8ColEpHXq+RWI/dc4VfZEL/GPYAuNHzzI2TFqxWZazVqdX3IHtBySk6A7FkjY0RHGDbAmKXdt/1CyKPNvjGsI4DLd7GMsXV/iLXg==:1
[     954ms] [LOG] MNGDigisubs: utils | Event: authentication ready:  {isAuthenticated: false, idToken: null, accessToken: false, claims: undefined} @ https://www.ocregister.com/_static/??-eJyl0MEKwzAIANAfWiKDrmGHset+I02kGBJbqmH7/NljT4P1IKLoE4T36tLCiqyw1j4TCzSeXaaZpE8ColEpHXq+RWI/dc4VfZEL/GPYAuNHzzI2TFqxWZazVqdX3IHtBySk6A7FkjY0RHGDbAmKXdt/1CyKPNvjGsI4DLd7GMsXV/iLXg==:1
[     954ms] [LOG] MNGDigisubs: utils | Event: authentication ready:  {isAuthenticated: false, idToken: null, accessToken: false, claims: undefined} @ https://www.ocregister.com/_static/??-eJyl0MEKwzAIANAfWiKDrmGHset+I02kGBJbqmH7/NljT4P1IKLoE4T36tLCiqyw1j4TCzSeXaaZpE8ColEpHXq+RWI/dc4VfZEL/GPYAuNHzzI2TFqxWZazVqdX3IHtBySk6A7FkjY0RHGDbAmKXdt/1CyKPNvjGsI4DLd7GMsXV/iLXg==:4
[     954ms] [LOG] MNGDigisubs: utils | Event: authentication ready:  {isAuthenticated: false, idToken: null, accessToken: false, claims: undefined} @ https://www.ocregister.com/_static/??-eJyl0MEKwzAIANAfWiKDrmGHset+I02kGBJbqmH7/NljT4P1IKLoE4T36tLCiqyw1j4TCzSeXaaZpE8ColEpHXq+RWI/dc4VfZEL/GPYAuNHzzI2TFqxWZazVqdX3IHtBySk6A7FkjY0RHGDbAmKXdt/1CyKPNvjGsI4DLd7GMsXV/iLXg==:7
[     954ms] [LOG] MNGDigisubs: utils | Event: authentication ready:  {isAuthenticated: false, idToken: null, accessToken: false, claims: undefined} @ https://www.ocregister.com/_static/??-eJzTLy/QTc7PK0nNK9EvyClNz8wr1s/NS9dNyUzPLC5NKtYvLkksyUxGEdNLLAIK5aQGZyQWpeolleal5KTqZRXr6FNiVmIZklH2ubaG5uZmJiamluZmWQApDDzQ:1
[     954ms] [LOG] MNGDigisubs: utils | Dispatched authenticationReady event @ https://www.ocregister.com/_static/??-eJyl0MEKwzAIANAfWiKDrmGHset+I02kGBJbqmH7/NljT4P1IKLoE4T36tLCiqyw1j4TCzSeXaaZpE8ColEpHXq+RWI/dc4VfZEL/GPYAuNHzzI2TFqxWZazVqdX3IHtBySk6A7FkjY0RHGDbAmKXdt/1CyKPNvjGsI4DLd7GMsXV/iLXg==:1
[     954ms] [LOG] MNGDigisubs: Islands not ready @ https://www.ocregister.com/_static/??-eJyl0MEKwzAIANAfWiKDrmGHset+I02kGBJbqmH7/NljT4P1IKLoE4T36tLCiqyw1j4TCzSeXaaZpE8ColEpHXq+RWI/dc4VfZEL/GPYAuNHzzI2TFqxWZazVqdX3IHtBySk6A7FkjY0RHGDbAmKXdt/1CyKPNvjGsI4DLd7GMsXV/iLXg==:1
[     954ms] [LOG] MNGDigisubs: User is not authenticated. @ https://www.ocregister.com/_static/??-eJyl0MEKwzAIANAfWiKDrmGHset+I02kGBJbqmH7/NljT4P1IKLoE4T36tLCiqyw1j4TCzSeXaaZpE8ColEpHXq+RWI/dc4VfZEL/GPYAuNHzzI2TFqxWZazVqdX3IHtBySk6A7FkjY0RHGDbAmKXdt/1CyKPNvjGsI4DLd7GMsXV/iLXg==:1
[     954ms] [LOG] MNGDigisubs: Page is not login or Connext state is present @ https://www.ocregister.com/_static/??-eJyl0MEKwzAIANAfWiKDrmGHset+I02kGBJbqmH7/NljT4P1IKLoE4T36tLCiqyw1j4TCzSeXaaZpE8ColEpHXq+RWI/dc4VfZEL/GPYAuNHzzI2TFqxWZazVqdX3IHtBySk6A7FkjY0RHGDbAmKXdt/1CyKPNvjGsI4DLd7GMsXV/iLXg==:1
[     955ms] [LOG] MNGDigisubs: UIHandler:  Waiting for the body to load... @ https://www.ocregister.com/_static/??-eJyl0MEKwzAIANAfWiKDrmGHset+I02kGBJbqmH7/NljT4P1IKLoE4T36tLCiqyw1j4TCzSeXaaZpE8ColEpHXq+RWI/dc4VfZEL/GPYAuNHzzI2TFqxWZazVqdX3IHtBySk6A7FkjY0RHGDbAmKXdt/1CyKPNvjGsI4DLd7GMsXV/iLXg==:1
[     955ms] [LOG] MNGDigisubs: Inside getSession @ https://www.ocregister.com/_static/??-eJyl0MEKwzAIANAfWiKDrmGHset+I02kGBJbqmH7/NljT4P1IKLoE4T36tLCiqyw1j4TCzSeXaaZpE8ColEpHXq+RWI/dc4VfZEL/GPYAuNHzzI2TFqxWZazVqdX3IHtBySk6A7FkjY0RHGDbAmKXdt/1CyKPNvjGsI4DLd7GMsXV/iLXg==:7
[     955ms] [LOG] MNGDigisubs: Session: __MNG_Session =  {"accessToken":null,"idToken":null,"entitlementToken":null,"expiration":null,"entitlementSource":null,"isEntitled":null,"adFree":null,"entitlementLevel":null} @ https://www.ocregister.com/_static/??-eJyl0MEKwzAIANAfWiKDrmGHset+I02kGBJbqmH7/NljT4P1IKLoE4T36tLCiqyw1j4TCzSeXaaZpE8ColEpHXq+RWI/dc4VfZEL/GPYAuNHzzI2TFqxWZazVqdX3IHtBySk6A7FkjY0RHGDbAmKXdt/1CyKPNvjGsI4DLd7GMsXV/iLXg==:7
[     955ms] [LOG] MNGDigisubs: Session: check both tokens:  null null @ https://www.ocregister.com/_static/??-eJyl0MEKwzAIANAfWiKDrmGHset+I02kGBJbqmH7/NljT4P1IKLoE4T36tLCiqyw1j4TCzSeXaaZpE8ColEpHXq+RWI/dc4VfZEL/GPYAuNHzzI2TFqxWZazVqdX3IHtBySk6A7FkjY0RHGDbAmKXdt/1CyKPNvjGsI4DLd7GMsXV/iLXg==:7
[     955ms] [LOG] MNGDigisubs: Session: missing id or entitlements, try session server @ https://www.ocregister.com/_static/??-eJyl0MEKwzAIANAfWiKDrmGHset+I02kGBJbqmH7/NljT4P1IKLoE4T36tLCiqyw1j4TCzSeXaaZpE8ColEpHXq+RWI/dc4VfZEL/GPYAuNHzzI2TFqxWZazVqdX3IHtBySk6A7FkjY0RHGDbAmKXdt/1CyKPNvjGsI4DLd7GMsXV/iLXg==:7
[     955ms] [LOG] MNGDigisubs: Checking server session:  https://session.ocregister.com/api/session @ https://www.ocregister.com/_static/??-eJyl0MEKwzAIANAfWiKDrmGHset+I02kGBJbqmH7/NljT4P1IKLoE4T36tLCiqyw1j4TCzSeXaaZpE8ColEpHXq+RWI/dc4VfZEL/GPYAuNHzzI2TFqxWZazVqdX3IHtBySk6A7FkjY0RHGDbAmKXdt/1CyKPNvjGsI4DLd7GMsXV/iLXg==:7
[     985ms] [LOG] MNGDigisubs: Article Saving |  init @ https://www.ocregister.com/_static/??-eJzTLy/QTc7PK0nNK9EvyClNz8wr1s/NS9dNyUzPLC5NKtYvLkksyUxGEdNLLAIK5aQGZyQWpeolleal5KTqZRXr6FNiVmIZklH2ubaG5uZmJiamluZmWQApDDzQ:4
[     985ms] [LOG] MNGDigisubs: Utils digisubsDataLayerLoaded:  Document is in interactive state, resolving. @ https://www.ocregister.com/_static/??-eJzTLy/QTc7PK0nNK9EvyClNz8wr1s/NS9dNyUzPLC5NKtYvLkksyUxGEdNLLAIK5aQGZyQWpeolleal5KTqZRXr6FNiVmIZklH2ubaG5uZmJiamluZmWQApDDzQ:4
[     985ms] [LOG] MNGDigisubs: Utils getDataLayerObject: looking for this dataLayer object  Page Type @ https://www.ocregister.com/_static/??-eJzTLy/QTc7PK0nNK9EvyClNz8wr1s/NS9dNyUzPLC5NKtYvLkksyUxGEdNLLAIK5aQGZyQWpeolleal5KTqZRXr6FNiVmIZklH2ubaG5uZmJiamluZmWQApDDzQ:4
[     985ms] [LOG] MNGDigisubs: Utils getDataLayerObject: here is dataLayer length  2 @ https://www.ocregister.com/_static/??-eJzTLy/QTc7PK0nNK9EvyClNz8wr1s/NS9dNyUzPLC5NKtYvLkksyUxGEdNLLAIK5aQGZyQWpeolleal5KTqZRXr6FNiVmIZklH2ubaG5uZmJiamluZmWQApDDzQ:4
[     985ms] [LOG] MNGDigisubs: Utils dataLayerLoop:  look for this element  {quantcast: p-4ctCQwtnNBNs2, quantcast label: LANewsGroup, comscore: 6035443, Publisher Domain: ocregister.com, Publisher Product: ocregister.com} @ https://www.ocregister.com/_static/??-eJzTLy/QTc7PK0nNK9EvyClNz8wr1s/NS9dNyUzPLC5NKtYvLkksyUxGEdNLLAIK5aQGZyQWpeolleal5KTqZRXr6FNiVmIZklH2ubaG5uZmJiamluZmWQApDDzQ:4
[     985ms] [LOG] MNGDigisubs: Utils dataLayerLoop: found  article @ https://www.ocregister.com/_static/??-eJzTLy/QTc7PK0nNK9EvyClNz8wr1s/NS9dNyUzPLC5NKtYvLkksyUxGEdNLLAIK5aQGZyQWpeolleal5KTqZRXr6FNiVmIZklH2ubaG5uZmJiamluZmWQApDDzQ:4
[     985ms] [LOG] MNGDigisubs: utils | pageType: page type is  article @ https://www.ocregister.com/_static/??-eJzTLy/QTc7PK0nNK9EvyClNz8wr1s/NS9dNyUzPLC5NKtYvLkksyUxGEdNLLAIK5aQGZyQWpeolleal5KTqZRXr6FNiVmIZklH2ubaG5uZmJiamluZmWQApDDzQ:4
[     986ms] [LOG] [MNG Cache Control AdminBar] Initializing... @ https://www.ocregister.com/wp-content/plugins/mng-cache-control/Src/assets/dist/mng-cache-control-adminbar.js?ver=0.2.1:4
[    1105ms] TypeError: Cannot read properties of null (reading 'querySelector')
    at initialize (https://www.ocregister.com/wp-content/plugins/mng-cache-control/Src/assets/dist/mng-cache-control-adminbar.js?ver=0.2.1:8:40)
    at MNG_Cache_Control_AdminBar (https://www.ocregister.com/wp-content/plugins/mng-cache-control/Src/assets/dist/mng-cache-control-adminbar.js?ver=0.2.1:101:3)
    at HTMLDocument.<anonymous> (https://www.ocregister.com/wp-content/plugins/mng-cache-control/Src/assets/dist/mng-cache-control-adminbar.js?ver=0.2.1:107:7)
[     992ms] [LOG] MNGDigisubs: Ad Free Check: :  null @ https://www.ocregister.com/wp-content/plugins/mng-digisubs/static/mng-digisubs.apple.bundle.js?m=1776445976g:1
[     993ms] [LOG] MNGDigisubs: UIHandler:  Waiting for the body to load... @ https://www.ocregister.com/_static/??-eJyl0MEKwzAIANAfWiKDrmGHset+I02kGBJbqmH7/NljT4P1IKLoE4T36tLCiqyw1j4TCzSeXaaZpE8ColEpHXq+RWI/dc4VfZEL/GPYAuNHzzI2TFqxWZazVqdX3IHtBySk6A7FkjY0RHGDbAmKXdt/1CyKPNvjGsI4DLd7GMsXV/iLXg==:10
[     993ms] [LOG] MNGDigisubs: UIHandler:  setup @ https://www.ocregister.com/_static/??-eJyl0MEKwzAIANAfWiKDrmGHset+I02kGBJbqmH7/NljT4P1IKLoE4T36tLCiqyw1j4TCzSeXaaZpE8ColEpHXq+RWI/dc4VfZEL/GPYAuNHzzI2TFqxWZazVqdX3IHtBySk6A7FkjY0RHGDbAmKXdt/1CyKPNvjGsI4DLd7GMsXV/iLXg==:10
[     993ms] [LOG] MNGDigisubs: utils | Authentication already ready:  {isAuthenticated: false, idToken: null, accessToken: false, claims: undefined} @ https://www.ocregister.com/_static/??-eJyl0MEKwzAIANAfWiKDrmGHset+I02kGBJbqmH7/NljT4P1IKLoE4T36tLCiqyw1j4TCzSeXaaZpE8ColEpHXq+RWI/dc4VfZEL/GPYAuNHzzI2TFqxWZazVqdX3IHtBySk6A7FkjY0RHGDbAmKXdt/1CyKPNvjGsI4DLd7GMsXV/iLXg==:10
[     994ms] [LOG] MNGDigisubs: Unable to parse idToken:  null  Error:  InvalidTokenError: Invalid token specified: must be a string
    at https://www.ocregister.com/_static/??-eJyl0MEKwzAIANAfWiKDrmGHset+I02kGBJbqmH7/NljT4P1IKLoE4T36tLCiqyw1j4TCzSeXaaZpE8ColEpHXq+RWI/dc4VfZEL/GPYAuNHzzI2TFqxWZazVqdX3IHtBySk6A7FkjY0RHGDbAmKXdt/1CyKPNvjGsI4DLd7GMsXV/iLXg==:11:249479
    at ou (https://www.ocregister.com/_static/??-eJyl0MEKwzAIANAfWiKDrmGHset+I02kGBJbqmH7/NljT4P1IKLoE4T36tLCiqyw1j4TCzSeXaaZpE8ColEpHXq+RWI/dc4VfZEL/GPYAuNHzzI2TFqxWZazVqdX3IHtBySk6A7FkjY0RHGDbAmKXdt/1CyKPNvjGsI4DLd7GMsXV/iLXg==:11:249900)
    at https://www.ocregister.com/_static/??-eJyl0MEKwzAIANAfWiKDrmGHset+I02kGBJbqmH7/NljT4P1IKLoE4T36tLCiqyw1j4TCzSeXaaZpE8ColEpHXq+RWI/dc4VfZEL/GPYAuNHzzI2TFqxWZazVqdX3IHtBySk6A7FkjY0RHGDbAmKXdt/1CyKPNvjGsI4DLd7GMsXV/iLXg==:11:296546
    at https://www.ocregister.com/_static/??-eJyl0MEKwzAIANAfWiKDrmGHset+I02kGBJbqmH7/NljT4P1IKLoE4T36tLCiqyw1j4TCzSeXaaZpE8ColEpHXq+RWI/dc4VfZEL/GPYAuNHzzI2TFqxWZazVqdX3IHtBySk6A7FkjY0RHGDbAmKXdt/1CyKPNvjGsI4DLd7GMsXV/iLXg==:11:31682
    at Generator.<anonymous> (https://www.ocregister.com/_static/??-eJyl0MEKwzAIANAfWiKDrmGHset+I02kGBJbqmH7/NljT4P1IKLoE4T36tLCiqyw1j4TCzSeXaaZpE8ColEpHXq+RWI/dc4VfZEL/GPYAuNHzzI2TFqxWZazVqdX3IHtBySk6A7FkjY0RHGDbAmKXdt/1CyKPNvjGsI4DLd7GMsXV/iLXg==:11:28443)
    at Generator.next (https://www.ocregister.com/_static/??-eJyl0MEKwzAIANAfWiKDrmGHset+I02kGBJbqmH7/NljT4P1IKLoE4T36tLCiqyw1j4TCzSeXaaZpE8ColEpHXq+RWI/dc4VfZEL/GPYAuNHzzI2TFqxWZazVqdX3IHtBySk6A7FkjY0RHGDbAmKXdt/1CyKPNvjGsI4DLd7GMsXV/iLXg==:11:30391)
    at t (https://www.ocregister.com/_static/??-eJyl0MEKwzAIANAfWiKDrmGHset+I02kGBJbqmH7/NljT4P1IKLoE4T36tLCiqyw1j4TCzSeXaaZpE8ColEpHXq+RWI/dc4VfZEL/GPYAuNHzzI2TFqxWZazVqdX3IHtBySk6A7FkjY0RHGDbAmKXdt/1CyKPNvjGsI4DLd7GMsXV/iLXg==:11:37235)
    at s (https://www.ocregister.com/_static/??-eJyl0MEKwzAIANAfWiKDrmGHset+I02kGBJbqmH7/NljT4P1IKLoE4T36tLCiqyw1j4TCzSeXaaZpE8ColEpHXq+RWI/dc4VfZEL/GPYAuNHzzI2TFqxWZazVqdX3IHtBySk6A7FkjY0RHGDbAmKXdt/1CyKPNvjGsI4DLd7GMsXV/iLXg==:11:37437) @ https://www.ocregister.com/_static/??-eJyl0MEKwzAIANAfWiKDrmGHset+I02kGBJbqmH7/NljT4P1IKLoE4T36tLCiqyw1j4TCzSeXaaZpE8ColEpHXq+RWI/dc4VfZEL/GPYAuNHzzI2TFqxWZazVqdX3IHtBySk6A7FkjY0RHGDbAmKXdt/1CyKPNvjGsI4DLd7GMsXV/iLXg==:10
[    1084ms] [LOG] [ProgrammaticStretch] Listener registered — waiting for programmaticStretch messages. @ https://htlbid.com/v3/ocregister.com/htlbid.js?ver=6.9.4:1
[    1086ms] [LOG] MNGDigisubs: Setting local storage session {"accessToken":null,"idToken":null,"entitlementToken":null,"expiration":null,"entitlementSource":null,"isEntitled":null,"adFree":null,"entitlementLevel":null} @ https://www.ocregister.com/_static/??-eJyl0MEKwzAIANAfWiKDrmGHset+I02kGBJbqmH7/NljT4P1IKLoE4T36tLCiqyw1j4TCzSeXaaZpE8ColEpHXq+RWI/dc4VfZEL/GPYAuNHzzI2TFqxWZazVqdX3IHtBySk6A7FkjY0RHGDbAmKXdt/1CyKPNvjGsI4DLd7GMsXV/iLXg==:7
[    1086ms] [LOG] MNGDigisubs: Returning session:  null null null @ https://www.ocregister.com/_static/??-eJyl0MEKwzAIANAfWiKDrmGHset+I02kGBJbqmH7/NljT4P1IKLoE4T36tLCiqyw1j4TCzSeXaaZpE8ColEpHXq+RWI/dc4VfZEL/GPYAuNHzzI2TFqxWZazVqdX3IHtBySk6A7FkjY0RHGDbAmKXdt/1CyKPNvjGsI4DLd7GMsXV/iLXg==:7
[    1086ms] [LOG] MNGDigisubs: User is not logged in, skipping entitlement flow. @ https://www.ocregister.com/_static/??-eJyl0MEKwzAIANAfWiKDrmGHset+I02kGBJbqmH7/NljT4P1IKLoE4T36tLCiqyw1j4TCzSeXaaZpE8ColEpHXq+RWI/dc4VfZEL/GPYAuNHzzI2TFqxWZazVqdX3IHtBySk6A7FkjY0RHGDbAmKXdt/1CyKPNvjGsI4DLd7GMsXV/iLXg==:7
[    1086ms] [LOG] MNGDigisubs: Attempting to broadcast entitlements ready... false @ https://www.ocregister.com/_static/??-eJyl0MEKwzAIANAfWiKDrmGHset+I02kGBJbqmH7/NljT4P1IKLoE4T36tLCiqyw1j4TCzSeXaaZpE8ColEpHXq+RWI/dc4VfZEL/GPYAuNHzzI2TFqxWZazVqdX3IHtBySk6A7FkjY0RHGDbAmKXdt/1CyKPNvjGsI4DLd7GMsXV/iLXg==:7
[    1087ms] [LOG] MNGDigisubs: Dispatching entitlementsReady Event:  CustomEvent @ https://www.ocregister.com/_static/??-eJyl0MEKwzAIANAfWiKDrmGHset+I02kGBJbqmH7/NljT4P1IKLoE4T36tLCiqyw1j4TCzSeXaaZpE8ColEpHXq+RWI/dc4VfZEL/GPYAuNHzzI2TFqxWZazVqdX3IHtBySk6A7FkjY0RHGDbAmKXdt/1CyKPNvjGsI4DLd7GMsXV/iLXg==:7
[    1087ms] [LOG] MNGDigisubs: Received entitlementsReady event: {token: false} @ https://www.ocregister.com/_static/??-eJzTLy/QTc7PK0nNK9EvyClNz8wr1s/NS9dNyUzPLC5NKtYvLkksyUxGEdNLLAIK5aQGZyQWpeolleal5KTqZRXr6FNiVmIZklH2ubaG5uZmJiamluZmWQApDDzQ:1
[    1087ms] [LOG] MNGDigisubs: Received entitlementsReady event: {token: false} @ https://www.ocregister.com/_static/??-eJyl0MEKwzAIANAfWiKDrmGHset+I02kGBJbqmH7/NljT4P1IKLoE4T36tLCiqyw1j4TCzSeXaaZpE8ColEpHXq+RWI/dc4VfZEL/GPYAuNHzzI2TFqxWZazVqdX3IHtBySk6A7FkjY0RHGDbAmKXdt/1CyKPNvjGsI4DLd7GMsXV/iLXg==:1
[    1087ms] [LOG] MNGDigisubs: Received entitlementsReady event: {token: false} @ https://www.ocregister.com/_static/??-eJzTLy/QTc7PK0nNK9EvyClNz8wr1s/NS9dNyUzPLC5NKtYvLkksyUxGEdNLLAIK5aQGZyQWpeolleal5KTqZRXr6FNiVmIZklH2ubaG5uZmJiamluZmWQApDDzQ:4
[    1087ms] [LOG] MNGDigisubs: Received entitlementsReady event: {token: false} @ https://www.ocregister.com/_static/??-eJyl0MEKwzAIANAfWiKDrmGHset+I02kGBJbqmH7/NljT4P1IKLoE4T36tLCiqyw1j4TCzSeXaaZpE8ColEpHXq+RWI/dc4VfZEL/GPYAuNHzzI2TFqxWZazVqdX3IHtBySk6A7FkjY0RHGDbAmKXdt/1CyKPNvjGsI4DLd7GMsXV/iLXg==:10
[    1087ms] [LOG] MNGDigisubs: Dispatched entitlementsReady event @ https://www.ocregister.com/_static/??-eJyl0MEKwzAIANAfWiKDrmGHset+I02kGBJbqmH7/NljT4P1IKLoE4T36tLCiqyw1j4TCzSeXaaZpE8ColEpHXq+RWI/dc4VfZEL/GPYAuNHzzI2TFqxWZazVqdX3IHtBySk6A7FkjY0RHGDbAmKXdt/1CyKPNvjGsI4DLd7GMsXV/iLXg==:7
[    1087ms] [LOG] MNGDigisubs: Islands not ready @ https://www.ocregister.com/_static/??-eJyl0MEKwzAIANAfWiKDrmGHset+I02kGBJbqmH7/NljT4P1IKLoE4T36tLCiqyw1j4TCzSeXaaZpE8ColEpHXq+RWI/dc4VfZEL/GPYAuNHzzI2TFqxWZazVqdX3IHtBySk6A7FkjY0RHGDbAmKXdt/1CyKPNvjGsI4DLd7GMsXV/iLXg==:7
[    1087ms] [LOG] MNGDigisubs: article sharing: not a logged in or a subscriber, show marketing message and check for share code @ https://www.ocregister.com/_static/??-eJzTLy/QTc7PK0nNK9EvyClNz8wr1s/NS9dNyUzPLC5NKtYvLkksyUxGEdNLLAIK5aQGZyQWpeolleal5KTqZRXr6FNiVmIZklH2ubaG5uZmJiamluZmWQApDDzQ:1
[    1087ms] [LOG] MNGDigisubs: article sharing: code check: checking free article code @ https://www.ocregister.com/_static/??-eJzTLy/QTc7PK0nNK9EvyClNz8wr1s/NS9dNyUzPLC5NKtYvLkksyUxGEdNLLAIK5aQGZyQWpeolleal5KTqZRXr6FNiVmIZklH2ubaG5uZmJiamluZmWQApDDzQ:1
[    1087ms] [LOG] MNGDigisubs: Utils digisubsDataLayerLoaded:  Document is in interactive state, resolving. @ https://www.ocregister.com/_static/??-eJzTLy/QTc7PK0nNK9EvyClNz8wr1s/NS9dNyUzPLC5NKtYvLkksyUxGEdNLLAIK5aQGZyQWpeolleal5KTqZRXr6FNiVmIZklH2ubaG5uZmJiamluZmWQApDDzQ:1
[    1087ms] [LOG] MNGDigisubs: Article Saving | not a premium subscriber, exit @ https://www.ocregister.com/_static/??-eJzTLy/QTc7PK0nNK9EvyClNz8wr1s/NS9dNyUzPLC5NKtYvLkksyUxGEdNLLAIK5aQGZyQWpeolleal5KTqZRXr6FNiVmIZklH2ubaG5uZmJiamluZmWQApDDzQ:4
[    1087ms] [LOG] MNGDigisubs: Utils getDataLayerObject: looking for this dataLayer object  Content ID @ https://www.ocregister.com/_static/??-eJzTLy/QTc7PK0nNK9EvyClNz8wr1s/NS9dNyUzPLC5NKtYvLkksyUxGEdNLLAIK5aQGZyQWpeolleal5KTqZRXr6FNiVmIZklH2ubaG5uZmJiamluZmWQApDDzQ:1
[    1087ms] [LOG] MNGDigisubs: Utils getDataLayerObject: here is dataLayer length  2 @ https://www.ocregister.com/_static/??-eJzTLy/QTc7PK0nNK9EvyClNz8wr1s/NS9dNyUzPLC5NKtYvLkksyUxGEdNLLAIK5aQGZyQWpeolleal5KTqZRXr6FNiVmIZklH2ubaG5uZmJiamluZmWQApDDzQ:1
[    1087ms] [LOG] MNGDigisubs: Utils dataLayerLoop:  look for this element  {quantcast: p-4ctCQwtnNBNs2, quantcast label: LANewsGroup, comscore: 6035443, Publisher Domain: ocregister.com, Publisher Product: ocregister.com} @ https://www.ocregister.com/_static/??-eJzTLy/QTc7PK0nNK9EvyClNz8wr1s/NS9dNyUzPLC5NKtYvLkksyUxGEdNLLAIK5aQGZyQWpeolleal5KTqZRXr6FNiVmIZklH2ubaG5uZmJiamluZmWQApDDzQ:1
[    1087ms] [LOG] MNGDigisubs: Utils dataLayerLoop: found  8847205 @ https://www.ocregister.com/_static/??-eJzTLy/QTc7PK0nNK9EvyClNz8wr1s/NS9dNyUzPLC5NKtYvLkksyUxGEdNLLAIK5aQGZyQWpeolleal5KTqZRXr6FNiVmIZklH2ubaG5uZmJiamluZmWQApDDzQ:1
[    1088ms] [LOG] MNGDigisubs: ANALYTICS: user state variables are:   unknown undefined @ https://www.ocregister.com/_static/??-eJyl0MEKwzAIANAfWiKDrmGHset+I02kGBJbqmH7/NljT4P1IKLoE4T36tLCiqyw1j4TCzSeXaaZpE8ColEpHXq+RWI/dc4VfZEL/GPYAuNHzzI2TFqxWZazVqdX3IHtBySk6A7FkjY0RHGDbAmKXdt/1CyKPNvjGsI4DLd7GMsXV/iLXg==:1
[    1088ms] [LOG] MNGDigisubs: ANALYTICS: user state is  unknown @ https://www.ocregister.com/_static/??-eJyl0MEKwzAIANAfWiKDrmGHset+I02kGBJbqmH7/NljT4P1IKLoE4T36tLCiqyw1j4TCzSeXaaZpE8ColEpHXq+RWI/dc4VfZEL/GPYAuNHzzI2TFqxWZazVqdX3IHtBySk6A7FkjY0RHGDbAmKXdt/1CyKPNvjGsI4DLd7GMsXV/iLXg==:1
[    1088ms] [LOG] MNGDigisubs: ANALYTICS: SSPW is active, setting up analytics events. @ https://www.ocregister.com/_static/??-eJyl0MEKwzAIANAfWiKDrmGHset+I02kGBJbqmH7/NljT4P1IKLoE4T36tLCiqyw1j4TCzSeXaaZpE8ColEpHXq+RWI/dc4VfZEL/GPYAuNHzzI2TFqxWZazVqdX3IHtBySk6A7FkjY0RHGDbAmKXdt/1CyKPNvjGsI4DLd7GMsXV/iLXg==:1
[    1088ms] [LOG] MNGDigisubs: sspwG2iMeterEvent: initializing sspwG2iMeterEvent function @ https://www.ocregister.com/_static/??-eJyl0MEKwzAIANAfWiKDrmGHset+I02kGBJbqmH7/NljT4P1IKLoE4T36tLCiqyw1j4TCzSeXaaZpE8ColEpHXq+RWI/dc4VfZEL/GPYAuNHzzI2TFqxWZazVqdX3IHtBySk6A7FkjY0RHGDbAmKXdt/1CyKPNvjGsI4DLd7GMsXV/iLXg==:1
[    1088ms] [LOG] MNGDigisubs: Utils digisubsDataLayerLoaded:  Document is in interactive state, resolving. @ https://www.ocregister.com/_static/??-eJyl0MEKwzAIANAfWiKDrmGHset+I02kGBJbqmH7/NljT4P1IKLoE4T36tLCiqyw1j4TCzSeXaaZpE8ColEpHXq+RWI/dc4VfZEL/GPYAuNHzzI2TFqxWZazVqdX3IHtBySk6A7FkjY0RHGDbAmKXdt/1CyKPNvjGsI4DLd7GMsXV/iLXg==:1
[    1088ms] [LOG] MNGDigisubs: Util.js | home paper: Home paper is not set  ocregister.com @ https://www.ocregister.com/_static/??-eJyl0MEKwzAIANAfWiKDrmGHset+I02kGBJbqmH7/NljT4P1IKLoE4T36tLCiqyw1j4TCzSeXaaZpE8ColEpHXq+RWI/dc4VfZEL/GPYAuNHzzI2TFqxWZazVqdX3IHtBySk6A7FkjY0RHGDbAmKXdt/1CyKPNvjGsI4DLd7GMsXV/iLXg==:10
[    1088ms] [LOG] MNGDigisubs: UIHandler:  show login buttons @ https://www.ocregister.com/_static/??-eJyl0MEKwzAIANAfWiKDrmGHset+I02kGBJbqmH7/NljT4P1IKLoE4T36tLCiqyw1j4TCzSeXaaZpE8ColEpHXq+RWI/dc4VfZEL/GPYAuNHzzI2TFqxWZazVqdX3IHtBySk6A7FkjY0RHGDbAmKXdt/1CyKPNvjGsI4DLd7GMsXV/iLXg==:10
[    1088ms] [LOG] MNGDigisubs: UIHandler:  engage overrides showing block:  engageLoginLink @ https://www.ocregister.com/_static/??-eJyl0MEKwzAIANAfWiKDrmGHset+I02kGBJbqmH7/NljT4P1IKLoE4T36tLCiqyw1j4TCzSeXaaZpE8ColEpHXq+RWI/dc4VfZEL/GPYAuNHzzI2TFqxWZazVqdX3IHtBySk6A7FkjY0RHGDbAmKXdt/1CyKPNvjGsI4DLd7GMsXV/iLXg==:10
[    1089ms] [LOG] MNGDigisubs: article sharing: code check: url params array  [] @ https://www.ocregister.com/_static/??-eJzTLy/QTc7PK0nNK9EvyClNz8wr1s/NS9dNyUzPLC5NKtYvLkksyUxGEdNLLAIK5aQGZyQWpeolleal5KTqZRXr6FNiVmIZklH2ubaG5uZmJiamluZmWQApDDzQ:1
[    1089ms] [LOG] MNGDigisubs: No share search param @ https://www.ocregister.com/_static/??-eJzTLy/QTc7PK0nNK9EvyClNz8wr1s/NS9dNyUzPLC5NKtYvLkksyUxGEdNLLAIK5aQGZyQWpeolleal5KTqZRXr6FNiVmIZklH2ubaG5uZmJiamluZmWQApDDzQ:1
[    1089ms] [LOG] MNGDigisubs: Utils getDataLayerObject: looking for this dataLayer object  Page Type @ https://www.ocregister.com/_static/??-eJyl0MEKwzAIANAfWiKDrmGHset+I02kGBJbqmH7/NljT4P1IKLoE4T36tLCiqyw1j4TCzSeXaaZpE8ColEpHXq+RWI/dc4VfZEL/GPYAuNHzzI2TFqxWZazVqdX3IHtBySk6A7FkjY0RHGDbAmKXdt/1CyKPNvjGsI4DLd7GMsXV/iLXg==:1
[    1089ms] [LOG] MNGDigisubs: Utils getDataLayerObject: here is dataLayer length  3 @ https://www.ocregister.com/_static/??-eJyl0MEKwzAIANAfWiKDrmGHset+I02kGBJbqmH7/NljT4P1IKLoE4T36tLCiqyw1j4TCzSeXaaZpE8ColEpHXq+RWI/dc4VfZEL/GPYAuNHzzI2TFqxWZazVqdX3IHtBySk6A7FkjY0RHGDbAmKXdt/1CyKPNvjGsI4DLd7GMsXV/iLXg==:1
[    1089ms] [LOG] MNGDigisubs: Utils dataLayerLoop:  look for this element  {quantcast: p-4ctCQwtnNBNs2, quantcast label: LANewsGroup, comscore: 6035443, Publisher Domain: ocregister.com, Publisher Product: ocregister.com} @ https://www.ocregister.com/_static/??-eJyl0MEKwzAIANAfWiKDrmGHset+I02kGBJbqmH7/NljT4P1IKLoE4T36tLCiqyw1j4TCzSeXaaZpE8ColEpHXq+RWI/dc4VfZEL/GPYAuNHzzI2TFqxWZazVqdX3IHtBySk6A7FkjY0RHGDbAmKXdt/1CyKPNvjGsI4DLd7GMsXV/iLXg==:1
[    1089ms] [LOG] MNGDigisubs: Utils dataLayerLoop: found  article @ https://www.ocregister.com/_static/??-eJyl0MEKwzAIANAfWiKDrmGHset+I02kGBJbqmH7/NljT4P1IKLoE4T36tLCiqyw1j4TCzSeXaaZpE8ColEpHXq+RWI/dc4VfZEL/GPYAuNHzzI2TFqxWZazVqdX3IHtBySk6A7FkjY0RHGDbAmKXdt/1CyKPNvjGsI4DLd7GMsXV/iLXg==:1
[    1089ms] [LOG] MNGDigisubs: Article sharing: build menu here @ https://www.ocregister.com/_static/??-eJzTLy/QTc7PK0nNK9EvyClNz8wr1s/NS9dNyUzPLC5NKtYvLkksyUxGEdNLLAIK5aQGZyQWpeolleal5KTqZRXr6FNiVmIZklH2ubaG5uZmJiamluZmWQApDDzQ:1
[    1089ms] [LOG] MNGDigisubs: UIHandler:  Waiting for the body to load... @ https://www.ocregister.com/_static/??-eJzTLy/QTc7PK0nNK9EvyClNz8wr1s/NS9dNyUzPLC5NKtYvLkksyUxGEdNLLAIK5aQGZyQWpeolleal5KTqZRXr6FNiVmIZklH2ubaG5uZmJiamluZmWQApDDzQ:1
[    1089ms] [LOG] MNGDigisubs: utils | pageType: page type is  article @ https://www.ocregister.com/_static/??-eJyl0MEKwzAIANAfWiKDrmGHset+I02kGBJbqmH7/NljT4P1IKLoE4T36tLCiqyw1j4TCzSeXaaZpE8ColEpHXq+RWI/dc4VfZEL/GPYAuNHzzI2TFqxWZazVqdX3IHtBySk6A7FkjY0RHGDbAmKXdt/1CyKPNvjGsI4DLd7GMsXV/iLXg==:1
[    1089ms] [LOG] MNGDigisubs: Utils digisubsDataLayerLoaded:  Document is in interactive state, resolving. @ https://www.ocregister.com/_static/??-eJyl0MEKwzAIANAfWiKDrmGHset+I02kGBJbqmH7/NljT4P1IKLoE4T36tLCiqyw1j4TCzSeXaaZpE8ColEpHXq+RWI/dc4VfZEL/GPYAuNHzzI2TFqxWZazVqdX3IHtBySk6A7FkjY0RHGDbAmKXdt/1CyKPNvjGsI4DLd7GMsXV/iLXg==:1
[    1089ms] [LOG] MNGDigisubs: Utils getMultipleDataLayerObjects: looking for these keys  [Byline, Page Title, Section, Paywall_Level] @ https://www.ocregister.com/_static/??-eJyl0MEKwzAIANAfWiKDrmGHset+I02kGBJbqmH7/NljT4P1IKLoE4T36tLCiqyw1j4TCzSeXaaZpE8ColEpHXq+RWI/dc4VfZEL/GPYAuNHzzI2TFqxWZazVqdX3IHtBySk6A7FkjY0RHGDbAmKXdt/1CyKPNvjGsI4DLd7GMsXV/iLXg==:1
[    1089ms] [LOG] MNGDigisubs: Utils getDataLayerObjects: dataLayer length 3 @ https://www.ocregister.com/_static/??-eJyl0MEKwzAIANAfWiKDrmGHset+I02kGBJbqmH7/NljT4P1IKLoE4T36tLCiqyw1j4TCzSeXaaZpE8ColEpHXq+RWI/dc4VfZEL/GPYAuNHzzI2TFqxWZazVqdX3IHtBySk6A7FkjY0RHGDbAmKXdt/1CyKPNvjGsI4DLd7GMsXV/iLXg==:1
[    1089ms] [LOG] MNGDigisubs: Utils dataLayerLoop: look for this element  {quantcast: p-4ctCQwtnNBNs2, quantcast label: LANewsGroup, comscore: 6035443, Publisher Domain: ocregister.com, Publisher Product: ocregister.com} @ https://www.ocregister.com/_static/??-eJyl0MEKwzAIANAfWiKDrmGHset+I02kGBJbqmH7/NljT4P1IKLoE4T36tLCiqyw1j4TCzSeXaaZpE8ColEpHXq+RWI/dc4VfZEL/GPYAuNHzzI2TFqxWZazVqdX3IHtBySk6A7FkjY0RHGDbAmKXdt/1CyKPNvjGsI4DLd7GMsXV/iLXg==:1
[    1089ms] [LOG] MNGDigisubs: Utils dataLayerLoop: found Byline: Brad Johnson @ https://www.ocregister.com/_static/??-eJyl0MEKwzAIANAfWiKDrmGHset+I02kGBJbqmH7/NljT4P1IKLoE4T36tLCiqyw1j4TCzSeXaaZpE8ColEpHXq+RWI/dc4VfZEL/GPYAuNHzzI2TFqxWZazVqdX3IHtBySk6A7FkjY0RHGDbAmKXdt/1CyKPNvjGsI4DLd7GMsXV/iLXg==:1
[    1089ms] [LOG] MNGDigisubs: Utils dataLayerLoop: found Page Title: Review: 15 patios for a winter date night in Orange County @ https://www.ocregister.com/_static/??-eJyl0MEKwzAIANAfWiKDrmGHset+I02kGBJbqmH7/NljT4P1IKLoE4T36tLCiqyw1j4TCzSeXaaZpE8ColEpHXq+RWI/dc4VfZEL/GPYAuNHzzI2TFqxWZazVqdX3IHtBySk6A7FkjY0RHGDbAmKXdt/1CyKPNvjGsI4DLd7GMsXV/iLXg==:1
[    1089ms] [LOG] MNGDigisubs: Utils dataLayerLoop: found Section: Restaurants Food and Drink @ https://www.ocregister.com/_static/??-eJyl0MEKwzAIANAfWiKDrmGHset+I02kGBJbqmH7/NljT4P1IKLoE4T36tLCiqyw1j4TCzSeXaaZpE8ColEpHXq+RWI/dc4VfZEL/GPYAuNHzzI2TFqxWZazVqdX3IHtBySk6A7FkjY0RHGDbAmKXdt/1CyKPNvjGsI4DLd7GMsXV/iLXg==:1
[    1089ms] [LOG] MNGDigisubs: Utils dataLayerLoop: found Paywall_Level: metered @ https://www.ocregister.com/_static/??-eJyl0MEKwzAIANAfWiKDrmGHset+I02kGBJbqmH7/NljT4P1IKLoE4T36tLCiqyw1j4TCzSeXaaZpE8ColEpHXq+RWI/dc4VfZEL/GPYAuNHzzI2TFqxWZazVqdX3IHtBySk6A7FkjY0RHGDbAmKXdt/1CyKPNvjGsI4DLd7GMsXV/iLXg==:1
[    1090ms] [LOG] MNGDigisubs: Utils dataLayerLoop: all requested keys found, stopping search @ https://www.ocregister.com/_static/??-eJyl0MEKwzAIANAfWiKDrmGHset+I02kGBJbqmH7/NljT4P1IKLoE4T36tLCiqyw1j4TCzSeXaaZpE8ColEpHXq+RWI/dc4VfZEL/GPYAuNHzzI2TFqxWZazVqdX3IHtBySk6A7FkjY0RHGDbAmKXdt/1CyKPNvjGsI4DLd7GMsXV/iLXg==:1
[    1090ms] [LOG] MNGDigisubs: Utils getDataLayerObjects: final result {Byline: Brad Johnson, Page Title: Review: 15 patios for a winter date night in Orange County, Section: Restaurants Food and Drink, Paywall_Level: metered} @ https://www.ocregister.com/_static/??-eJyl0MEKwzAIANAfWiKDrmGHset+I02kGBJbqmH7/NljT4P1IKLoE4T36tLCiqyw1j4TCzSeXaaZpE8ColEpHXq+RWI/dc4VfZEL/GPYAuNHzzI2TFqxWZazVqdX3IHtBySk6A7FkjY0RHGDbAmKXdt/1CyKPNvjGsI4DLd7GMsXV/iLXg==:1
[    1090ms] [LOG] MNGDigisubs: sspwG2iMeterEvent: event not pushed, criteria not met @ https://www.ocregister.com/_static/??-eJyl0MEKwzAIANAfWiKDrmGHset+I02kGBJbqmH7/NljT4P1IKLoE4T36tLCiqyw1j4TCzSeXaaZpE8ColEpHXq+RWI/dc4VfZEL/GPYAuNHzzI2TFqxWZazVqdX3IHtBySk6A7FkjY0RHGDbAmKXdt/1CyKPNvjGsI4DLd7GMsXV/iLXg==:1
[    1095ms] [LOG] MNGDigisubs: Utils getDataLayerObject: looking for this dataLayer object  Section @ https://www.ocregister.com/_static/??-eJyNzEEOAiEMheELCY3JOMSFceFJGMChSAuxJXN9R3cmLty9vOT7YesmNNbECr2OFVkg3sn4aKjFfaMoFIGcpd5yCg9LyLbIAX5A4tVEXFHGIuBFksrbSusZgbzm9Pybi3rF8PXZT8gug2NNe+RKl6Nz8zSdzm4uL/+sSmE=:5
[    1095ms] [LOG] MNGDigisubs: Utils getDataLayerObject: here is dataLayer length  3 @ https://www.ocregister.com/_static/??-eJyNzEEOAiEMheELCY3JOMSFceFJGMChSAuxJXN9R3cmLty9vOT7YesmNNbECr2OFVkg3sn4aKjFfaMoFIGcpd5yCg9LyLbIAX5A4tVEXFHGIuBFksrbSusZgbzm9Pybi3rF8PXZT8gug2NNe+RKl6Nz8zSdzm4uL/+sSmE=:5
[    1095ms] [LOG] MNGDigisubs: Utils dataLayerLoop:  look for this element  {quantcast: p-4ctCQwtnNBNs2, quantcast label: LANewsGroup, comscore: 6035443, Publisher Domain: ocregister.com, Publisher Product: ocregister.com} @ https://www.ocregister.com/_static/??-eJyNzEEOAiEMheELCY3JOMSFceFJGMChSAuxJXN9R3cmLty9vOT7YesmNNbECr2OFVkg3sn4aKjFfaMoFIGcpd5yCg9LyLbIAX5A4tVEXFHGIuBFksrbSusZgbzm9Pybi3rF8PXZT8gug2NNe+RKl6Nz8zSdzm4uL/+sSmE=:5
[    1095ms] [LOG] MNGDigisubs: Utils dataLayerLoop: found  Restaurants Food and Drink @ https://www.ocregister.com/_static/??-eJyNzEEOAiEMheELCY3JOMSFceFJGMChSAuxJXN9R3cmLty9vOT7YesmNNbECr2OFVkg3sn4aKjFfaMoFIGcpd5yCg9LyLbIAX5A4tVEXFHGIuBFksrbSusZgbzm9Pybi3rF8PXZT8gug2NNe+RKl6Nz8zSdzm4uL/+sSmE=:5
[    1095ms] [LOG] MNGDigisubs: utils | section: Section is  Restaurants Food and Drink @ https://www.ocregister.com/_static/??-eJyNzEEOAiEMheELCY3JOMSFceFJGMChSAuxJXN9R3cmLty9vOT7YesmNNbECr2OFVkg3sn4aKjFfaMoFIGcpd5yCg9LyLbIAX5A4tVEXFHGIuBFksrbSusZgbzm9Pybi3rF8PXZT8gug2NNe+RKl6Nz8zSdzm4uL/+sSmE=:5
[    1095ms] [LOG] MNGDigisubs: Utils digisubsDataLayerLoaded:  Document is in interactive state, resolving. @ https://www.ocregister.com/_static/??-eJyNzEEOAiEMheELCY3JOMSFceFJGMChSAuxJXN9R3cmLty9vOT7YesmNNbECr2OFVkg3sn4aKjFfaMoFIGcpd5yCg9LyLbIAX5A4tVEXFHGIuBFksrbSusZgbzm9Pybi3rF8PXZT8gug2NNe+RKl6Nz8zSdzm4uL/+sSmE=:5
[    1095ms] [LOG] MNGDigisubs: Utils getDataLayerObject: looking for this dataLayer object  Page Type @ https://www.ocregister.com/_static/??-eJyNzEEOAiEMheELCY3JOMSFceFJGMChSAuxJXN9R3cmLty9vOT7YesmNNbECr2OFVkg3sn4aKjFfaMoFIGcpd5yCg9LyLbIAX5A4tVEXFHGIuBFksrbSusZgbzm9Pybi3rF8PXZT8gug2NNe+RKl6Nz8zSdzm4uL/+sSmE=:5
[    1095ms] [LOG] MNGDigisubs: Utils getDataLayerObject: here is dataLayer length  3 @ https://www.ocregister.com/_static/??-eJyNzEEOAiEMheELCY3JOMSFceFJGMChSAuxJXN9R3cmLty9vOT7YesmNNbECr2OFVkg3sn4aKjFfaMoFIGcpd5yCg9LyLbIAX5A4tVEXFHGIuBFksrbSusZgbzm9Pybi3rF8PXZT8gug2NNe+RKl6Nz8zSdzm4uL/+sSmE=:5
[    1095ms] [LOG] MNGDigisubs: Utils dataLayerLoop:  look for this element  {quantcast: p-4ctCQwtnNBNs2, quantcast label: LANewsGroup, comscore: 6035443, Publisher Domain: ocregister.com, Publisher Product: ocregister.com} @ https://www.ocregister.com/_static/??-eJyNzEEOAiEMheELCY3JOMSFceFJGMChSAuxJXN9R3cmLty9vOT7YesmNNbECr2OFVkg3sn4aKjFfaMoFIGcpd5yCg9LyLbIAX5A4tVEXFHGIuBFksrbSusZgbzm9Pybi3rF8PXZT8gug2NNe+RKl6Nz8zSdzm4uL/+sSmE=:5
[    1095ms] [LOG] MNGDigisubs: Utils dataLayerLoop: found  article @ https://www.ocregister.com/_static/??-eJyNzEEOAiEMheELCY3JOMSFceFJGMChSAuxJXN9R3cmLty9vOT7YesmNNbECr2OFVkg3sn4aKjFfaMoFIGcpd5yCg9LyLbIAX5A4tVEXFHGIuBFksrbSusZgbzm9Pybi3rF8PXZT8gug2NNe+RKl6Nz8zSdzm4uL/+sSmE=:5
[    1095ms] [LOG] MNGDigisubs: utils | pageType: page type is  article @ https://www.ocregister.com/_static/??-eJyNzEEOAiEMheELCY3JOMSFceFJGMChSAuxJXN9R3cmLty9vOT7YesmNNbECr2OFVkg3sn4aKjFfaMoFIGcpd5yCg9LyLbIAX5A4tVEXFHGIuBFksrbSusZgbzm9Pybi3rF8PXZT8gug2NNe+RKl6Nz8zSdzm4uL/+sSmE=:5
[    1095ms] [LOG] MNGDigisubs: Sophi:  On-Device module is enabled. @ https://www.ocregister.com/_static/??-eJyNzEEOAiEMheELCY3JOMSFceFJGMChSAuxJXN9R3cmLty9vOT7YesmNNbECr2OFVkg3sn4aKjFfaMoFIGcpd5yCg9LyLbIAX5A4tVEXFHGIuBFksrbSusZgbzm9Pybi3rF8PXZT8gug2NNe+RKl6Nz8zSdzm4uL/+sSmE=:5
[    1095ms] [LOG] MNGDigisubs: Sophi:  Setting up listeners for demeter... @ https://www.ocregister.com/_static/??-eJyNzEEOAiEMheELCY3JOMSFceFJGMChSAuxJXN9R3cmLty9vOT7YesmNNbECr2OFVkg3sn4aKjFfaMoFIGcpd5yCg9LyLbIAX5A4tVEXFHGIuBFksrbSusZgbzm9Pybi3rF8PXZT8gug2NNe+RKl6Nz8zSdzm4uL/+sSmE=:5
[    1095ms] [LOG] MNGDigisubs: Sophi:  demeter pagetype tracking sent, pagetype is article and section is Restaurants Food and Drink @ https://www.ocregister.com/_static/??-eJyNzEEOAiEMheELCY3JOMSFceFJGMChSAuxJXN9R3cmLty9vOT7YesmNNbECr2OFVkg3sn4aKjFfaMoFIGcpd5yCg9LyLbIAX5A4tVEXFHGIuBFksrbSusZgbzm9Pybi3rF8PXZT8gug2NNe+RKl6Nz8zSdzm4uL/+sSmE=:5
[    1096ms] [LOG] MNGDigisubs: Sophi:  adding paywall listener @ https://www.ocregister.com/_static/??-eJyNzEEOAiEMheELCY3JOMSFceFJGMChSAuxJXN9R3cmLty9vOT7YesmNNbECr2OFVkg3sn4aKjFfaMoFIGcpd5yCg9LyLbIAX5A4tVEXFHGIuBFksrbSusZgbzm9Pybi3rF8PXZT8gug2NNe+RKl6Nz8zSdzm4uL/+sSmE=:5
[    1096ms] [LOG] MNGDigisubs: utils | Authentication already ready:  {isAuthenticated: false, idToken: null, accessToken: false, claims: undefined} @ https://www.ocregister.com/_static/??-eJyNzEEOAiEMheELCY3JOMSFceFJGMChSAuxJXN9R3cmLty9vOT7YesmNNbECr2OFVkg3sn4aKjFfaMoFIGcpd5yCg9LyLbIAX5A4tVEXFHGIuBFksrbSusZgbzm9Pybi3rF8PXZT8gug2NNe+RKl6Nz8zSdzm4uL/+sSmE=:5
[    1096ms] [LOG] MNGDigisubs: Sophi:  demeter userProperties tracking sent, user type is anonymous @ https://www.ocregister.com/_static/??-eJyNzEEOAiEMheELCY3JOMSFceFJGMChSAuxJXN9R3cmLty9vOT7YesmNNbECr2OFVkg3sn4aKjFfaMoFIGcpd5yCg9LyLbIAX5A4tVEXFHGIuBFksrbSusZgbzm9Pybi3rF8PXZT8gug2NNe+RKl6Nz8zSdzm4uL/+sSmE=:5
[    1096ms] [LOG] MNGDigisubs: Sophi:  About to setup Sophi decision. @ https://www.ocregister.com/_static/??-eJyNzEEOAiEMheELCY3JOMSFceFJGMChSAuxJXN9R3cmLty9vOT7YesmNNbECr2OFVkg3sn4aKjFfaMoFIGcpd5yCg9LyLbIAX5A4tVEXFHGIuBFksrbSusZgbzm9Pybi3rF8PXZT8gug2NNe+RKl6Nz8zSdzm4uL/+sSmE=:5
[    1096ms] [LOG] MNGDigisubs: Entitlements already present: {token: false} @ https://www.ocregister.com/_static/??-eJyNzEEOAiEMheELCY3JOMSFceFJGMChSAuxJXN9R3cmLty9vOT7YesmNNbECr2OFVkg3sn4aKjFfaMoFIGcpd5yCg9LyLbIAX5A4tVEXFHGIuBFksrbSusZgbzm9Pybi3rF8PXZT8gug2NNe+RKl6Nz8zSdzm4uL/+sSmE=:5
[    1096ms] [LOG] MNGDigisubs: Sophi:  visitorType is anonymous @ https://www.ocregister.com/_static/??-eJyNzEEOAiEMheELCY3JOMSFceFJGMChSAuxJXN9R3cmLty9vOT7YesmNNbECr2OFVkg3sn4aKjFfaMoFIGcpd5yCg9LyLbIAX5A4tVEXFHGIuBFksrbSusZgbzm9Pybi3rF8PXZT8gug2NNe+RKl6Nz8zSdzm4uL/+sSmE=:5
[    1096ms] [LOG] MNGDigisubs: Utils digisubsDataLayerLoaded:  Document is in interactive state, resolving. @ https://www.ocregister.com/_static/??-eJyNzEEOAiEMheELCY3JOMSFceFJGMChSAuxJXN9R3cmLty9vOT7YesmNNbECr2OFVkg3sn4aKjFfaMoFIGcpd5yCg9LyLbIAX5A4tVEXFHGIuBFksrbSusZgbzm9Pybi3rF8PXZT8gug2NNe+RKl6Nz8zSdzm4uL/+sSmE=:5
[    1096ms] [LOG] MNGDigisubs: Utils getDataLayerObject: looking for this dataLayer object  Page Type @ https://www.ocregister.com/_static/??-eJyNzEEOAiEMheELCY3JOMSFceFJGMChSAuxJXN9R3cmLty9vOT7YesmNNbECr2OFVkg3sn4aKjFfaMoFIGcpd5yCg9LyLbIAX5A4tVEXFHGIuBFksrbSusZgbzm9Pybi3rF8PXZT8gug2NNe+RKl6Nz8zSdzm4uL/+sSmE=:5
[    1096ms] [LOG] MNGDigisubs: Utils getDataLayerObject: here is dataLayer length  3 @ https://www.ocregister.com/_static/??-eJyNzEEOAiEMheELCY3JOMSFceFJGMChSAuxJXN9R3cmLty9vOT7YesmNNbECr2OFVkg3sn4aKjFfaMoFIGcpd5yCg9LyLbIAX5A4tVEXFHGIuBFksrbSusZgbzm9Pybi3rF8PXZT8gug2NNe+RKl6Nz8zSdzm4uL/+sSmE=:5
[    1096ms] [LOG] MNGDigisubs: Utils dataLayerLoop:  look for this element  {quantcast: p-4ctCQwtnNBNs2, quantcast label: LANewsGroup, comscore: 6035443, Publisher Domain: ocregister.com, Publisher Product: ocregister.com} @ https://www.ocregister.com/_static/??-eJyNzEEOAiEMheELCY3JOMSFceFJGMChSAuxJXN9R3cmLty9vOT7YesmNNbECr2OFVkg3sn4aKjFfaMoFIGcpd5yCg9LyLbIAX5A4tVEXFHGIuBFksrbSusZgbzm9Pybi3rF8PXZT8gug2NNe+RKl6Nz8zSdzm4uL/+sSmE=:5
[    1096ms] [LOG] MNGDigisubs: Utils dataLayerLoop: found  article @ https://www.ocregister.com/_static/??-eJyNzEEOAiEMheELCY3JOMSFceFJGMChSAuxJXN9R3cmLty9vOT7YesmNNbECr2OFVkg3sn4aKjFfaMoFIGcpd5yCg9LyLbIAX5A4tVEXFHGIuBFksrbSusZgbzm9Pybi3rF8PXZT8gug2NNe+RKl6Nz8zSdzm4uL/+sSmE=:5
[    1096ms] [LOG] MNGDigisubs: utils | pageType: page type is  article @ https://www.ocregister.com/_static/??-eJyNzEEOAiEMheELCY3JOMSFceFJGMChSAuxJXN9R3cmLty9vOT7YesmNNbECr2OFVkg3sn4aKjFfaMoFIGcpd5yCg9LyLbIAX5A4tVEXFHGIuBFksrbSusZgbzm9Pybi3rF8PXZT8gug2NNe+RKl6Nz8zSdzm4uL/+sSmE=:5
[    1096ms] [LOG] MNGDigisubs: Utils digisubsDataLayerLoaded:  Document is in interactive state, resolving. @ https://www.ocregister.com/_static/??-eJyNzEEOAiEMheELCY3JOMSFceFJGMChSAuxJXN9R3cmLty9vOT7YesmNNbECr2OFVkg3sn4aKjFfaMoFIGcpd5yCg9LyLbIAX5A4tVEXFHGIuBFksrbSusZgbzm9Pybi3rF8PXZT8gug2NNe+RKl6Nz8zSdzm4uL/+sSmE=:5
[    1096ms] [LOG] MNGDigisubs: Utils digisubsDataLayerLoaded:  Document is in interactive state, resolving. @ https://www.ocregister.com/_static/??-eJyNzEEOAiEMheELCY3JOMSFceFJGMChSAuxJXN9R3cmLty9vOT7YesmNNbECr2OFVkg3sn4aKjFfaMoFIGcpd5yCg9LyLbIAX5A4tVEXFHGIuBFksrbSusZgbzm9Pybi3rF8PXZT8gug2NNe+RKl6Nz8zSdzm4uL/+sSmE=:5
[    1096ms] [LOG] MNGDigisubs: Utils getDataLayerObject: looking for this dataLayer object  Content ID @ https://www.ocregister.com/_static/??-eJyNzEEOAiEMheELCY3JOMSFceFJGMChSAuxJXN9R3cmLty9vOT7YesmNNbECr2OFVkg3sn4aKjFfaMoFIGcpd5yCg9LyLbIAX5A4tVEXFHGIuBFksrbSusZgbzm9Pybi3rF8PXZT8gug2NNe+RKl6Nz8zSdzm4uL/+sSmE=:5
[    1096ms] [LOG] MNGDigisubs: Utils getDataLayerObject: here is dataLayer length  3 @ https://www.ocregister.com/_static/??-eJyNzEEOAiEMheELCY3JOMSFceFJGMChSAuxJXN9R3cmLty9vOT7YesmNNbECr2OFVkg3sn4aKjFfaMoFIGcpd5yCg9LyLbIAX5A4tVEXFHGIuBFksrbSusZgbzm9Pybi3rF8PXZT8gug2NNe+RKl6Nz8zSdzm4uL/+sSmE=:5
[    1096ms] [LOG] MNGDigisubs: Utils dataLayerLoop:  look for this element  {quantcast: p-4ctCQwtnNBNs2, quantcast label: LANewsGroup, comscore: 6035443, Publisher Domain: ocregister.com, Publisher Product: ocregister.com} @ https://www.ocregister.com/_static/??-eJyNzEEOAiEMheELCY3JOMSFceFJGMChSAuxJXN9R3cmLty9vOT7YesmNNbECr2OFVkg3sn4aKjFfaMoFIGcpd5yCg9LyLbIAX5A4tVEXFHGIuBFksrbSusZgbzm9Pybi3rF8PXZT8gug2NNe+RKl6Nz8zSdzm4uL/+sSmE=:5
[    1096ms] [LOG] MNGDigisubs: Utils dataLayerLoop: found  8847205 @ https://www.ocregister.com/_static/??-eJyNzEEOAiEMheELCY3JOMSFceFJGMChSAuxJXN9R3cmLty9vOT7YesmNNbECr2OFVkg3sn4aKjFfaMoFIGcpd5yCg9LyLbIAX5A4tVEXFHGIuBFksrbSusZgbzm9Pybi3rF8PXZT8gug2NNe+RKl6Nz8zSdzm4uL/+sSmE=:5
[    1096ms] [LOG] MNGDigisubs: utils | contentId: Content ID is  8847205 @ https://www.ocregister.com/_static/??-eJyNzEEOAiEMheELCY3JOMSFceFJGMChSAuxJXN9R3cmLty9vOT7YesmNNbECr2OFVkg3sn4aKjFfaMoFIGcpd5yCg9LyLbIAX5A4tVEXFHGIuBFksrbSusZgbzm9Pybi3rF8PXZT8gug2NNe+RKl6Nz8zSdzm4uL/+sSmE=:5
[    1096ms] [LOG] MNGDigisubs: Sophi:  Content ID  8847205 @ https://www.ocregister.com/_static/??-eJyNzEEOAiEMheELCY3JOMSFceFJGMChSAuxJXN9R3cmLty9vOT7YesmNNbECr2OFVkg3sn4aKjFfaMoFIGcpd5yCg9LyLbIAX5A4tVEXFHGIuBFksrbSusZgbzm9Pybi3rF8PXZT8gug2NNe+RKl6Nz8zSdzm4uL/+sSmE=:5
[    1120ms] [LOG] QuickStart: ⚙️ Runtime config {
  "logLevel": "debug"
} @ https://cdn.sophi.io/assets/demeter/1/stable/491643944.js?ver=6.9.4:0
[    1120ms] [LOG] QuickStart: ⚙️ Received enableAllFeatures event @ https://cdn.sophi.io/assets/demeter/1/stable/491643944.js?ver=6.9.4:0
[    1125ms] [LOG] QuickStart: 🔧 init handler @ https://cdn.sophi.io/assets/demeter/1/stable/491643944.js?ver=6.9.4:0
[    1126ms] [LOG] QuickStart: Content Properties Found

    · Content ID: "8847205" @ https://cdn.sophi.io/assets/demeter/1/stable/491643944.js?ver=6.9.4:0
[    1126ms] [LOG] QuickStart: 🔧 handleContentProperties handler {content.id: 8847205} @ https://cdn.sophi.io/assets/demeter/1/stable/491643944.js?ver=6.9.4:0
[    1128ms] [LOG] QuickStart: 🧪 Experiment {
  "experimentId": "pw:article:test1_ab",
  "assignedGroup": "variant"
} @ https://cdn.sophi.io/assets/demeter/1/stable/491643944.js?ver=6.9.4:0
[    1128ms] [LOG] QuickStart: 🔧 Model inputs {todayPageViews: 0, todayPageViewsByArticle: 0, todayPageViewsByArticleWithPaywall: 0, todayPageViewsByArticleWithRegwall: 0, todayTopLevelSections: 0} @ https://cdn.sophi.io/assets/demeter/1/stable/491643944.js?ver=6.9.4:0
[    1128ms] [LOG] QuickStart: 🔧 Model output {paywall: 0.43951963842894176, regwall: 0.4825196384289418} @ https://cdn.sophi.io/assets/demeter/1/stable/491643944.js?ver=6.9.4:0
[    1157ms] [LOG] EngageLibrary: User is in segment SCNG LOWA: false @ https://www.ocregister.com/_static/??-eJydzEEKwjAQheELmQxCbXAhXsCtB0iaMUxJpiEzoXp7uxG6EBcu3uaH78FazbSwIivU3BOxQHwUo62LGuJIk9elbZFEYRYontiWbbMc4AvOi4/YzFpB1CtNgJx8whuF5tvrlyycTKRE0oN88L5ZQVXiJDZ0jhn//tkA41PvSnn3dS2Xo3PjMJzObpzfa9tpCA==:3
[    1165ms] [LOG] MNGDigisubs: onetap loading... @ https://www.ocregister.com/_static/??-eJyl0MEKwzAIANAfWiKDrmGHset+I02kGBJbqmH7/NljT4P1IKLoE4T36tLCiqyw1j4TCzSeXaaZpE8ColEpHXq+RWI/dc4VfZEL/GPYAuNHzzI2TFqxWZazVqdX3IHtBySk6A7FkjY0RHGDbAmKXdt/1CyKPNvjGsI4DLd7GMsXV/iLXg==:1
[    1167ms] [LOG] MNGDigisubs: Showing the onetap modal... @ https://www.ocregister.com/_static/??-eJyl0MEKwzAIANAfWiKDrmGHset+I02kGBJbqmH7/NljT4P1IKLoE4T36tLCiqyw1j4TCzSeXaaZpE8ColEpHXq+RWI/dc4VfZEL/GPYAuNHzzI2TFqxWZazVqdX3IHtBySk6A7FkjY0RHGDbAmKXdt/1CyKPNvjGsI4DLd7GMsXV/iLXg==:1
[    1169ms] [WARNING] [GSI_LOGGER]: Your client application uses one of the Google One Tap prompt UI status methods that may stop functioning when FedCM becomes mandatory. Refer to the migration guide to update your code accordingly and opt-in to FedCM to test your changes. Learn more: https://developers.google.com/identity/gsi/web/guides/fedcm-migration?s=dc#display_moment and https://developers.google.com/identity/gsi/web/guides/fedcm-migration?s=dc#skipped_moment @ https://accounts.google.com/gsi/client?ver=6.9.4:84
[    1184ms] [ERROR] Not signed in with the identity provider. @ https://www.ocregister.com/2022/02/03/review-15-patios-for-a-winter-date-night-in-orange-county/:0
[    1240ms] [LOG] Brad Johnson @ :0
[    1273ms] [LOG] MNGDigisubs: Utils digisubsDataLayerLoaded:  Document is in interactive state, resolving. @ https://www.ocregister.com/_static/??-eJyl0MEKwzAIANAfWiKDrmGHset+I02kGBJbqmH7/NljT4P1IKLoE4T36tLCiqyw1j4TCzSeXaaZpE8ColEpHXq+RWI/dc4VfZEL/GPYAuNHzzI2TFqxWZazVqdX3IHtBySk6A7FkjY0RHGDbAmKXdt/1CyKPNvjGsI4DLd7GMsXV/iLXg==:10
[    1273ms] [LOG] MNGDigisubs: Utils getDataLayerObject: looking for this dataLayer object  Page Type @ https://www.ocregister.com/_static/??-eJyl0MEKwzAIANAfWiKDrmGHset+I02kGBJbqmH7/NljT4P1IKLoE4T36tLCiqyw1j4TCzSeXaaZpE8ColEpHXq+RWI/dc4VfZEL/GPYAuNHzzI2TFqxWZazVqdX3IHtBySk6A7FkjY0RHGDbAmKXdt/1CyKPNvjGsI4DLd7GMsXV/iLXg==:10
[    1273ms] [LOG] MNGDigisubs: Utils getDataLayerObject: here is dataLayer length  4 @ https://www.ocregister.com/_static/??-eJyl0MEKwzAIANAfWiKDrmGHset+I02kGBJbqmH7/NljT4P1IKLoE4T36tLCiqyw1j4TCzSeXaaZpE8ColEpHXq+RWI/dc4VfZEL/GPYAuNHzzI2TFqxWZazVqdX3IHtBySk6A7FkjY0RHGDbAmKXdt/1CyKPNvjGsI4DLd7GMsXV/iLXg==:10
[    1273ms] [LOG] MNGDigisubs: Utils dataLayerLoop:  look for this element  {quantcast: p-4ctCQwtnNBNs2, quantcast label: LANewsGroup, comscore: 6035443, Publisher Domain: ocregister.com, Publisher Product: ocregister.com} @ https://www.ocregister.com/_static/??-eJyl0MEKwzAIANAfWiKDrmGHset+I02kGBJbqmH7/NljT4P1IKLoE4T36tLCiqyw1j4TCzSeXaaZpE8ColEpHXq+RWI/dc4VfZEL/GPYAuNHzzI2TFqxWZazVqdX3IHtBySk6A7FkjY0RHGDbAmKXdt/1CyKPNvjGsI4DLd7GMsXV/iLXg==:10
[    1273ms] [LOG] MNGDigisubs: Utils dataLayerLoop: found  article @ https://www.ocregister.com/_static/??-eJyl0MEKwzAIANAfWiKDrmGHset+I02kGBJbqmH7/NljT4P1IKLoE4T36tLCiqyw1j4TCzSeXaaZpE8ColEpHXq+RWI/dc4VfZEL/GPYAuNHzzI2TFqxWZazVqdX3IHtBySk6A7FkjY0RHGDbAmKXdt/1CyKPNvjGsI4DLd7GMsXV/iLXg==:10
[    1273ms] [LOG] MNGDigisubs: utils | pageType: page type is  article @ https://www.ocregister.com/_static/??-eJyl0MEKwzAIANAfWiKDrmGHset+I02kGBJbqmH7/NljT4P1IKLoE4T36tLCiqyw1j4TCzSeXaaZpE8ColEpHXq+RWI/dc4VfZEL/GPYAuNHzzI2TFqxWZazVqdX3IHtBySk6A7FkjY0RHGDbAmKXdt/1CyKPNvjGsI4DLd7GMsXV/iLXg==:10
[    1273ms] [LOG] MNGDigisubs: Utils digisubsDataLayerLoaded:  Document is in interactive state, resolving. @ https://www.ocregister.com/_static/??-eJyl0MEKwzAIANAfWiKDrmGHset+I02kGBJbqmH7/NljT4P1IKLoE4T36tLCiqyw1j4TCzSeXaaZpE8ColEpHXq+RWI/dc4VfZEL/GPYAuNHzzI2TFqxWZazVqdX3IHtBySk6A7FkjY0RHGDbAmKXdt/1CyKPNvjGsI4DLd7GMsXV/iLXg==:10
[    1273ms] [LOG] MNGDigisubs: Utils getDataLayerObject: looking for this dataLayer object  Paywall_Level @ https://www.ocregister.com/_static/??-eJyl0MEKwzAIANAfWiKDrmGHset+I02kGBJbqmH7/NljT4P1IKLoE4T36tLCiqyw1j4TCzSeXaaZpE8ColEpHXq+RWI/dc4VfZEL/GPYAuNHzzI2TFqxWZazVqdX3IHtBySk6A7FkjY0RHGDbAmKXdt/1CyKPNvjGsI4DLd7GMsXV/iLXg==:10
[    1273ms] [LOG] MNGDigisubs: Utils getDataLayerObject: here is dataLayer length  4 @ https://www.ocregister.com/_static/??-eJyl0MEKwzAIANAfWiKDrmGHset+I02kGBJbqmH7/NljT4P1IKLoE4T36tLCiqyw1j4TCzSeXaaZpE8ColEpHXq+RWI/dc4VfZEL/GPYAuNHzzI2TFqxWZazVqdX3IHtBySk6A7FkjY0RHGDbAmKXdt/1CyKPNvjGsI4DLd7GMsXV/iLXg==:10
[    1273ms] [LOG] MNGDigisubs: Utils dataLayerLoop:  look for this element  {quantcast: p-4ctCQwtnNBNs2, quantcast label: LANewsGroup, comscore: 6035443, Publisher Domain: ocregister.com, Publisher Product: ocregister.com} @ https://www.ocregister.com/_static/??-eJyl0MEKwzAIANAfWiKDrmGHset+I02kGBJbqmH7/NljT4P1IKLoE4T36tLCiqyw1j4TCzSeXaaZpE8ColEpHXq+RWI/dc4VfZEL/GPYAuNHzzI2TFqxWZazVqdX3IHtBySk6A7FkjY0RHGDbAmKXdt/1CyKPNvjGsI4DLd7GMsXV/iLXg==:10
[    1273ms] [LOG] MNGDigisubs: Utils dataLayerLoop: found  metered @ https://www.ocregister.com/_static/??-eJyl0MEKwzAIANAfWiKDrmGHset+I02kGBJbqmH7/NljT4P1IKLoE4T36tLCiqyw1j4TCzSeXaaZpE8ColEpHXq+RWI/dc4VfZEL/GPYAuNHzzI2TFqxWZazVqdX3IHtBySk6A7FkjY0RHGDbAmKXdt/1CyKPNvjGsI4DLd7GMsXV/iLXg==:10
[    1274ms] [LOG] MNGDigisubs: Entitlements already present: {token: false} @ https://www.ocregister.com/_static/??-eJyl0MEKwzAIANAfWiKDrmGHset+I02kGBJbqmH7/NljT4P1IKLoE4T36tLCiqyw1j4TCzSeXaaZpE8ColEpHXq+RWI/dc4VfZEL/GPYAuNHzzI2TFqxWZazVqdX3IHtBySk6A7FkjY0RHGDbAmKXdt/1CyKPNvjGsI4DLd7GMsXV/iLXg==:10
[    1274ms] [LOG] MNGDigisubs: ContentObserver: Added target "stn-player". @ https://www.ocregister.com/_static/??-eJyl0MEKwzAIANAfWiKDrmGHset+I02kGBJbqmH7/NljT4P1IKLoE4T36tLCiqyw1j4TCzSeXaaZpE8ColEpHXq+RWI/dc4VfZEL/GPYAuNHzzI2TFqxWZazVqdX3IHtBySk6A7FkjY0RHGDbAmKXdt/1CyKPNvjGsI4DLd7GMsXV/iLXg==:10
[    1274ms] [LOG] MNGDigisubs: ContentObserver: Added target "bxc". @ https://www.ocregister.com/_static/??-eJyl0MEKwzAIANAfWiKDrmGHset+I02kGBJbqmH7/NljT4P1IKLoE4T36tLCiqyw1j4TCzSeXaaZpE8ColEpHXq+RWI/dc4VfZEL/GPYAuNHzzI2TFqxWZazVqdX3IHtBySk6A7FkjY0RHGDbAmKXdt/1CyKPNvjGsI4DLd7GMsXV/iLXg==:10
[    1274ms] [LOG] MNGDigisubs: ContentObserver: Added target ".article-bottom-share". @ https://www.ocregister.com/_static/??-eJyl0MEKwzAIANAfWiKDrmGHset+I02kGBJbqmH7/NljT4P1IKLoE4T36tLCiqyw1j4TCzSeXaaZpE8ColEpHXq+RWI/dc4VfZEL/GPYAuNHzzI2TFqxWZazVqdX3IHtBySk6A7FkjY0RHGDbAmKXdt/1CyKPNvjGsI4DLd7GMsXV/iLXg==:10
[    1274ms] [LOG] MNGDigisubs: ContentObserver: Added target "wp-remixd-voice-wrapper". @ https://www.ocregister.com/_static/??-eJyl0MEKwzAIANAfWiKDrmGHset+I02kGBJbqmH7/NljT4P1IKLoE4T36tLCiqyw1j4TCzSeXaaZpE8ColEpHXq+RWI/dc4VfZEL/GPYAuNHzzI2TFqxWZazVqdX3IHtBySk6A7FkjY0RHGDbAmKXdt/1CyKPNvjGsI4DLd7GMsXV/iLXg==:10
[    1274ms] [LOG] MNGDigisubs: Utils digisubsDataLayerLoaded:  Document is in interactive state, resolving. @ https://www.ocregister.com/_static/??-eJyl0MEKwzAIANAfWiKDrmGHset+I02kGBJbqmH7/NljT4P1IKLoE4T36tLCiqyw1j4TCzSeXaaZpE8ColEpHXq+RWI/dc4VfZEL/GPYAuNHzzI2TFqxWZazVqdX3IHtBySk6A7FkjY0RHGDbAmKXdt/1CyKPNvjGsI4DLd7GMsXV/iLXg==:10
[    1274ms] [LOG] MNGDigisubs: ContentObserver: Starting observation process. @ https://www.ocregister.com/_static/??-eJyl0MEKwzAIANAfWiKDrmGHset+I02kGBJbqmH7/NljT4P1IKLoE4T36tLCiqyw1j4TCzSeXaaZpE8ColEpHXq+RWI/dc4VfZEL/GPYAuNHzzI2TFqxWZazVqdX3IHtBySk6A7FkjY0RHGDbAmKXdt/1CyKPNvjGsI4DLd7GMsXV/iLXg==:10
[    1274ms] [LOG] MNGDigisubs: MutationObserver started for BODY elements. @ https://www.ocregister.com/_static/??-eJyl0MEKwzAIANAfWiKDrmGHset+I02kGBJbqmH7/NljT4P1IKLoE4T36tLCiqyw1j4TCzSeXaaZpE8ColEpHXq+RWI/dc4VfZEL/GPYAuNHzzI2TFqxWZazVqdX3IHtBySk6A7FkjY0RHGDbAmKXdt/1CyKPNvjGsI4DLd7GMsXV/iLXg==:10
[    1304ms] [LOG] MNGDigisubs: BlueConicUtils | blueConicReady | BC client detected @ https://www.ocregister.com/_static/??-eJyl0MEKwzAIANAfWiKDrmGHset+I02kGBJbqmH7/NljT4P1IKLoE4T36tLCiqyw1j4TCzSeXaaZpE8ColEpHXq+RWI/dc4VfZEL/GPYAuNHzzI2TFqxWZazVqdX3IHtBySk6A7FkjY0RHGDbAmKXdt/1CyKPNvjGsI4DLd7GMsXV/iLXg==:1
[    1309ms] [LOG] MNGDigisubs:  Article Sharing: Build sharing menuz! @ https://www.ocregister.com/_static/??-eJzTLy/QTc7PK0nNK9EvyClNz8wr1s/NS9dNyUzPLC5NKtYvLkksyUxGEdNLLAIK5aQGZyQWpeolleal5KTqZRXr6FNiVmIZklH2ubaG5uZmJiamluZmWQApDDzQ:1
[    1309ms] [LOG] MNGDigisubs: article sharing: target elements are  [ul, ul, ul] @ https://www.ocregister.com/_static/??-eJzTLy/QTc7PK0nNK9EvyClNz8wr1s/NS9dNyUzPLC5NKtYvLkksyUxGEdNLLAIK5aQGZyQWpeolleal5KTqZRXr6FNiVmIZklH2ubaG5uZmJiamluZmWQApDDzQ:1
[    1309ms] [LOG] MNGDigisubs: Utils digisubsDataLayerLoaded:  Document is in interactive state, resolving. @ https://www.ocregister.com/_static/??-eJzTLy/QTc7PK0nNK9EvyClNz8wr1s/NS9dNyUzPLC5NKtYvLkksyUxGEdNLLAIK5aQGZyQWpeolleal5KTqZRXr6FNiVmIZklH2ubaG5uZmJiamluZmWQApDDzQ:1
[    1309ms] [LOG] MNGDigisubs: Utils getDataLayerObject: looking for this dataLayer object  Page Title @ https://www.ocregister.com/_static/??-eJzTLy/QTc7PK0nNK9EvyClNz8wr1s/NS9dNyUzPLC5NKtYvLkksyUxGEdNLLAIK5aQGZyQWpeolleal5KTqZRXr6FNiVmIZklH2ubaG5uZmJiamluZmWQApDDzQ:1
[    1309ms] [LOG] MNGDigisubs: Utils getDataLayerObject: here is dataLayer length  4 @ https://www.ocregister.com/_static/??-eJzTLy/QTc7PK0nNK9EvyClNz8wr1s/NS9dNyUzPLC5NKtYvLkksyUxGEdNLLAIK5aQGZyQWpeolleal5KTqZRXr6FNiVmIZklH2ubaG5uZmJiamluZmWQApDDzQ:1
[    1309ms] [LOG] MNGDigisubs: Utils dataLayerLoop:  look for this element  {quantcast: p-4ctCQwtnNBNs2, quantcast label: LANewsGroup, comscore: 6035443, Publisher Domain: ocregister.com, Publisher Product: ocregister.com} @ https://www.ocregister.com/_static/??-eJzTLy/QTc7PK0nNK9EvyClNz8wr1s/NS9dNyUzPLC5NKtYvLkksyUxGEdNLLAIK5aQGZyQWpeolleal5KTqZRXr6FNiVmIZklH2ubaG5uZmJiamluZmWQApDDzQ:1
[    1309ms] [LOG] MNGDigisubs: Utils dataLayerLoop: found  Review: 15 patios for a winter date night in Orange County @ https://www.ocregister.com/_static/??-eJzTLy/QTc7PK0nNK9EvyClNz8wr1s/NS9dNyUzPLC5NKtYvLkksyUxGEdNLLAIK5aQGZyQWpeolleal5KTqZRXr6FNiVmIZklH2ubaG5uZmJiamluZmWQApDDzQ:1
[    1309ms] [LOG] MNGDigisubs: Article sharing: create button for this:  JSHandle@node 0 @ https://www.ocregister.com/_static/??-eJzTLy/QTc7PK0nNK9EvyClNz8wr1s/NS9dNyUzPLC5NKtYvLkksyUxGEdNLLAIK5aQGZyQWpeolleal5KTqZRXr6FNiVmIZklH2ubaG5uZmJiamluZmWQApDDzQ:1
[    1310ms] [LOG] MNGDigisubs: article sharing: share icon color:  rgb(0, 117, 128) @ https://www.ocregister.com/_static/??-eJzTLy/QTc7PK0nNK9EvyClNz8wr1s/NS9dNyUzPLC5NKtYvLkksyUxGEdNLLAIK5aQGZyQWpeolleal5KTqZRXr6FNiVmIZklH2ubaG5uZmJiamluZmWQApDDzQ:1
[    1310ms] [LOG] MNGDigisubs: Review: 15 patios for a winter date night in Orange County @ https://www.ocregister.com/_static/??-eJzTLy/QTc7PK0nNK9EvyClNz8wr1s/NS9dNyUzPLC5NKtYvLkksyUxGEdNLLAIK5aQGZyQWpeolleal5KTqZRXr6FNiVmIZklH2ubaG5uZmJiamluZmWQApDDzQ:1
[    1310ms] [LOG] MNGDigisubs: article sharing article title:  Review: 15 patios for a winter date night in Orange County @ https://www.ocregister.com/_static/??-eJzTLy/QTc7PK0nNK9EvyClNz8wr1s/NS9dNyUzPLC5NKtYvLkksyUxGEdNLLAIK5aQGZyQWpeolleal5KTqZRXr6FNiVmIZklH2ubaG5uZmJiamluZmWQApDDzQ:1
[    1310ms] [LOG] MNGDigisubs: Article sharing: create button for this:  JSHandle@node 1 @ https://www.ocregister.com/_static/??-eJzTLy/QTc7PK0nNK9EvyClNz8wr1s/NS9dNyUzPLC5NKtYvLkksyUxGEdNLLAIK5aQGZyQWpeolleal5KTqZRXr6FNiVmIZklH2ubaG5uZmJiamluZmWQApDDzQ:1
[    1310ms] [LOG] MNGDigisubs: article sharing: share icon color:  rgb(0, 117, 128) @ https://www.ocregister.com/_static/??-eJzTLy/QTc7PK0nNK9EvyClNz8wr1s/NS9dNyUzPLC5NKtYvLkksyUxGEdNLLAIK5aQGZyQWpeolleal5KTqZRXr6FNiVmIZklH2ubaG5uZmJiamluZmWQApDDzQ:1
[    1310ms] [LOG] MNGDigisubs: Review: 15 patios for a winter date night in Orange County @ https://www.ocregister.com/_static/??-eJzTLy/QTc7PK0nNK9EvyClNz8wr1s/NS9dNyUzPLC5NKtYvLkksyUxGEdNLLAIK5aQGZyQWpeolleal5KTqZRXr6FNiVmIZklH2ubaG5uZmJiamluZmWQApDDzQ:1
[    1310ms] [LOG] MNGDigisubs: article sharing article title:  Review: 15 patios for a winter date night in Orange County @ https://www.ocregister.com/_static/??-eJzTLy/QTc7PK0nNK9EvyClNz8wr1s/NS9dNyUzPLC5NKtYvLkksyUxGEdNLLAIK5aQGZyQWpeolleal5KTqZRXr6FNiVmIZklH2ubaG5uZmJiamluZmWQApDDzQ:1
[    1310ms] [LOG] MNGDigisubs: Article sharing: create button for this:  JSHandle@node 2 @ https://www.ocregister.com/_static/??-eJzTLy/QTc7PK0nNK9EvyClNz8wr1s/NS9dNyUzPLC5NKtYvLkksyUxGEdNLLAIK5aQGZyQWpeolleal5KTqZRXr6FNiVmIZklH2ubaG5uZmJiamluZmWQApDDzQ:1
[    1311ms] [LOG] MNGDigisubs: article sharing: share icon color:  rgb(0, 117, 128) @ https://www.ocregister.com/_static/??-eJzTLy/QTc7PK0nNK9EvyClNz8wr1s/NS9dNyUzPLC5NKtYvLkksyUxGEdNLLAIK5aQGZyQWpeolleal5KTqZRXr6FNiVmIZklH2ubaG5uZmJiamluZmWQApDDzQ:1
[    1311ms] [LOG] MNGDigisubs: Review: 15 patios for a winter date night in Orange County @ https://www.ocregister.com/_static/??-eJzTLy/QTc7PK0nNK9EvyClNz8wr1s/NS9dNyUzPLC5NKtYvLkksyUxGEdNLLAIK5aQGZyQWpeolleal5KTqZRXr6FNiVmIZklH2ubaG5uZmJiamluZmWQApDDzQ:1
[    1311ms] [LOG] MNGDigisubs: article sharing article title:  Review: 15 patios for a winter date night in Orange County @ https://www.ocregister.com/_static/??-eJzTLy/QTc7PK0nNK9EvyClNz8wr1s/NS9dNyUzPLC5NKtYvLkksyUxGEdNLLAIK5aQGZyQWpeolleal5KTqZRXr6FNiVmIZklH2ubaG5uZmJiamluZmWQApDDzQ:1
[    1311ms] [LOG] MNGDigisubs: Article Sharing: appending sticky nav too @ https://www.ocregister.com/_static/??-eJzTLy/QTc7PK0nNK9EvyClNz8wr1s/NS9dNyUzPLC5NKtYvLkksyUxGEdNLLAIK5aQGZyQWpeolleal5KTqZRXr6FNiVmIZklH2ubaG5uZmJiamluZmWQApDDzQ:1
[    1431ms] [WARNING] Error: Google tag AW-11038326564 loaded before Consent Mode update. Please review and resolve Google Consent Mode sequencing. @ https://cmp.osano.com/16A1AnRt2Fn8i1unj/1edc45d9-1a78-48b2-9035-037b31df744a/osano.js:1
[    1506ms] [LOG] QuickStart: 🔧 Enhanced with server decision {id: f0f40831-a4ab-48b8-a884-97549c7f6121, createdAt: 2026-01-13T00:12:59, trace: z11xx50a11xx50c11xx50v003576g004852d--44--b--48--, outcome: Object} @ https://cdn.sophi.io/assets/demeter/1/stable/491643944.js?ver=6.9.4:0
[    1506ms] [LOG] QuickStart: 🔧 Decision made: {id: f0f40831-a4ab-48b8-a884-97549c7f6121, createdAt: 2026-01-13T00:12:59, trace: z11xx50a11xx50c11xx50v003576g004852d--44--b--48--, context: DA00AA00AB00AC00BA00BB00BC00AD00AE00BD00BE00BF00AF00BG00CA00CB00CC00CD00CE00CF00CG00, inputs: FA:00|DC:01|DE:01|EA:Mac OS|EC:Chrome|DD:16|DB:America/Los_Angeles|GC:direct} @ https://cdn.sophi.io/assets/demeter/1/stable/491643944.js?ver=6.9.4:0
[    1507ms] [LOG] QuickStart: 🔧 Policy outcome {wallType: paywall, wallTypeCode: 1, wallVisibility: always, wallVisibilityCode: 1} @ https://cdn.sophi.io/assets/demeter/1/stable/491643944.js?ver=6.9.4:0
[    1507ms] [LOG] QuickStart: 🔧 Decision override: undefined @ https://cdn.sophi.io/assets/demeter/1/stable/491643944.js?ver=6.9.4:0
[    1507ms] [LOG] QuickStart: 🧮 Received getDecision event {visitor: anonymous, section: Restaurants Food and Drink} @ https://cdn.sophi.io/assets/demeter/1/stable/491643944.js?ver=6.9.4:0
[    1508ms] [LOG] QuickStart: 🔧 getDecision event handler @ https://cdn.sophi.io/assets/demeter/1/stable/491643944.js?ver=6.9.4:0
[    1509ms] [LOG] QuickStart: 🧮 Received pageview event {
  "article": true,
  "section": "restaurants food and drink"
} @ https://cdn.sophi.io/assets/demeter/1/stable/491643944.js?ver=6.9.4:0
[    1510ms] [LOG] QuickStart: 🔧 Setting reserved properties {visitorType: anonymous} @ https://cdn.sophi.io/assets/demeter/1/stable/491643944.js?ver=6.9.4:0
[    1510ms] [LOG] QuickStart: 🔧 Policy decision {id: f0f40831-a4ab-48b8-a884-97549c7f6121, createdAt: 2026-01-13T00:12:59, trace: z11xx50a11xx50c11xx50v003576g004852d--44--b--48--, context: DA00AA00AB00AC00BA00BB00BC00AD00AE00BD00BE00BF00AF00BG00CA00CB00CC00CD00CE00CF00CG00, inputs: FA:00|DC:01|DE:01|EA:Mac OS|EC:Chrome|DD:16|DB:America/Los_Angeles|GC:direct} @ https://cdn.sophi.io/assets/demeter/1/stable/491643944.js?ver=6.9.4:0
[    1510ms] [LOG] QuickStart: 🔧 Decision override: undefined @ https://cdn.sophi.io/assets/demeter/1/stable/491643944.js?ver=6.9.4:0
[    1511ms] [LOG] QuickStart: 🪧 Decision: paywall @ https://cdn.sophi.io/assets/demeter/1/stable/491643944.js?ver=6.9.4:0
[    1511ms] [LOG] MNGDigisubs: Sophi:  response with response time of 414 ms:  {wallType: paywall, wallTypeCode: 1, wallVisibility: always, wallVisibilityCode: 1} @ https://www.ocregister.com/_static/??-eJyNzEEOAiEMheELCY3JOMSFceFJGMChSAuxJXN9R3cmLty9vOT7YesmNNbECr2OFVkg3sn4aKjFfaMoFIGcpd5yCg9LyLbIAX5A4tVEXFHGIuBFksrbSusZgbzm9Pybi3rF8PXZT8gug2NNe+RKl6Nz8zSdzm4uL/+sSmE=:5
[    1512ms] [LOG] MNGDigisubs: Sophi:  About to call rerunConnextEntitlements. @ https://www.ocregister.com/_static/??-eJyNzEEOAiEMheELCY3JOMSFceFJGMChSAuxJXN9R3cmLty9vOT7YesmNNbECr2OFVkg3sn4aKjFfaMoFIGcpd5yCg9LyLbIAX5A4tVEXFHGIuBFksrbSusZgbzm9Pybi3rF8PXZT8gug2NNe+RKl6Nz8zSdzm4uL/+sSmE=:5
[    1512ms] [LOG] MNGDigisubs: connextReady promise already exists, status is pending. @ https://www.ocregister.com/_static/??-eJydzEEKwjAQheELmQxCbXAhXsCtB0iaMUxJpiEzoXp7uxG6EBcu3uaH78FazbSwIivU3BOxQHwUo62LGuJIk9elbZFEYRYontiWbbMc4AvOi4/YzFpB1CtNgJx8whuF5tvrlyycTKRE0oN88L5ZQVXiJDZ0jhn//tkA41PvSnn3dS2Xo3PjMJzObpzfa9tpCA==:8
[    1575ms] [ERROR] [GSI_LOGGER]: FedCM get() rejects with NetworkError: Error retrieving a token. @ https://accounts.google.com/gsi/client?ver=6.9.4:85
[    1577ms] [LOG] MNGDigisubs: ANALYTICS: one_tap_cancel event @ https://www.ocregister.com/_static/??-eJyl0MEKwzAIANAfWiKDrmGHset+I02kGBJbqmH7/NljT4P1IKLoE4T36tLCiqyw1j4TCzSeXaaZpE8ColEpHXq+RWI/dc4VfZEL/GPYAuNHzzI2TFqxWZazVqdX3IHtBySk6A7FkjY0RHGDbAmKXdt/1CyKPNvjGsI4DLd7GMsXV/iLXg==:1
[    1577ms] [LOG] MNGDigisubs: ANALYTICS: GA/ datalayer  [Object, Object, Object, Object, Array(3), Arguments(2), Arguments(2), Object, Object] @ https://www.ocregister.com/_static/??-eJyl0MEKwzAIANAfWiKDrmGHset+I02kGBJbqmH7/NljT4P1IKLoE4T36tLCiqyw1j4TCzSeXaaZpE8ColEpHXq+RWI/dc4VfZEL/GPYAuNHzzI2TFqxWZazVqdX3IHtBySk6A7FkjY0RHGDbAmKXdt/1CyKPNvjGsI4DLd7GMsXV/iLXg==:1
[    1667ms] [LOG] %craven%c Raven v1.19.14-y0ptsc background-color:#000;margin-left:1px;padding:1px 3px;font-size:0.75em;color:#ffffff; font-size:0.9em; @ https://raven-static.aditude.io/prod/1.19.14-y0ptsc/raven.js:1
[    1672ms] [LOG] MNGDigisubs: BlueConicUtils | blueConicReady | onReady fired at: 0.933 s @ https://www.ocregister.com/_static/??-eJyl0MEKwzAIANAfWiKDrmGHset+I02kGBJbqmH7/NljT4P1IKLoE4T36tLCiqyw1j4TCzSeXaaZpE8ColEpHXq+RWI/dc4VfZEL/GPYAuNHzzI2TFqxWZazVqdX3IHtBySk6A7FkjY0RHGDbAmKXdt/1CyKPNvjGsI4DLd7GMsXV/iLXg==:1
[    1672ms] [LOG] MNGDigisubs: BlueConicUtils | blueConicReady | resolved with: true @ https://www.ocregister.com/_static/??-eJyl0MEKwzAIANAfWiKDrmGHset+I02kGBJbqmH7/NljT4P1IKLoE4T36tLCiqyw1j4TCzSeXaaZpE8ColEpHXq+RWI/dc4VfZEL/GPYAuNHzzI2TFqxWZazVqdX3IHtBySk6A7FkjY0RHGDbAmKXdt/1CyKPNvjGsI4DLd7GMsXV/iLXg==:1
[    2000ms] [LOG] Sophi GTM DataLayer Extension loaded successfully @ :0
[    2078ms] [LOG] [BC]DataLayer available @ https://u066.ocregister.com/script.js:145
[    2093ms] [LOG] rq BC onload  @ https://u066.ocregister.com/plugin/plugin/59ef0849f3ba22e006c2a97b9e4f084a:16
[    2093ms] [LOG] BC debug interactionContext exists @ https://u066.ocregister.com/plugin/plugin/59ef0849f3ba22e006c2a97b9e4f084a:18
[    2093ms] [LOG] [BC][ERROR] an error occured in interactiontype: [decodeauth]
            called method: [onEvent]
            error: Invalid token specified @ https://u066.ocregister.com/script.js:145
[    2093ms] [LOG] [BC][ERROR] --stacktrace-- @ https://u066.ocregister.com/script.js:145
[    2093ms] [LOG] [BC][ERROR] --end stacktrace-- @ https://u066.ocregister.com/script.js:145
[    2109ms] [LOG] QuickStart: 🟠 User property 13 expected to have maximum length of 12 but got '22092742-deb6-4f12-a0f8-c07ed7d7b93d' with length 36, truncating. @ https://cdn.sophi.io/assets/demeter/1/stable/491643944.js?ver=6.9.4:0
[    2109ms] [LOG] QuickStart: 🔧 Setting user properties {6: 0, 7: low, 8: no, 11: 803, 13: 22092742-deb} @ https://cdn.sophi.io/assets/demeter/1/stable/491643944.js?ver=6.9.4:0
[    2200ms] [WARNING] Unable to get WebChoices Preferences TIME OUT @ https://s.ntv.io/serve/load.js:1
[    2267ms] [WARNING] Invalid GPT fixed size specification: [] @ https://securepubads.g.doubleclick.net/pagead/managed/js/gpt/m202604130101/pubads_impl.js:18
[    2343ms] [LOG] [BC]Pushing event: BlueConic.VIEW @ https://u066.ocregister.com/script.js:145
[    2349ms] [LOG] [BC]Pushing event: BlueConic.VIEW @ https://u066.ocregister.com/script.js:145
[    2942ms] [LOG] MNGDigisubs: Connext loaded! @ https://www.ocregister.com/_static/??-eJydzEEKwjAQheELmQxCbXAhXsCtB0iaMUxJpiEzoXp7uxG6EBcu3uaH78FazbSwIivU3BOxQHwUo62LGuJIk9elbZFEYRYontiWbbMc4AvOi4/YzFpB1CtNgJx8whuF5tvrlyycTKRE0oN88L5ZQVXiJDZ0jhn//tkA41PvSnn3dS2Xo3PjMJzObpzfa9tpCA==:8
[    2943ms] [LOG] MNGDigisubs: Connext removed event listener for onInit. @ https://www.ocregister.com/_static/??-eJydzEEKwjAQheELmQxCbXAhXsCtB0iaMUxJpiEzoXp7uxG6EBcu3uaH78FazbSwIivU3BOxQHwUo62LGuJIk9elbZFEYRYontiWbbMc4AvOi4/YzFpB1CtNgJx8whuF5tvrlyycTKRE0oN88L5ZQVXiJDZ0jhn//tkA41PvSnn3dS2Xo3PjMJzObpzfa9tpCA==:8
[    2947ms] [LOG] MNGDigisubs: Running Connext now... @ https://www.ocregister.com/_static/??-eJydzEEKwjAQheELmQxCbXAhXsCtB0iaMUxJpiEzoXp7uxG6EBcu3uaH78FazbSwIivU3BOxQHwUo62LGuJIk9elbZFEYRYontiWbbMc4AvOi4/YzFpB1CtNgJx8whuF5tvrlyycTKRE0oN88L5ZQVXiJDZ0jhn//tkA41PvSnn3dS2Xo3PjMJzObpzfa9tpCA==:8
[    3058ms] [ERROR] Failed to load resource: the server responded with a status of 403 () @ https://dyv1bugovvq1g.cloudfront.net/115/www.ocregister.com/2022/02/03/review-15-patios-for-a-winter-date-night-in-orange-county/.js:0
[    3360ms] [LOG] Byline:  Brad Johnson @ :0
[    3361ms] [LOG] Section:  Restaurants Food and Drink @ :0
[    3362ms] [LOG] NO KO @ :0
[    3436ms] [ERROR] Failed to load resource: the server responded with a status of 403 () @ https://usync.ingage.tech/?gdpr=&gdpr_consent=&us_privacy=1YN-&redirect=https%3A%2F%2Famspbs.com%2Fsetuid%3Fbidder%3Dinsticator%26gdpr%3D%26gdpr_consent%3D%26gpp%3D%26gpp_sid%3D%26f%3Db%26uid%3D%24UID:0
[    3637ms] [LOG] EngageLibrary: User is in segment PANYMA All Subs + Recents: false @ https://www.ocregister.com/_static/??-eJydzEEKwjAQheELmQxCbXAhXsCtB0iaMUxJpiEzoXp7uxG6EBcu3uaH78FazbSwIivU3BOxQHwUo62LGuJIk9elbZFEYRYontiWbbMc4AvOi4/YzFpB1CtNgJx8whuF5tvrlyycTKRE0oN88L5ZQVXiJDZ0jhn//tkA41PvSnn3dS2Xo3PjMJzObpzfa9tpCA==:3
[    3637ms] [LOG] EngageLibrary: User is in segment CrossOver PremSubs: false @ https://www.ocregister.com/_static/??-eJydzEEKwjAQheELmQxCbXAhXsCtB0iaMUxJpiEzoXp7uxG6EBcu3uaH78FazbSwIivU3BOxQHwUo62LGuJIk9elbZFEYRYontiWbbMc4AvOi4/YzFpB1CtNgJx8whuF5tvrlyycTKRE0oN88L5ZQVXiJDZ0jhn//tkA41PvSnn3dS2Xo3PjMJzObpzfa9tpCA==:3
[    3638ms] [LOG] EngageLibrary: User is in segment SCNG LOWA: false @ https://www.ocregister.com/_static/??-eJydzEEKwjAQheELmQxCbXAhXsCtB0iaMUxJpiEzoXp7uxG6EBcu3uaH78FazbSwIivU3BOxQHwUo62LGuJIk9elbZFEYRYontiWbbMc4AvOi4/YzFpB1CtNgJx8whuF5tvrlyycTKRE0oN88L5ZQVXiJDZ0jhn//tkA41PvSnn3dS2Xo3PjMJzObpzfa9tpCA==:3
[    3638ms] [LOG] EngageLibrary: User is NOT in the segments: [BANG Pseudo Entitlement] @ https://www.ocregister.com/_static/??-eJydzEEKwjAQheELmQxCbXAhXsCtB0iaMUxJpiEzoXp7uxG6EBcu3uaH78FazbSwIivU3BOxQHwUo62LGuJIk9elbZFEYRYontiWbbMc4AvOi4/YzFpB1CtNgJx8whuF5tvrlyycTKRE0oN88L5ZQVXiJDZ0jhn//tkA41PvSnn3dS2Xo3PjMJzObpzfa9tpCA==:3
[    3638ms] [LOG] EngageLibrary: User is NOT in the segments: [SCNG Pseudo Entitlement] @ https://www.ocregister.com/_static/??-eJydzEEKwjAQheELmQxCbXAhXsCtB0iaMUxJpiEzoXp7uxG6EBcu3uaH78FazbSwIivU3BOxQHwUo62LGuJIk9elbZFEYRYontiWbbMc4AvOi4/YzFpB1CtNgJx8whuF5tvrlyycTKRE0oN88L5ZQVXiJDZ0jhn//tkA41PvSnn3dS2Xo3PjMJzObpzfa9tpCA==:3
[    3638ms] [LOG] EngageLibrary: User is NOT in the segments: [TWIN CITIES Pseudo Entitlement] @ https://www.ocregister.com/_static/??-eJydzEEKwjAQheELmQxCbXAhXsCtB0iaMUxJpiEzoXp7uxG6EBcu3uaH78FazbSwIivU3BOxQHwUo62LGuJIk9elbZFEYRYontiWbbMc4AvOi4/YzFpB1CtNgJx8whuF5tvrlyycTKRE0oN88L5ZQVXiJDZ0jhn//tkA41PvSnn3dS2Xo3PjMJzObpzfa9tpCA==:3
[    3638ms] [LOG] EngageLibrary: User is NOT in the segments: [DENV/PMP Pseudo Entitlement] @ https://www.ocregister.com/_static/??-eJydzEEKwjAQheELmQxCbXAhXsCtB0iaMUxJpiEzoXp7uxG6EBcu3uaH78FazbSwIivU3BOxQHwUo62LGuJIk9elbZFEYRYontiWbbMc4AvOi4/YzFpB1CtNgJx8whuF5tvrlyycTKRE0oN88L5ZQVXiJDZ0jhn//tkA41PvSnn3dS2Xo3PjMJzObpzfa9tpCA==:3
[    3638ms] [LOG] EngageLibrary: User is NOT in the segments: [NORCAL Pseudo Entitlement] @ https://www.ocregister.com/_static/??-eJydzEEKwjAQheELmQxCbXAhXsCtB0iaMUxJpiEzoXp7uxG6EBcu3uaH78FazbSwIivU3BOxQHwUo62LGuJIk9elbZFEYRYontiWbbMc4AvOi4/YzFpB1CtNgJx8whuF5tvrlyycTKRE0oN88L5ZQVXiJDZ0jhn//tkA41PvSnn3dS2Xo3PjMJzObpzfa9tpCA==:3
[    3638ms] [LOG] EngageLibrary: User is NOT in the segments: [BOSTON Pseudo Entitlement] @ https://www.ocregister.com/_static/??-eJydzEEKwjAQheELmQxCbXAhXsCtB0iaMUxJpiEzoXp7uxG6EBcu3uaH78FazbSwIivU3BOxQHwUo62LGuJIk9elbZFEYRYontiWbbMc4AvOi4/YzFpB1CtNgJx8whuF5tvrlyycTKRE0oN88L5ZQVXiJDZ0jhn//tkA41PvSnn3dS2Xo3PjMJzObpzfa9tpCA==:3
[    3638ms] [LOG] EngageLibrary: User is NOT in the segments: [MICH Pseudo Entitlement] @ https://www.ocregister.com/_static/??-eJydzEEKwjAQheELmQxCbXAhXsCtB0iaMUxJpiEzoXp7uxG6EBcu3uaH78FazbSwIivU3BOxQHwUo62LGuJIk9elbZFEYRYontiWbbMc4AvOi4/YzFpB1CtNgJx8whuF5tvrlyycTKRE0oN88L5ZQVXiJDZ0jhn//tkA41PvSnn3dS2Xo3PjMJzObpzfa9tpCA==:3
[    3639ms] [LOG] EngageLibrary: User is NOT in the segments: [PENN Pseudo Entitlement] @ https://www.ocregister.com/_static/??-eJydzEEKwjAQheELmQxCbXAhXsCtB0iaMUxJpiEzoXp7uxG6EBcu3uaH78FazbSwIivU3BOxQHwUo62LGuJIk9elbZFEYRYontiWbbMc4AvOi4/YzFpB1CtNgJx8whuF5tvrlyycTKRE0oN88L5ZQVXiJDZ0jhn//tkA41PvSnn3dS2Xo3PjMJzObpzfa9tpCA==:3
[    3639ms] [LOG] EngageLibrary: User is NOT in the segments: [NY Pseudo Entitlement] @ https://www.ocregister.com/_static/??-eJydzEEKwjAQheELmQxCbXAhXsCtB0iaMUxJpiEzoXp7uxG6EBcu3uaH78FazbSwIivU3BOxQHwUo62LGuJIk9elbZFEYRYontiWbbMc4AvOi4/YzFpB1CtNgJx8whuF5tvrlyycTKRE0oN88L5ZQVXiJDZ0jhn//tkA41PvSnn3dS2Xo3PjMJzObpzfa9tpCA==:3
[    3639ms] [LOG] EngageLibrary: User is NOT in the segments: [OHIO Pseudo Entitlement] @ https://www.ocregister.com/_static/??-eJydzEEKwjAQheELmQxCbXAhXsCtB0iaMUxJpiEzoXp7uxG6EBcu3uaH78FazbSwIivU3BOxQHwUo62LGuJIk9elbZFEYRYontiWbbMc4AvOi4/YzFpB1CtNgJx8whuF5tvrlyycTKRE0oN88L5ZQVXiJDZ0jhn//tkA41PvSnn3dS2Xo3PjMJzObpzfa9tpCA==:3
[    3639ms] [LOG] EngageLibrary: User is NOT in the segments: [NEPA Pseudo Entitlement] @ https://www.ocregister.com/_static/??-eJydzEEKwjAQheELmQxCbXAhXsCtB0iaMUxJpiEzoXp7uxG6EBcu3uaH78FazbSwIivU3BOxQHwUo62LGuJIk9elbZFEYRYontiWbbMc4AvOi4/YzFpB1CtNgJx8whuF5tvrlyycTKRE0oN88L5ZQVXiJDZ0jhn//tkA41PvSnn3dS2Xo3PjMJzObpzfa9tpCA==:3
[    3639ms] [LOG] EngageLibrary: User is in segment Adblock Users: false @ https://www.ocregister.com/_static/??-eJydzEEKwjAQheELmQxCbXAhXsCtB0iaMUxJpiEzoXp7uxG6EBcu3uaH78FazbSwIivU3BOxQHwUo62LGuJIk9elbZFEYRYontiWbbMc4AvOi4/YzFpB1CtNgJx8whuF5tvrlyycTKRE0oN88L5ZQVXiJDZ0jhn//tkA41PvSnn3dS2Xo3PjMJzObpzfa9tpCA==:3
[    3764ms] [LOG] EngageLibrary: User is NOT in the segments: [SCNG Newsletter breaking news] @ https://www.ocregister.com/_static/??-eJydzEEKwjAQheELmQxCbXAhXsCtB0iaMUxJpiEzoXp7uxG6EBcu3uaH78FazbSwIivU3BOxQHwUo62LGuJIk9elbZFEYRYontiWbbMc4AvOi4/YzFpB1CtNgJx8whuF5tvrlyycTKRE0oN88L5ZQVXiJDZ0jhn//tkA41PvSnn3dS2Xo3PjMJzObpzfa9tpCA==:3
[    3764ms] [LOG] EngageLibrary: Tag "Immigration" does not exist. @ https://www.ocregister.com/_static/??-eJydzEEKwjAQheELmQxCbXAhXsCtB0iaMUxJpiEzoXp7uxG6EBcu3uaH78FazbSwIivU3BOxQHwUo62LGuJIk9elbZFEYRYontiWbbMc4AvOi4/YzFpB1CtNgJx8whuF5tvrlyycTKRE0oN88L5ZQVXiJDZ0jhn//tkA41PvSnn3dS2Xo3PjMJzObpzfa9tpCA==:3
[    3764ms] [LOG] EngageLibrary: Tag "Immigration" does not exist. @ https://www.ocregister.com/_static/??-eJydzEEKwjAQheELmQxCbXAhXsCtB0iaMUxJpiEzoXp7uxG6EBcu3uaH78FazbSwIivU3BOxQHwUo62LGuJIk9elbZFEYRYontiWbbMc4AvOi4/YzFpB1CtNgJx8whuF5tvrlyycTKRE0oN88L5ZQVXiJDZ0jhn//tkA41PvSnn3dS2Xo3PjMJzObpzfa9tpCA==:3
[    3764ms] [LOG] EngageLibrary: User is NOT in the segments: [SCNG Newsletter business] @ https://www.ocregister.com/_static/??-eJydzEEKwjAQheELmQxCbXAhXsCtB0iaMUxJpiEzoXp7uxG6EBcu3uaH78FazbSwIivU3BOxQHwUo62LGuJIk9elbZFEYRYontiWbbMc4AvOi4/YzFpB1CtNgJx8whuF5tvrlyycTKRE0oN88L5ZQVXiJDZ0jhn//tkA41PvSnn3dS2Xo3PjMJzObpzfa9tpCA==:3
[    3764ms] [LOG] EngageLibrary: Tag "Immigration" does not exist. @ https://www.ocregister.com/_static/??-eJydzEEKwjAQheELmQxCbXAhXsCtB0iaMUxJpiEzoXp7uxG6EBcu3uaH78FazbSwIivU3BOxQHwUo62LGuJIk9elbZFEYRYontiWbbMc4AvOi4/YzFpB1CtNgJx8whuF5tvrlyycTKRE0oN88L5ZQVXiJDZ0jhn//tkA41PvSnn3dS2Xo3PjMJzObpzfa9tpCA==:3
[    3764ms] [LOG] EngageLibrary: User is NOT in the segments: [SCNG Newsletter coronavirus] @ https://www.ocregister.com/_static/??-eJydzEEKwjAQheELmQxCbXAhXsCtB0iaMUxJpiEzoXp7uxG6EBcu3uaH78FazbSwIivU3BOxQHwUo62LGuJIk9elbZFEYRYontiWbbMc4AvOi4/YzFpB1CtNgJx8whuF5tvrlyycTKRE0oN88L5ZQVXiJDZ0jhn//tkA41PvSnn3dS2Xo3PjMJzObpzfa9tpCA==:3
[    3764ms] [LOG] EngageLibrary: User is NOT in the segments: [SCNG Newsletter the home stretch] @ https://www.ocregister.com/_static/??-eJydzEEKwjAQheELmQxCbXAhXsCtB0iaMUxJpiEzoXp7uxG6EBcu3uaH78FazbSwIivU3BOxQHwUo62LGuJIk9elbZFEYRYontiWbbMc4AvOi4/YzFpB1CtNgJx8whuF5tvrlyycTKRE0oN88L5ZQVXiJDZ0jhn//tkA41PvSnn3dS2Xo3PjMJzObpzfa9tpCA==:3
[    3764ms] [LOG] EngageLibrary: Tag "Immigration" does not exist. @ https://www.ocregister.com/_static/??-eJydzEEKwjAQheELmQxCbXAhXsCtB0iaMUxJpiEzoXp7uxG6EBcu3uaH78FazbSwIivU3BOxQHwUo62LGuJIk9elbZFEYRYontiWbbMc4AvOi4/YzFpB1CtNgJx8whuF5tvrlyycTKRE0oN88L5ZQVXiJDZ0jhn//tkA41PvSnn3dS2Xo3PjMJzObpzfa9tpCA==:3
[    3764ms] [LOG] EngageLibrary: User is NOT in the segments: [SCNG Newsletter the road ahead] @ https://www.ocregister.com/_static/??-eJydzEEKwjAQheELmQxCbXAhXsCtB0iaMUxJpiEzoXp7uxG6EBcu3uaH78FazbSwIivU3BOxQHwUo62LGuJIk9elbZFEYRYontiWbbMc4AvOi4/YzFpB1CtNgJx8whuF5tvrlyycTKRE0oN88L5ZQVXiJDZ0jhn//tkA41PvSnn3dS2Xo3PjMJzObpzfa9tpCA==:3
[    3765ms] [LOG] EngageLibrary: Tag "driving" does not exist. @ https://www.ocregister.com/_static/??-eJydzEEKwjAQheELmQxCbXAhXsCtB0iaMUxJpiEzoXp7uxG6EBcu3uaH78FazbSwIivU3BOxQHwUo62LGuJIk9elbZFEYRYontiWbbMc4AvOi4/YzFpB1CtNgJx8whuF5tvrlyycTKRE0oN88L5ZQVXiJDZ0jhn//tkA41PvSnn3dS2Xo3PjMJzObpzfa9tpCA==:3
[    3765ms] [LOG] EngageLibrary: User is NOT in the segments: [SCNG Newsletter garden party] @ https://www.ocregister.com/_static/??-eJydzEEKwjAQheELmQxCbXAhXsCtB0iaMUxJpiEzoXp7uxG6EBcu3uaH78FazbSwIivU3BOxQHwUo62LGuJIk9elbZFEYRYontiWbbMc4AvOi4/YzFpB1CtNgJx8whuF5tvrlyycTKRE0oN88L5ZQVXiJDZ0jhn//tkA41PvSnn3dS2Xo3PjMJzObpzfa9tpCA==:3
[    3765ms] [LOG] EngageLibrary: User is NOT in the segments: [SCNG Newsletter the eat index] @ https://www.ocregister.com/_static/??-eJydzEEKwjAQheELmQxCbXAhXsCtB0iaMUxJpiEzoXp7uxG6EBcu3uaH78FazbSwIivU3BOxQHwUo62LGuJIk9elbZFEYRYontiWbbMc4AvOi4/YzFpB1CtNgJx8whuF5tvrlyycTKRE0oN88L5ZQVXiJDZ0jhn//tkA41PvSnn3dS2Xo3PjMJzObpzfa9tpCA==:3
[    3765ms] [LOG] EngageLibrary: User is NOT in the segments: [SCNG Newsletter the eat index] @ https://www.ocregister.com/_static/??-eJydzEEKwjAQheELmQxCbXAhXsCtB0iaMUxJpiEzoXp7uxG6EBcu3uaH78FazbSwIivU3BOxQHwUo62LGuJIk9elbZFEYRYontiWbbMc4AvOi4/YzFpB1CtNgJx8whuF5tvrlyycTKRE0oN88L5ZQVXiJDZ0jhn//tkA41PvSnn3dS2Xo3PjMJzObpzfa9tpCA==:3
[    3765ms] [LOG] EngageLibrary: User is NOT in the segments: [SCNG Newsletter opinion] @ https://www.ocregister.com/_static/??-eJydzEEKwjAQheELmQxCbXAhXsCtB0iaMUxJpiEzoXp7uxG6EBcu3uaH78FazbSwIivU3BOxQHwUo62LGuJIk9elbZFEYRYontiWbbMc4AvOi4/YzFpB1CtNgJx8whuF5tvrlyycTKRE0oN88L5ZQVXiJDZ0jhn//tkA41PvSnn3dS2Xo3PjMJzObpzfa9tpCA==:3
[    3765ms] [LOG] EngageLibrary: User is NOT in the segments: [SCNG Newsletter park life] @ https://www.ocregister.com/_static/??-eJydzEEKwjAQheELmQxCbXAhXsCtB0iaMUxJpiEzoXp7uxG6EBcu3uaH78FazbSwIivU3BOxQHwUo62LGuJIk9elbZFEYRYontiWbbMc4AvOi4/YzFpB1CtNgJx8whuF5tvrlyycTKRE0oN88L5ZQVXiJDZ0jhn//tkA41PvSnn3dS2Xo3PjMJzObpzfa9tpCA==:3
[    3765ms] [LOG] EngageLibrary: Tag "Horse Racing" does not exist. @ https://www.ocregister.com/_static/??-eJydzEEKwjAQheELmQxCbXAhXsCtB0iaMUxJpiEzoXp7uxG6EBcu3uaH78FazbSwIivU3BOxQHwUo62LGuJIk9elbZFEYRYontiWbbMc4AvOi4/YzFpB1CtNgJx8whuF5tvrlyycTKRE0oN88L5ZQVXiJDZ0jhn//tkA41PvSnn3dS2Xo3PjMJzObpzfa9tpCA==:3
[    3765ms] [LOG] EngageLibrary: Tag "UCLA" does not exist. @ https://www.ocregister.com/_static/??-eJydzEEKwjAQheELmQxCbXAhXsCtB0iaMUxJpiEzoXp7uxG6EBcu3uaH78FazbSwIivU3BOxQHwUo62LGuJIk9elbZFEYRYontiWbbMc4AvOi4/YzFpB1CtNgJx8whuF5tvrlyycTKRE0oN88L5ZQVXiJDZ0jhn//tkA41PvSnn3dS2Xo3PjMJzObpzfa9tpCA==:3
[    3765ms] [LOG] EngageLibrary: Tag "The Beach Reporter" does not exist. @ https://www.ocregister.com/_static/??-eJydzEEKwjAQheELmQxCbXAhXsCtB0iaMUxJpiEzoXp7uxG6EBcu3uaH78FazbSwIivU3BOxQHwUo62LGuJIk9elbZFEYRYontiWbbMc4AvOi4/YzFpB1CtNgJx8whuF5tvrlyycTKRE0oN88L5ZQVXiJDZ0jhn//tkA41PvSnn3dS2Xo3PjMJzObpzfa9tpCA==:3
[    3766ms] [LOG] EngageLibrary: Tag "The Grunion" does not exist. @ https://www.ocregister.com/_static/??-eJydzEEKwjAQheELmQxCbXAhXsCtB0iaMUxJpiEzoXp7uxG6EBcu3uaH78FazbSwIivU3BOxQHwUo62LGuJIk9elbZFEYRYontiWbbMc4AvOi4/YzFpB1CtNgJx8whuF5tvrlyycTKRE0oN88L5ZQVXiJDZ0jhn//tkA41PvSnn3dS2Xo3PjMJzObpzfa9tpCA==:3
[    3766ms] [LOG] EngageLibrary: User is NOT in the segments: [SCNG Newsletter angels in the inbox] @ https://www.ocregister.com/_static/??-eJydzEEKwjAQheELmQxCbXAhXsCtB0iaMUxJpiEzoXp7uxG6EBcu3uaH78FazbSwIivU3BOxQHwUo62LGuJIk9elbZFEYRYontiWbbMc4AvOi4/YzFpB1CtNgJx8whuF5tvrlyycTKRE0oN88L5ZQVXiJDZ0jhn//tkA41PvSnn3dS2Xo3PjMJzObpzfa9tpCA==:3
[    3766ms] [LOG] EngageLibrary: User is NOT in the segments: [SCNG Newsletter inside the dodgers] @ https://www.ocregister.com/_static/??-eJydzEEKwjAQheELmQxCbXAhXsCtB0iaMUxJpiEzoXp7uxG6EBcu3uaH78FazbSwIivU3BOxQHwUo62LGuJIk9elbZFEYRYontiWbbMc4AvOi4/YzFpB1CtNgJx8whuF5tvrlyycTKRE0oN88L5ZQVXiJDZ0jhn//tkA41PvSnn3dS2Xo3PjMJzObpzfa9tpCA==:3
[    3766ms] [LOG] EngageLibrary: User is NOT in the segments: [SCNG Newsletter purple and bold] @ https://www.ocregister.com/_static/??-eJydzEEKwjAQheELmQxCbXAhXsCtB0iaMUxJpiEzoXp7uxG6EBcu3uaH78FazbSwIivU3BOxQHwUo62LGuJIk9elbZFEYRYontiWbbMc4AvOi4/YzFpB1CtNgJx8whuF5tvrlyycTKRE0oN88L5ZQVXiJDZ0jhn//tkA41PvSnn3dS2Xo3PjMJzObpzfa9tpCA==:3
[    3766ms] [LOG] EngageLibrary: User is NOT in the segments: [SCNG Newsletter coast lines] @ https://www.ocregister.com/_static/??-eJydzEEKwjAQheELmQxCbXAhXsCtB0iaMUxJpiEzoXp7uxG6EBcu3uaH78FazbSwIivU3BOxQHwUo62LGuJIk9elbZFEYRYontiWbbMc4AvOi4/YzFpB1CtNgJx8whuF5tvrlyycTKRE0oN88L5ZQVXiJDZ0jhn//tkA41PvSnn3dS2Xo3PjMJzObpzfa9tpCA==:3
[    3766ms] [LOG] EngageLibrary: Tag "beaches" does not exist. @ https://www.ocregister.com/_static/??-eJydzEEKwjAQheELmQxCbXAhXsCtB0iaMUxJpiEzoXp7uxG6EBcu3uaH78FazbSwIivU3BOxQHwUo62LGuJIk9elbZFEYRYontiWbbMc4AvOi4/YzFpB1CtNgJx8whuF5tvrlyycTKRE0oN88L5ZQVXiJDZ0jhn//tkA41PvSnn3dS2Xo3PjMJzObpzfa9tpCA==:3
[    3766ms] [LOG] EngageLibrary: User is NOT in the segments: [SCNG Newsletter home turf] @ https://www.ocregister.com/_static/??-eJydzEEKwjAQheELmQxCbXAhXsCtB0iaMUxJpiEzoXp7uxG6EBcu3uaH78FazbSwIivU3BOxQHwUo62LGuJIk9elbZFEYRYontiWbbMc4AvOi4/YzFpB1CtNgJx8whuF5tvrlyycTKRE0oN88L5ZQVXiJDZ0jhn//tkA41PvSnn3dS2Xo3PjMJzObpzfa9tpCA==:3
[    3766ms] [LOG] EngageLibrary: User is NOT in the segments: [SCNG Newsletter socal varsity] @ https://www.ocregister.com/_static/??-eJydzEEKwjAQheELmQxCbXAhXsCtB0iaMUxJpiEzoXp7uxG6EBcu3uaH78FazbSwIivU3BOxQHwUo62LGuJIk9elbZFEYRYontiWbbMc4AvOi4/YzFpB1CtNgJx8whuF5tvrlyycTKRE0oN88L5ZQVXiJDZ0jhn//tkA41PvSnn3dS2Xo3PjMJzObpzfa9tpCA==:3
[    3766ms] [LOG] EngageLibrary: User is NOT in the segments: [SCNG Newsletter things to do] @ https://www.ocregister.com/_static/??-eJydzEEKwjAQheELmQxCbXAhXsCtB0iaMUxJpiEzoXp7uxG6EBcu3uaH78FazbSwIivU3BOxQHwUo62LGuJIk9elbZFEYRYontiWbbMc4AvOi4/YzFpB1CtNgJx8whuF5tvrlyycTKRE0oN88L5ZQVXiJDZ0jhn//tkA41PvSnn3dS2Xo3PjMJzObpzfa9tpCA==:3
[    3770ms] [LOG] Sophi responseIsNowall false @ https://www.ocregister.com/_static/??-eJydzEEKwjAQheELmQxCbXAhXsCtB0iaMUxJpiEzoXp7uxG6EBcu3uaH78FazbSwIivU3BOxQHwUo62LGuJIk9elbZFEYRYontiWbbMc4AvOi4/YzFpB1CtNgJx8whuF5tvrlyycTKRE0oN88L5ZQVXiJDZ0jhn//tkA41PvSnn3dS2Xo3PjMJzObpzfa9tpCA==:3
[    3774ms] [LOG] Sophi responseIsNowall false @ https://www.ocregister.com/_static/??-eJydzEEKwjAQheELmQxCbXAhXsCtB0iaMUxJpiEzoXp7uxG6EBcu3uaH78FazbSwIivU3BOxQHwUo62LGuJIk9elbZFEYRYontiWbbMc4AvOi4/YzFpB1CtNgJx8whuF5tvrlyycTKRE0oN88L5ZQVXiJDZ0jhn//tkA41PvSnn3dS2Xo3PjMJzObpzfa9tpCA==:3
[    3777ms] [LOG] Sophi shouldLoadRegwall false @ https://www.ocregister.com/_static/??-eJydzEEKwjAQheELmQxCbXAhXsCtB0iaMUxJpiEzoXp7uxG6EBcu3uaH78FazbSwIivU3BOxQHwUo62LGuJIk9elbZFEYRYontiWbbMc4AvOi4/YzFpB1CtNgJx8whuF5tvrlyycTKRE0oN88L5ZQVXiJDZ0jhn//tkA41PvSnn3dS2Xo3PjMJzObpzfa9tpCA==:3
[    3781ms] [LOG] Sophi shouldLoadRegwall false @ https://www.ocregister.com/_static/??-eJydzEEKwjAQheELmQxCbXAhXsCtB0iaMUxJpiEzoXp7uxG6EBcu3uaH78FazbSwIivU3BOxQHwUo62LGuJIk9elbZFEYRYontiWbbMc4AvOi4/YzFpB1CtNgJx8whuF5tvrlyycTKRE0oN88L5ZQVXiJDZ0jhn//tkA41PvSnn3dS2Xo3PjMJzObpzfa9tpCA==:3
[    3784ms] [LOG] Sophi shouldLoadRegwall false @ https://www.ocregister.com/_static/??-eJydzEEKwjAQheELmQxCbXAhXsCtB0iaMUxJpiEzoXp7uxG6EBcu3uaH78FazbSwIivU3BOxQHwUo62LGuJIk9elbZFEYRYontiWbbMc4AvOi4/YzFpB1CtNgJx8whuF5tvrlyycTKRE0oN88L5ZQVXiJDZ0jhn//tkA41PvSnn3dS2Xo3PjMJzObpzfa9tpCA==:3
[    3787ms] [LOG] Sophi shouldLoadRegwall false @ https://www.ocregister.com/_static/??-eJydzEEKwjAQheELmQxCbXAhXsCtB0iaMUxJpiEzoXp7uxG6EBcu3uaH78FazbSwIivU3BOxQHwUo62LGuJIk9elbZFEYRYontiWbbMc4AvOi4/YzFpB1CtNgJx8whuF5tvrlyycTKRE0oN88L5ZQVXiJDZ0jhn//tkA41PvSnn3dS2Xo3PjMJzObpzfa9tpCA==:3
[    3790ms] [LOG] Sophi shouldLoadRegwall false @ https://www.ocregister.com/_static/??-eJydzEEKwjAQheELmQxCbXAhXsCtB0iaMUxJpiEzoXp7uxG6EBcu3uaH78FazbSwIivU3BOxQHwUo62LGuJIk9elbZFEYRYontiWbbMc4AvOi4/YzFpB1CtNgJx8whuF5tvrlyycTKRE0oN88L5ZQVXiJDZ0jhn//tkA41PvSnn3dS2Xo3PjMJzObpzfa9tpCA==:3
[    3794ms] [LOG] Sophi shouldLoadRegwall false @ https://www.ocregister.com/_static/??-eJydzEEKwjAQheELmQxCbXAhXsCtB0iaMUxJpiEzoXp7uxG6EBcu3uaH78FazbSwIivU3BOxQHwUo62LGuJIk9elbZFEYRYontiWbbMc4AvOi4/YzFpB1CtNgJx8whuF5tvrlyycTKRE0oN88L5ZQVXiJDZ0jhn//tkA41PvSnn3dS2Xo3PjMJzObpzfa9tpCA==:3
[    3797ms] [LOG] Sophi shouldLoadRegwall false @ https://www.ocregister.com/_static/??-eJydzEEKwjAQheELmQxCbXAhXsCtB0iaMUxJpiEzoXp7uxG6EBcu3uaH78FazbSwIivU3BOxQHwUo62LGuJIk9elbZFEYRYontiWbbMc4AvOi4/YzFpB1CtNgJx8whuF5tvrlyycTKRE0oN88L5ZQVXiJDZ0jhn//tkA41PvSnn3dS2Xo3PjMJzObpzfa9tpCA==:3
[    3800ms] [LOG] Sophi shouldLoadRegwall false @ https://www.ocregister.com/_static/??-eJydzEEKwjAQheELmQxCbXAhXsCtB0iaMUxJpiEzoXp7uxG6EBcu3uaH78FazbSwIivU3BOxQHwUo62LGuJIk9elbZFEYRYontiWbbMc4AvOi4/YzFpB1CtNgJx8whuF5tvrlyycTKRE0oN88L5ZQVXiJDZ0jhn//tkA41PvSnn3dS2Xo3PjMJzObpzfa9tpCA==:3
[    3804ms] [LOG] Sophi shouldLoadRegwall false @ https://www.ocregister.com/_static/??-eJydzEEKwjAQheELmQxCbXAhXsCtB0iaMUxJpiEzoXp7uxG6EBcu3uaH78FazbSwIivU3BOxQHwUo62LGuJIk9elbZFEYRYontiWbbMc4AvOi4/YzFpB1CtNgJx8whuF5tvrlyycTKRE0oN88L5ZQVXiJDZ0jhn//tkA41PvSnn3dS2Xo3PjMJzObpzfa9tpCA==:3
[    3808ms] [LOG] Sophi shouldLoadPaywall true @ https://www.ocregister.com/_static/??-eJydzEEKwjAQheELmQxCbXAhXsCtB0iaMUxJpiEzoXp7uxG6EBcu3uaH78FazbSwIivU3BOxQHwUo62LGuJIk9elbZFEYRYontiWbbMc4AvOi4/YzFpB1CtNgJx8whuF5tvrlyycTKRE0oN88L5ZQVXiJDZ0jhn//tkA41PvSnn3dS2Xo3PjMJzObpzfa9tpCA==:3
[    3811ms] [LOG] Sophi shouldLoadPaywall true @ https://www.ocregister.com/_static/??-eJydzEEKwjAQheELmQxCbXAhXsCtB0iaMUxJpiEzoXp7uxG6EBcu3uaH78FazbSwIivU3BOxQHwUo62LGuJIk9elbZFEYRYontiWbbMc4AvOi4/YzFpB1CtNgJx8whuF5tvrlyycTKRE0oN88L5ZQVXiJDZ0jhn//tkA41PvSnn3dS2Xo3PjMJzObpzfa9tpCA==:3
[    3814ms] [LOG] Sophi responseIsNowall false @ https://www.ocregister.com/_static/??-eJydzEEKwjAQheELmQxCbXAhXsCtB0iaMUxJpiEzoXp7uxG6EBcu3uaH78FazbSwIivU3BOxQHwUo62LGuJIk9elbZFEYRYontiWbbMc4AvOi4/YzFpB1CtNgJx8whuF5tvrlyycTKRE0oN88L5ZQVXiJDZ0jhn//tkA41PvSnn3dS2Xo3PjMJzObpzfa9tpCA==:3
[    3817ms] [LOG] Sophi shouldLoadPaywall true @ https://www.ocregister.com/_static/??-eJydzEEKwjAQheELmQxCbXAhXsCtB0iaMUxJpiEzoXp7uxG6EBcu3uaH78FazbSwIivU3BOxQHwUo62LGuJIk9elbZFEYRYontiWbbMc4AvOi4/YzFpB1CtNgJx8whuF5tvrlyycTKRE0oN88L5ZQVXiJDZ0jhn//tkA41PvSnn3dS2Xo3PjMJzObpzfa9tpCA==:3
[    3820ms] [LOG] Sophi shouldLoadRegwall false @ https://www.ocregister.com/_static/??-eJydzEEKwjAQheELmQxCbXAhXsCtB0iaMUxJpiEzoXp7uxG6EBcu3uaH78FazbSwIivU3BOxQHwUo62LGuJIk9elbZFEYRYontiWbbMc4AvOi4/YzFpB1CtNgJx8whuF5tvrlyycTKRE0oN88L5ZQVXiJDZ0jhn//tkA41PvSnn3dS2Xo3PjMJzObpzfa9tpCA==:3
[    3858ms] [LOG] EngageLibrary: User is NOT in the segments: [SCNG Newsletter breaking news] @ https://www.ocregister.com/_static/??-eJydzEEKwjAQheELmQxCbXAhXsCtB0iaMUxJpiEzoXp7uxG6EBcu3uaH78FazbSwIivU3BOxQHwUo62LGuJIk9elbZFEYRYontiWbbMc4AvOi4/YzFpB1CtNgJx8whuF5tvrlyycTKRE0oN88L5ZQVXiJDZ0jhn//tkA41PvSnn3dS2Xo3PjMJzObpzfa9tpCA==:3
[    3859ms] [LOG] EngageLibrary: Tag "Immigration" does not exist. @ https://www.ocregister.com/_static/??-eJydzEEKwjAQheELmQxCbXAhXsCtB0iaMUxJpiEzoXp7uxG6EBcu3uaH78FazbSwIivU3BOxQHwUo62LGuJIk9elbZFEYRYontiWbbMc4AvOi4/YzFpB1CtNgJx8whuF5tvrlyycTKRE0oN88L5ZQVXiJDZ0jhn//tkA41PvSnn3dS2Xo3PjMJzObpzfa9tpCA==:3
[    3859ms] [LOG] EngageLibrary: Tag "Immigration" does not exist. @ https://www.ocregister.com/_static/??-eJydzEEKwjAQheELmQxCbXAhXsCtB0iaMUxJpiEzoXp7uxG6EBcu3uaH78FazbSwIivU3BOxQHwUo62LGuJIk9elbZFEYRYontiWbbMc4AvOi4/YzFpB1CtNgJx8whuF5tvrlyycTKRE0oN88L5ZQVXiJDZ0jhn//tkA41PvSnn3dS2Xo3PjMJzObpzfa9tpCA==:3
[    3859ms] [LOG] EngageLibrary: User is NOT in the segments: [SCNG Newsletter business] @ https://www.ocregister.com/_static/??-eJydzEEKwjAQheELmQxCbXAhXsCtB0iaMUxJpiEzoXp7uxG6EBcu3uaH78FazbSwIivU3BOxQHwUo62LGuJIk9elbZFEYRYontiWbbMc4AvOi4/YzFpB1CtNgJx8whuF5tvrlyycTKRE0oN88L5ZQVXiJDZ0jhn//tkA41PvSnn3dS2Xo3PjMJzObpzfa9tpCA==:3
[    3859ms] [LOG] EngageLibrary: Tag "Immigration" does not exist. @ https://www.ocregister.com/_static/??-eJydzEEKwjAQheELmQxCbXAhXsCtB0iaMUxJpiEzoXp7uxG6EBcu3uaH78FazbSwIivU3BOxQHwUo62LGuJIk9elbZFEYRYontiWbbMc4AvOi4/YzFpB1CtNgJx8whuF5tvrlyycTKRE0oN88L5ZQVXiJDZ0jhn//tkA41PvSnn3dS2Xo3PjMJzObpzfa9tpCA==:3
[    3859ms] [LOG] EngageLibrary: User is NOT in the segments: [SCNG Newsletter coronavirus] @ https://www.ocregister.com/_static/??-eJydzEEKwjAQheELmQxCbXAhXsCtB0iaMUxJpiEzoXp7uxG6EBcu3uaH78FazbSwIivU3BOxQHwUo62LGuJIk9elbZFEYRYontiWbbMc4AvOi4/YzFpB1CtNgJx8whuF5tvrlyycTKRE0oN88L5ZQVXiJDZ0jhn//tkA41PvSnn3dS2Xo3PjMJzObpzfa9tpCA==:3
[    3859ms] [LOG] EngageLibrary: User is NOT in the segments: [SCNG Newsletter the home stretch] @ https://www.ocregister.com/_static/??-eJydzEEKwjAQheELmQxCbXAhXsCtB0iaMUxJpiEzoXp7uxG6EBcu3uaH78FazbSwIivU3BOxQHwUo62LGuJIk9elbZFEYRYontiWbbMc4AvOi4/YzFpB1CtNgJx8whuF5tvrlyycTKRE0oN88L5ZQVXiJDZ0jhn//tkA41PvSnn3dS2Xo3PjMJzObpzfa9tpCA==:3
[    3859ms] [LOG] EngageLibrary: Tag "Immigration" does not exist. @ https://www.ocregister.com/_static/??-eJydzEEKwjAQheELmQxCbXAhXsCtB0iaMUxJpiEzoXp7uxG6EBcu3uaH78FazbSwIivU3BOxQHwUo62LGuJIk9elbZFEYRYontiWbbMc4AvOi4/YzFpB1CtNgJx8whuF5tvrlyycTKRE0oN88L5ZQVXiJDZ0jhn//tkA41PvSnn3dS2Xo3PjMJzObpzfa9tpCA==:3
[    3859ms] [LOG] EngageLibrary: User is NOT in the segments: [SCNG Newsletter the road ahead] @ https://www.ocregister.com/_static/??-eJydzEEKwjAQheELmQxCbXAhXsCtB0iaMUxJpiEzoXp7uxG6EBcu3uaH78FazbSwIivU3BOxQHwUo62LGuJIk9elbZFEYRYontiWbbMc4AvOi4/YzFpB1CtNgJx8whuF5tvrlyycTKRE0oN88L5ZQVXiJDZ0jhn//tkA41PvSnn3dS2Xo3PjMJzObpzfa9tpCA==:3
[    3859ms] [LOG] EngageLibrary: Tag "driving" does not exist. @ https://www.ocregister.com/_static/??-eJydzEEKwjAQheELmQxCbXAhXsCtB0iaMUxJpiEzoXp7uxG6EBcu3uaH78FazbSwIivU3BOxQHwUo62LGuJIk9elbZFEYRYontiWbbMc4AvOi4/YzFpB1CtNgJx8whuF5tvrlyycTKRE0oN88L5ZQVXiJDZ0jhn//tkA41PvSnn3dS2Xo3PjMJzObpzfa9tpCA==:3
[    3859ms] [LOG] EngageLibrary: User is NOT in the segments: [SCNG Newsletter garden party] @ https://www.ocregister.com/_static/??-eJydzEEKwjAQheELmQxCbXAhXsCtB0iaMUxJpiEzoXp7uxG6EBcu3uaH78FazbSwIivU3BOxQHwUo62LGuJIk9elbZFEYRYontiWbbMc4AvOi4/YzFpB1CtNgJx8whuF5tvrlyycTKRE0oN88L5ZQVXiJDZ0jhn//tkA41PvSnn3dS2Xo3PjMJzObpzfa9tpCA==:3
[    3859ms] [LOG] EngageLibrary: User is NOT in the segments: [SCNG Newsletter the eat index] @ https://www.ocregister.com/_static/??-eJydzEEKwjAQheELmQxCbXAhXsCtB0iaMUxJpiEzoXp7uxG6EBcu3uaH78FazbSwIivU3BOxQHwUo62LGuJIk9elbZFEYRYontiWbbMc4AvOi4/YzFpB1CtNgJx8whuF5tvrlyycTKRE0oN88L5ZQVXiJDZ0jhn//tkA41PvSnn3dS2Xo3PjMJzObpzfa9tpCA==:3
[    3860ms] [LOG] EngageLibrary: User is NOT in the segments: [SCNG Newsletter the eat index] @ https://www.ocregister.com/_static/??-eJydzEEKwjAQheELmQxCbXAhXsCtB0iaMUxJpiEzoXp7uxG6EBcu3uaH78FazbSwIivU3BOxQHwUo62LGuJIk9elbZFEYRYontiWbbMc4AvOi4/YzFpB1CtNgJx8whuF5tvrlyycTKRE0oN88L5ZQVXiJDZ0jhn//tkA41PvSnn3dS2Xo3PjMJzObpzfa9tpCA==:3
[    3860ms] [LOG] EngageLibrary: User is NOT in the segments: [SCNG Newsletter opinion] @ https://www.ocregister.com/_static/??-eJydzEEKwjAQheELmQxCbXAhXsCtB0iaMUxJpiEzoXp7uxG6EBcu3uaH78FazbSwIivU3BOxQHwUo62LGuJIk9elbZFEYRYontiWbbMc4AvOi4/YzFpB1CtNgJx8whuF5tvrlyycTKRE0oN88L5ZQVXiJDZ0jhn//tkA41PvSnn3dS2Xo3PjMJzObpzfa9tpCA==:3
[    3860ms] [LOG] EngageLibrary: User is NOT in the segments: [SCNG Newsletter park life] @ https://www.ocregister.com/_static/??-eJydzEEKwjAQheELmQxCbXAhXsCtB0iaMUxJpiEzoXp7uxG6EBcu3uaH78FazbSwIivU3BOxQHwUo62LGuJIk9elbZFEYRYontiWbbMc4AvOi4/YzFpB1CtNgJx8whuF5tvrlyycTKRE0oN88L5ZQVXiJDZ0jhn//tkA41PvSnn3dS2Xo3PjMJzObpzfa9tpCA==:3
[    3860ms] [LOG] EngageLibrary: Tag "Horse Racing" does not exist. @ https://www.ocregister.com/_static/??-eJydzEEKwjAQheELmQxCbXAhXsCtB0iaMUxJpiEzoXp7uxG6EBcu3uaH78FazbSwIivU3BOxQHwUo62LGuJIk9elbZFEYRYontiWbbMc4AvOi4/YzFpB1CtNgJx8whuF5tvrlyycTKRE0oN88L5ZQVXiJDZ0jhn//tkA41PvSnn3dS2Xo3PjMJzObpzfa9tpCA==:3
[    3860ms] [LOG] EngageLibrary: Tag "UCLA" does not exist. @ https://www.ocregister.com/_static/??-eJydzEEKwjAQheELmQxCbXAhXsCtB0iaMUxJpiEzoXp7uxG6EBcu3uaH78FazbSwIivU3BOxQHwUo62LGuJIk9elbZFEYRYontiWbbMc4AvOi4/YzFpB1CtNgJx8whuF5tvrlyycTKRE0oN88L5ZQVXiJDZ0jhn//tkA41PvSnn3dS2Xo3PjMJzObpzfa9tpCA==:3
[    3860ms] [LOG] EngageLibrary: Tag "The Beach Reporter" does not exist. @ https://www.ocregister.com/_static/??-eJydzEEKwjAQheELmQxCbXAhXsCtB0iaMUxJpiEzoXp7uxG6EBcu3uaH78FazbSwIivU3BOxQHwUo62LGuJIk9elbZFEYRYontiWbbMc4AvOi4/YzFpB1CtNgJx8whuF5tvrlyycTKRE0oN88L5ZQVXiJDZ0jhn//tkA41PvSnn3dS2Xo3PjMJzObpzfa9tpCA==:3
[    3860ms] [LOG] EngageLibrary: Tag "The Grunion" does not exist. @ https://www.ocregister.com/_static/??-eJydzEEKwjAQheELmQxCbXAhXsCtB0iaMUxJpiEzoXp7uxG6EBcu3uaH78FazbSwIivU3BOxQHwUo62LGuJIk9elbZFEYRYontiWbbMc4AvOi4/YzFpB1CtNgJx8whuF5tvrlyycTKRE0oN88L5ZQVXiJDZ0jhn//tkA41PvSnn3dS2Xo3PjMJzObpzfa9tpCA==:3
[    3860ms] [LOG] EngageLibrary: User is NOT in the segments: [SCNG Newsletter angels in the inbox] @ https://www.ocregister.com/_static/??-eJydzEEKwjAQheELmQxCbXAhXsCtB0iaMUxJpiEzoXp7uxG6EBcu3uaH78FazbSwIivU3BOxQHwUo62LGuJIk9elbZFEYRYontiWbbMc4AvOi4/YzFpB1CtNgJx8whuF5tvrlyycTKRE0oN88L5ZQVXiJDZ0jhn//tkA41PvSnn3dS2Xo3PjMJzObpzfa9tpCA==:3
[    3860ms] [LOG] EngageLibrary: User is NOT in the segments: [SCNG Newsletter inside the dodgers] @ https://www.ocregister.com/_static/??-eJydzEEKwjAQheELmQxCbXAhXsCtB0iaMUxJpiEzoXp7uxG6EBcu3uaH78FazbSwIivU3BOxQHwUo62LGuJIk9elbZFEYRYontiWbbMc4AvOi4/YzFpB1CtNgJx8whuF5tvrlyycTKRE0oN88L5ZQVXiJDZ0jhn//tkA41PvSnn3dS2Xo3PjMJzObpzfa9tpCA==:3
[    3860ms] [LOG] EngageLibrary: User is NOT in the segments: [SCNG Newsletter purple and bold] @ https://www.ocregister.com/_static/??-eJydzEEKwjAQheELmQxCbXAhXsCtB0iaMUxJpiEzoXp7uxG6EBcu3uaH78FazbSwIivU3BOxQHwUo62LGuJIk9elbZFEYRYontiWbbMc4AvOi4/YzFpB1CtNgJx8whuF5tvrlyycTKRE0oN88L5ZQVXiJDZ0jhn//tkA41PvSnn3dS2Xo3PjMJzObpzfa9tpCA==:3
[    3860ms] [LOG] EngageLibrary: User is NOT in the segments: [SCNG Newsletter coast lines] @ https://www.ocregister.com/_static/??-eJydzEEKwjAQheELmQxCbXAhXsCtB0iaMUxJpiEzoXp7uxG6EBcu3uaH78FazbSwIivU3BOxQHwUo62LGuJIk9elbZFEYRYontiWbbMc4AvOi4/YzFpB1CtNgJx8whuF5tvrlyycTKRE0oN88L5ZQVXiJDZ0jhn//tkA41PvSnn3dS2Xo3PjMJzObpzfa9tpCA==:3
[    3861ms] [LOG] EngageLibrary: Tag "beaches" does not exist. @ https://www.ocregister.com/_static/??-eJydzEEKwjAQheELmQxCbXAhXsCtB0iaMUxJpiEzoXp7uxG6EBcu3uaH78FazbSwIivU3BOxQHwUo62LGuJIk9elbZFEYRYontiWbbMc4AvOi4/YzFpB1CtNgJx8whuF5tvrlyycTKRE0oN88L5ZQVXiJDZ0jhn//tkA41PvSnn3dS2Xo3PjMJzObpzfa9tpCA==:3
[    3861ms] [LOG] EngageLibrary: User is NOT in the segments: [SCNG Newsletter home turf] @ https://www.ocregister.com/_static/??-eJydzEEKwjAQheELmQxCbXAhXsCtB0iaMUxJpiEzoXp7uxG6EBcu3uaH78FazbSwIivU3BOxQHwUo62LGuJIk9elbZFEYRYontiWbbMc4AvOi4/YzFpB1CtNgJx8whuF5tvrlyycTKRE0oN88L5ZQVXiJDZ0jhn//tkA41PvSnn3dS2Xo3PjMJzObpzfa9tpCA==:3
[    3861ms] [LOG] EngageLibrary: User is NOT in the segments: [SCNG Newsletter socal varsity] @ https://www.ocregister.com/_static/??-eJydzEEKwjAQheELmQxCbXAhXsCtB0iaMUxJpiEzoXp7uxG6EBcu3uaH78FazbSwIivU3BOxQHwUo62LGuJIk9elbZFEYRYontiWbbMc4AvOi4/YzFpB1CtNgJx8whuF5tvrlyycTKRE0oN88L5ZQVXiJDZ0jhn//tkA41PvSnn3dS2Xo3PjMJzObpzfa9tpCA==:3
[    3861ms] [LOG] EngageLibrary: User is NOT in the segments: [SCNG Newsletter things to do] @ https://www.ocregister.com/_static/??-eJydzEEKwjAQheELmQxCbXAhXsCtB0iaMUxJpiEzoXp7uxG6EBcu3uaH78FazbSwIivU3BOxQHwUo62LGuJIk9elbZFEYRYontiWbbMc4AvOi4/YzFpB1CtNgJx8whuF5tvrlyycTKRE0oN88L5ZQVXiJDZ0jhn//tkA41PvSnn3dS2Xo3PjMJzObpzfa9tpCA==:3
[    3866ms] [LOG] Sophi responseIsNowall false @ https://www.ocregister.com/_static/??-eJydzEEKwjAQheELmQxCbXAhXsCtB0iaMUxJpiEzoXp7uxG6EBcu3uaH78FazbSwIivU3BOxQHwUo62LGuJIk9elbZFEYRYontiWbbMc4AvOi4/YzFpB1CtNgJx8whuF5tvrlyycTKRE0oN88L5ZQVXiJDZ0jhn//tkA41PvSnn3dS2Xo3PjMJzObpzfa9tpCA==:3
[    3873ms] [LOG] Sophi responseIsNowall false @ https://www.ocregister.com/_static/??-eJydzEEKwjAQheELmQxCbXAhXsCtB0iaMUxJpiEzoXp7uxG6EBcu3uaH78FazbSwIivU3BOxQHwUo62LGuJIk9elbZFEYRYontiWbbMc4AvOi4/YzFpB1CtNgJx8whuF5tvrlyycTKRE0oN88L5ZQVXiJDZ0jhn//tkA41PvSnn3dS2Xo3PjMJzObpzfa9tpCA==:3
[    3878ms] [LOG] Sophi shouldLoadRegwall false @ https://www.ocregister.com/_static/??-eJydzEEKwjAQheELmQxCbXAhXsCtB0iaMUxJpiEzoXp7uxG6EBcu3uaH78FazbSwIivU3BOxQHwUo62LGuJIk9elbZFEYRYontiWbbMc4AvOi4/YzFpB1CtNgJx8whuF5tvrlyycTKRE0oN88L5ZQVXiJDZ0jhn//tkA41PvSnn3dS2Xo3PjMJzObpzfa9tpCA==:3
[    3883ms] [LOG] Sophi shouldLoadRegwall false @ https://www.ocregister.com/_static/??-eJydzEEKwjAQheELmQxCbXAhXsCtB0iaMUxJpiEzoXp7uxG6EBcu3uaH78FazbSwIivU3BOxQHwUo62LGuJIk9elbZFEYRYontiWbbMc4AvOi4/YzFpB1CtNgJx8whuF5tvrlyycTKRE0oN88L5ZQVXiJDZ0jhn//tkA41PvSnn3dS2Xo3PjMJzObpzfa9tpCA==:3
[    3888ms] [LOG] Sophi shouldLoadRegwall false @ https://www.ocregister.com/_static/??-eJydzEEKwjAQheELmQxCbXAhXsCtB0iaMUxJpiEzoXp7uxG6EBcu3uaH78FazbSwIivU3BOxQHwUo62LGuJIk9elbZFEYRYontiWbbMc4AvOi4/YzFpB1CtNgJx8whuF5tvrlyycTKRE0oN88L5ZQVXiJDZ0jhn//tkA41PvSnn3dS2Xo3PjMJzObpzfa9tpCA==:3
[    3894ms] [LOG] Sophi shouldLoadRegwall false @ https://www.ocregister.com/_static/??-eJydzEEKwjAQheELmQxCbXAhXsCtB0iaMUxJpiEzoXp7uxG6EBcu3uaH78FazbSwIivU3BOxQHwUo62LGuJIk9elbZFEYRYontiWbbMc4AvOi4/YzFpB1CtNgJx8whuF5tvrlyycTKRE0oN88L5ZQVXiJDZ0jhn//tkA41PvSnn3dS2Xo3PjMJzObpzfa9tpCA==:3
[    3899ms] [LOG] Sophi shouldLoadRegwall false @ https://www.ocregister.com/_static/??-eJydzEEKwjAQheELmQxCbXAhXsCtB0iaMUxJpiEzoXp7uxG6EBcu3uaH78FazbSwIivU3BOxQHwUo62LGuJIk9elbZFEYRYontiWbbMc4AvOi4/YzFpB1CtNgJx8whuF5tvrlyycTKRE0oN88L5ZQVXiJDZ0jhn//tkA41PvSnn3dS2Xo3PjMJzObpzfa9tpCA==:3
[    3904ms] [LOG] Sophi shouldLoadRegwall false @ https://www.ocregister.com/_static/??-eJydzEEKwjAQheELmQxCbXAhXsCtB0iaMUxJpiEzoXp7uxG6EBcu3uaH78FazbSwIivU3BOxQHwUo62LGuJIk9elbZFEYRYontiWbbMc4AvOi4/YzFpB1CtNgJx8whuF5tvrlyycTKRE0oN88L5ZQVXiJDZ0jhn//tkA41PvSnn3dS2Xo3PjMJzObpzfa9tpCA==:3
[    3911ms] [LOG] Sophi shouldLoadRegwall false @ https://www.ocregister.com/_static/??-eJydzEEKwjAQheELmQxCbXAhXsCtB0iaMUxJpiEzoXp7uxG6EBcu3uaH78FazbSwIivU3BOxQHwUo62LGuJIk9elbZFEYRYontiWbbMc4AvOi4/YzFpB1CtNgJx8whuF5tvrlyycTKRE0oN88L5ZQVXiJDZ0jhn//tkA41PvSnn3dS2Xo3PjMJzObpzfa9tpCA==:3
[    3916ms] [LOG] Sophi shouldLoadRegwall false @ https://www.ocregister.com/_static/??-eJydzEEKwjAQheELmQxCbXAhXsCtB0iaMUxJpiEzoXp7uxG6EBcu3uaH78FazbSwIivU3BOxQHwUo62LGuJIk9elbZFEYRYontiWbbMc4AvOi4/YzFpB1CtNgJx8whuF5tvrlyycTKRE0oN88L5ZQVXiJDZ0jhn//tkA41PvSnn3dS2Xo3PjMJzObpzfa9tpCA==:3
[    3921ms] [LOG] Sophi shouldLoadRegwall false @ https://www.ocregister.com/_static/??-eJydzEEKwjAQheELmQxCbXAhXsCtB0iaMUxJpiEzoXp7uxG6EBcu3uaH78FazbSwIivU3BOxQHwUo62LGuJIk9elbZFEYRYontiWbbMc4AvOi4/YzFpB1CtNgJx8whuF5tvrlyycTKRE0oN88L5ZQVXiJDZ0jhn//tkA41PvSnn3dS2Xo3PjMJzObpzfa9tpCA==:3
[    3927ms] [LOG] Sophi shouldLoadPaywall true @ https://www.ocregister.com/_static/??-eJydzEEKwjAQheELmQxCbXAhXsCtB0iaMUxJpiEzoXp7uxG6EBcu3uaH78FazbSwIivU3BOxQHwUo62LGuJIk9elbZFEYRYontiWbbMc4AvOi4/YzFpB1CtNgJx8whuF5tvrlyycTKRE0oN88L5ZQVXiJDZ0jhn//tkA41PvSnn3dS2Xo3PjMJzObpzfa9tpCA==:3
[    3932ms] [LOG] Sophi shouldLoadPaywall true @ https://www.ocregister.com/_static/??-eJydzEEKwjAQheELmQxCbXAhXsCtB0iaMUxJpiEzoXp7uxG6EBcu3uaH78FazbSwIivU3BOxQHwUo62LGuJIk9elbZFEYRYontiWbbMc4AvOi4/YzFpB1CtNgJx8whuF5tvrlyycTKRE0oN88L5ZQVXiJDZ0jhn//tkA41PvSnn3dS2Xo3PjMJzObpzfa9tpCA==:3
[    3937ms] [LOG] Sophi responseIsNowall false @ https://www.ocregister.com/_static/??-eJydzEEKwjAQheELmQxCbXAhXsCtB0iaMUxJpiEzoXp7uxG6EBcu3uaH78FazbSwIivU3BOxQHwUo62LGuJIk9elbZFEYRYontiWbbMc4AvOi4/YzFpB1CtNgJx8whuF5tvrlyycTKRE0oN88L5ZQVXiJDZ0jhn//tkA41PvSnn3dS2Xo3PjMJzObpzfa9tpCA==:3
[    3943ms] [LOG] Sophi shouldLoadPaywall true @ https://www.ocregister.com/_static/??-eJydzEEKwjAQheELmQxCbXAhXsCtB0iaMUxJpiEzoXp7uxG6EBcu3uaH78FazbSwIivU3BOxQHwUo62LGuJIk9elbZFEYRYontiWbbMc4AvOi4/YzFpB1CtNgJx8whuF5tvrlyycTKRE0oN88L5ZQVXiJDZ0jhn//tkA41PvSnn3dS2Xo3PjMJzObpzfa9tpCA==:3
[    3948ms] [LOG] Sophi shouldLoadRegwall false @ https://www.ocregister.com/_static/??-eJydzEEKwjAQheELmQxCbXAhXsCtB0iaMUxJpiEzoXp7uxG6EBcu3uaH78FazbSwIivU3BOxQHwUo62LGuJIk9elbZFEYRYontiWbbMc4AvOi4/YzFpB1CtNgJx8whuF5tvrlyycTKRE0oN88L5ZQVXiJDZ0jhn//tkA41PvSnn3dS2Xo3PjMJzObpzfa9tpCA==:3
[    3972ms] [LOG] Sophi shouldLoadRegwall false @ https://www.ocregister.com/_static/??-eJydzEEKwjAQheELmQxCbXAhXsCtB0iaMUxJpiEzoXp7uxG6EBcu3uaH78FazbSwIivU3BOxQHwUo62LGuJIk9elbZFEYRYontiWbbMc4AvOi4/YzFpB1CtNgJx8whuF5tvrlyycTKRE0oN88L5ZQVXiJDZ0jhn//tkA41PvSnn3dS2Xo3PjMJzObpzfa9tpCA==:3
[    3977ms] [LOG] Sophi shouldLoadRegwall false @ https://www.ocregister.com/_static/??-eJydzEEKwjAQheELmQxCbXAhXsCtB0iaMUxJpiEzoXp7uxG6EBcu3uaH78FazbSwIivU3BOxQHwUo62LGuJIk9elbZFEYRYontiWbbMc4AvOi4/YzFpB1CtNgJx8whuF5tvrlyycTKRE0oN88L5ZQVXiJDZ0jhn//tkA41PvSnn3dS2Xo3PjMJzObpzfa9tpCA==:3
[    3982ms] [LOG] Sophi shouldLoadRegwall false @ https://www.ocregister.com/_static/??-eJydzEEKwjAQheELmQxCbXAhXsCtB0iaMUxJpiEzoXp7uxG6EBcu3uaH78FazbSwIivU3BOxQHwUo62LGuJIk9elbZFEYRYontiWbbMc4AvOi4/YzFpB1CtNgJx8whuF5tvrlyycTKRE0oN88L5ZQVXiJDZ0jhn//tkA41PvSnn3dS2Xo3PjMJzObpzfa9tpCA==:3
[    3987ms] [LOG] Sophi shouldLoadRegwall false @ https://www.ocregister.com/_static/??-eJydzEEKwjAQheELmQxCbXAhXsCtB0iaMUxJpiEzoXp7uxG6EBcu3uaH78FazbSwIivU3BOxQHwUo62LGuJIk9elbZFEYRYontiWbbMc4AvOi4/YzFpB1CtNgJx8whuF5tvrlyycTKRE0oN88L5ZQVXiJDZ0jhn//tkA41PvSnn3dS2Xo3PjMJzObpzfa9tpCA==:3
[    3993ms] [LOG] Sophi shouldLoadRegwall false @ https://www.ocregister.com/_static/??-eJydzEEKwjAQheELmQxCbXAhXsCtB0iaMUxJpiEzoXp7uxG6EBcu3uaH78FazbSwIivU3BOxQHwUo62LGuJIk9elbZFEYRYontiWbbMc4AvOi4/YzFpB1CtNgJx8whuF5tvrlyycTKRE0oN88L5ZQVXiJDZ0jhn//tkA41PvSnn3dS2Xo3PjMJzObpzfa9tpCA==:3
[    3999ms] [LOG] Sophi shouldLoadRegwall false @ https://www.ocregister.com/_static/??-eJydzEEKwjAQheELmQxCbXAhXsCtB0iaMUxJpiEzoXp7uxG6EBcu3uaH78FazbSwIivU3BOxQHwUo62LGuJIk9elbZFEYRYontiWbbMc4AvOi4/YzFpB1CtNgJx8whuF5tvrlyycTKRE0oN88L5ZQVXiJDZ0jhn//tkA41PvSnn3dS2Xo3PjMJzObpzfa9tpCA==:3
[    4003ms] [LOG] Sophi shouldLoadRegwall false @ https://www.ocregister.com/_static/??-eJydzEEKwjAQheELmQxCbXAhXsCtB0iaMUxJpiEzoXp7uxG6EBcu3uaH78FazbSwIivU3BOxQHwUo62LGuJIk9elbZFEYRYontiWbbMc4AvOi4/YzFpB1CtNgJx8whuF5tvrlyycTKRE0oN88L5ZQVXiJDZ0jhn//tkA41PvSnn3dS2Xo3PjMJzObpzfa9tpCA==:3
[    4009ms] [LOG] Sophi shouldLoadRegwall false @ https://www.ocregister.com/_static/??-eJydzEEKwjAQheELmQxCbXAhXsCtB0iaMUxJpiEzoXp7uxG6EBcu3uaH78FazbSwIivU3BOxQHwUo62LGuJIk9elbZFEYRYontiWbbMc4AvOi4/YzFpB1CtNgJx8whuF5tvrlyycTKRE0oN88L5ZQVXiJDZ0jhn//tkA41PvSnn3dS2Xo3PjMJzObpzfa9tpCA==:3
[    4013ms] [LOG] Sophi shouldLoadRegwall false @ https://www.ocregister.com/_static/??-eJydzEEKwjAQheELmQxCbXAhXsCtB0iaMUxJpiEzoXp7uxG6EBcu3uaH78FazbSwIivU3BOxQHwUo62LGuJIk9elbZFEYRYontiWbbMc4AvOi4/YzFpB1CtNgJx8whuF5tvrlyycTKRE0oN88L5ZQVXiJDZ0jhn//tkA41PvSnn3dS2Xo3PjMJzObpzfa9tpCA==:3
[    4018ms] [LOG] Sophi shouldLoadPaywall true @ https://www.ocregister.com/_static/??-eJydzEEKwjAQheELmQxCbXAhXsCtB0iaMUxJpiEzoXp7uxG6EBcu3uaH78FazbSwIivU3BOxQHwUo62LGuJIk9elbZFEYRYontiWbbMc4AvOi4/YzFpB1CtNgJx8whuF5tvrlyycTKRE0oN88L5ZQVXiJDZ0jhn//tkA41PvSnn3dS2Xo3PjMJzObpzfa9tpCA==:3
[    4024ms] [LOG] Sophi shouldLoadPaywall true @ https://www.ocregister.com/_static/??-eJydzEEKwjAQheELmQxCbXAhXsCtB0iaMUxJpiEzoXp7uxG6EBcu3uaH78FazbSwIivU3BOxQHwUo62LGuJIk9elbZFEYRYontiWbbMc4AvOi4/YzFpB1CtNgJx8whuF5tvrlyycTKRE0oN88L5ZQVXiJDZ0jhn//tkA41PvSnn3dS2Xo3PjMJzObpzfa9tpCA==:3
[    4029ms] [LOG] Sophi responseIsNowall false @ https://www.ocregister.com/_static/??-eJydzEEKwjAQheELmQxCbXAhXsCtB0iaMUxJpiEzoXp7uxG6EBcu3uaH78FazbSwIivU3BOxQHwUo62LGuJIk9elbZFEYRYontiWbbMc4AvOi4/YzFpB1CtNgJx8whuF5tvrlyycTKRE0oN88L5ZQVXiJDZ0jhn//tkA41PvSnn3dS2Xo3PjMJzObpzfa9tpCA==:3
[    4034ms] [LOG] Sophi shouldLoadPaywall true @ https://www.ocregister.com/_static/??-eJydzEEKwjAQheELmQxCbXAhXsCtB0iaMUxJpiEzoXp7uxG6EBcu3uaH78FazbSwIivU3BOxQHwUo62LGuJIk9elbZFEYRYontiWbbMc4AvOi4/YzFpB1CtNgJx8whuF5tvrlyycTKRE0oN88L5ZQVXiJDZ0jhn//tkA41PvSnn3dS2Xo3PjMJzObpzfa9tpCA==:3
[    4040ms] [LOG] Sophi shouldLoadRegwall false @ https://www.ocregister.com/_static/??-eJydzEEKwjAQheELmQxCbXAhXsCtB0iaMUxJpiEzoXp7uxG6EBcu3uaH78FazbSwIivU3BOxQHwUo62LGuJIk9elbZFEYRYontiWbbMc4AvOi4/YzFpB1CtNgJx8whuF5tvrlyycTKRE0oN88L5ZQVXiJDZ0jhn//tkA41PvSnn3dS2Xo3PjMJzObpzfa9tpCA==:3
[    4098ms] [LOG] Sophi shouldLoadRegwall false @ https://www.ocregister.com/_static/??-eJydzEEKwjAQheELmQxCbXAhXsCtB0iaMUxJpiEzoXp7uxG6EBcu3uaH78FazbSwIivU3BOxQHwUo62LGuJIk9elbZFEYRYontiWbbMc4AvOi4/YzFpB1CtNgJx8whuF5tvrlyycTKRE0oN88L5ZQVXiJDZ0jhn//tkA41PvSnn3dS2Xo3PjMJzObpzfa9tpCA==:3
[    4103ms] [LOG] Sophi shouldLoadRegwall false @ https://www.ocregister.com/_static/??-eJydzEEKwjAQheELmQxCbXAhXsCtB0iaMUxJpiEzoXp7uxG6EBcu3uaH78FazbSwIivU3BOxQHwUo62LGuJIk9elbZFEYRYontiWbbMc4AvOi4/YzFpB1CtNgJx8whuF5tvrlyycTKRE0oN88L5ZQVXiJDZ0jhn//tkA41PvSnn3dS2Xo3PjMJzObpzfa9tpCA==:3
[    4108ms] [LOG] Sophi shouldLoadRegwall false @ https://www.ocregister.com/_static/??-eJydzEEKwjAQheELmQxCbXAhXsCtB0iaMUxJpiEzoXp7uxG6EBcu3uaH78FazbSwIivU3BOxQHwUo62LGuJIk9elbZFEYRYontiWbbMc4AvOi4/YzFpB1CtNgJx8whuF5tvrlyycTKRE0oN88L5ZQVXiJDZ0jhn//tkA41PvSnn3dS2Xo3PjMJzObpzfa9tpCA==:3
[    4114ms] [LOG] Sophi shouldLoadRegwall false @ https://www.ocregister.com/_static/??-eJydzEEKwjAQheELmQxCbXAhXsCtB0iaMUxJpiEzoXp7uxG6EBcu3uaH78FazbSwIivU3BOxQHwUo62LGuJIk9elbZFEYRYontiWbbMc4AvOi4/YzFpB1CtNgJx8whuF5tvrlyycTKRE0oN88L5ZQVXiJDZ0jhn//tkA41PvSnn3dS2Xo3PjMJzObpzfa9tpCA==:3
[    4120ms] [LOG] Sophi shouldLoadRegwall false @ https://www.ocregister.com/_static/??-eJydzEEKwjAQheELmQxCbXAhXsCtB0iaMUxJpiEzoXp7uxG6EBcu3uaH78FazbSwIivU3BOxQHwUo62LGuJIk9elbZFEYRYontiWbbMc4AvOi4/YzFpB1CtNgJx8whuF5tvrlyycTKRE0oN88L5ZQVXiJDZ0jhn//tkA41PvSnn3dS2Xo3PjMJzObpzfa9tpCA==:3
[    4125ms] [LOG] Sophi shouldLoadRegwall false @ https://www.ocregister.com/_static/??-eJydzEEKwjAQheELmQxCbXAhXsCtB0iaMUxJpiEzoXp7uxG6EBcu3uaH78FazbSwIivU3BOxQHwUo62LGuJIk9elbZFEYRYontiWbbMc4AvOi4/YzFpB1CtNgJx8whuF5tvrlyycTKRE0oN88L5ZQVXiJDZ0jhn//tkA41PvSnn3dS2Xo3PjMJzObpzfa9tpCA==:3
[    4130ms] [LOG] Sophi shouldLoadRegwall false @ https://www.ocregister.com/_static/??-eJydzEEKwjAQheELmQxCbXAhXsCtB0iaMUxJpiEzoXp7uxG6EBcu3uaH78FazbSwIivU3BOxQHwUo62LGuJIk9elbZFEYRYontiWbbMc4AvOi4/YzFpB1CtNgJx8whuF5tvrlyycTKRE0oN88L5ZQVXiJDZ0jhn//tkA41PvSnn3dS2Xo3PjMJzObpzfa9tpCA==:3
[    4135ms] [LOG] Sophi shouldLoadRegwall false @ https://www.ocregister.com/_static/??-eJydzEEKwjAQheELmQxCbXAhXsCtB0iaMUxJpiEzoXp7uxG6EBcu3uaH78FazbSwIivU3BOxQHwUo62LGuJIk9elbZFEYRYontiWbbMc4AvOi4/YzFpB1CtNgJx8whuF5tvrlyycTKRE0oN88L5ZQVXiJDZ0jhn//tkA41PvSnn3dS2Xo3PjMJzObpzfa9tpCA==:3
[    4141ms] [LOG] Sophi shouldLoadRegwall false @ https://www.ocregister.com/_static/??-eJydzEEKwjAQheELmQxCbXAhXsCtB0iaMUxJpiEzoXp7uxG6EBcu3uaH78FazbSwIivU3BOxQHwUo62LGuJIk9elbZFEYRYontiWbbMc4AvOi4/YzFpB1CtNgJx8whuF5tvrlyycTKRE0oN88L5ZQVXiJDZ0jhn//tkA41PvSnn3dS2Xo3PjMJzObpzfa9tpCA==:3
[    4147ms] [LOG] Sophi shouldLoadPaywall true @ https://www.ocregister.com/_static/??-eJydzEEKwjAQheELmQxCbXAhXsCtB0iaMUxJpiEzoXp7uxG6EBcu3uaH78FazbSwIivU3BOxQHwUo62LGuJIk9elbZFEYRYontiWbbMc4AvOi4/YzFpB1CtNgJx8whuF5tvrlyycTKRE0oN88L5ZQVXiJDZ0jhn//tkA41PvSnn3dS2Xo3PjMJzObpzfa9tpCA==:3
[    4155ms] [LOG] Sophi responseIsNowall false @ https://www.ocregister.com/_static/??-eJydzEEKwjAQheELmQxCbXAhXsCtB0iaMUxJpiEzoXp7uxG6EBcu3uaH78FazbSwIivU3BOxQHwUo62LGuJIk9elbZFEYRYontiWbbMc4AvOi4/YzFpB1CtNgJx8whuF5tvrlyycTKRE0oN88L5ZQVXiJDZ0jhn//tkA41PvSnn3dS2Xo3PjMJzObpzfa9tpCA==:3
[    4160ms] [LOG] Sophi shouldLoadPaywall true @ https://www.ocregister.com/_static/??-eJydzEEKwjAQheELmQxCbXAhXsCtB0iaMUxJpiEzoXp7uxG6EBcu3uaH78FazbSwIivU3BOxQHwUo62LGuJIk9elbZFEYRYontiWbbMc4AvOi4/YzFpB1CtNgJx8whuF5tvrlyycTKRE0oN88L5ZQVXiJDZ0jhn//tkA41PvSnn3dS2Xo3PjMJzObpzfa9tpCA==:3
[    4164ms] [LOG] Sophi shouldLoadRegwall false @ https://www.ocregister.com/_static/??-eJydzEEKwjAQheELmQxCbXAhXsCtB0iaMUxJpiEzoXp7uxG6EBcu3uaH78FazbSwIivU3BOxQHwUo62LGuJIk9elbZFEYRYontiWbbMc4AvOi4/YzFpB1CtNgJx8whuF5tvrlyycTKRE0oN88L5ZQVXiJDZ0jhn//tkA41PvSnn3dS2Xo3PjMJzObpzfa9tpCA==:3
[    4164ms] [LOG] EngageLibrary: User is NOT in the segments: [SCNG Newsletter breaking news] @ https://www.ocregister.com/_static/??-eJydzEEKwjAQheELmQxCbXAhXsCtB0iaMUxJpiEzoXp7uxG6EBcu3uaH78FazbSwIivU3BOxQHwUo62LGuJIk9elbZFEYRYontiWbbMc4AvOi4/YzFpB1CtNgJx8whuF5tvrlyycTKRE0oN88L5ZQVXiJDZ0jhn//tkA41PvSnn3dS2Xo3PjMJzObpzfa9tpCA==:3
[    4165ms] [LOG] EngageLibrary: Tag "Immigration" does not exist. @ https://www.ocregister.com/_static/??-eJydzEEKwjAQheELmQxCbXAhXsCtB0iaMUxJpiEzoXp7uxG6EBcu3uaH78FazbSwIivU3BOxQHwUo62LGuJIk9elbZFEYRYontiWbbMc4AvOi4/YzFpB1CtNgJx8whuF5tvrlyycTKRE0oN88L5ZQVXiJDZ0jhn//tkA41PvSnn3dS2Xo3PjMJzObpzfa9tpCA==:3
[    4165ms] [LOG] EngageLibrary: Tag "Immigration" does not exist. @ https://www.ocregister.com/_static/??-eJydzEEKwjAQheELmQxCbXAhXsCtB0iaMUxJpiEzoXp7uxG6EBcu3uaH78FazbSwIivU3BOxQHwUo62LGuJIk9elbZFEYRYontiWbbMc4AvOi4/YzFpB1CtNgJx8whuF5tvrlyycTKRE0oN88L5ZQVXiJDZ0jhn//tkA41PvSnn3dS2Xo3PjMJzObpzfa9tpCA==:3
[    4165ms] [LOG] EngageLibrary: User is NOT in the segments: [SCNG Newsletter business] @ https://www.ocregister.com/_static/??-eJydzEEKwjAQheELmQxCbXAhXsCtB0iaMUxJpiEzoXp7uxG6EBcu3uaH78FazbSwIivU3BOxQHwUo62LGuJIk9elbZFEYRYontiWbbMc4AvOi4/YzFpB1CtNgJx8whuF5tvrlyycTKRE0oN88L5ZQVXiJDZ0jhn//tkA41PvSnn3dS2Xo3PjMJzObpzfa9tpCA==:3
[    4165ms] [LOG] EngageLibrary: Tag "Immigration" does not exist. @ https://www.ocregister.com/_static/??-eJydzEEKwjAQheELmQxCbXAhXsCtB0iaMUxJpiEzoXp7uxG6EBcu3uaH78FazbSwIivU3BOxQHwUo62LGuJIk9elbZFEYRYontiWbbMc4AvOi4/YzFpB1CtNgJx8whuF5tvrlyycTKRE0oN88L5ZQVXiJDZ0jhn//tkA41PvSnn3dS2Xo3PjMJzObpzfa9tpCA==:3
[    4165ms] [LOG] EngageLibrary: User is NOT in the segments: [SCNG Newsletter coronavirus] @ https://www.ocregister.com/_static/??-eJydzEEKwjAQheELmQxCbXAhXsCtB0iaMUxJpiEzoXp7uxG6EBcu3uaH78FazbSwIivU3BOxQHwUo62LGuJIk9elbZFEYRYontiWbbMc4AvOi4/YzFpB1CtNgJx8whuF5tvrlyycTKRE0oN88L5ZQVXiJDZ0jhn//tkA41PvSnn3dS2Xo3PjMJzObpzfa9tpCA==:3
[    4165ms] [LOG] EngageLibrary: User is NOT in the segments: [SCNG Newsletter the home stretch] @ https://www.ocregister.com/_static/??-eJydzEEKwjAQheELmQxCbXAhXsCtB0iaMUxJpiEzoXp7uxG6EBcu3uaH78FazbSwIivU3BOxQHwUo62LGuJIk9elbZFEYRYontiWbbMc4AvOi4/YzFpB1CtNgJx8whuF5tvrlyycTKRE0oN88L5ZQVXiJDZ0jhn//tkA41PvSnn3dS2Xo3PjMJzObpzfa9tpCA==:3
[    4165ms] [LOG] EngageLibrary: Tag "Immigration" does not exist. @ https://www.ocregister.com/_static/??-eJydzEEKwjAQheELmQxCbXAhXsCtB0iaMUxJpiEzoXp7uxG6EBcu3uaH78FazbSwIivU3BOxQHwUo62LGuJIk9elbZFEYRYontiWbbMc4AvOi4/YzFpB1CtNgJx8whuF5tvrlyycTKRE0oN88L5ZQVXiJDZ0jhn//tkA41PvSnn3dS2Xo3PjMJzObpzfa9tpCA==:3
[    4165ms] [LOG] EngageLibrary: User is NOT in the segments: [SCNG Newsletter the road ahead] @ https://www.ocregister.com/_static/??-eJydzEEKwjAQheELmQxCbXAhXsCtB0iaMUxJpiEzoXp7uxG6EBcu3uaH78FazbSwIivU3BOxQHwUo62LGuJIk9elbZFEYRYontiWbbMc4AvOi4/YzFpB1CtNgJx8whuF5tvrlyycTKRE0oN88L5ZQVXiJDZ0jhn//tkA41PvSnn3dS2Xo3PjMJzObpzfa9tpCA==:3
[    4165ms] [LOG] EngageLibrary: Tag "driving" does not exist. @ https://www.ocregister.com/_static/??-eJydzEEKwjAQheELmQxCbXAhXsCtB0iaMUxJpiEzoXp7uxG6EBcu3uaH78FazbSwIivU3BOxQHwUo62LGuJIk9elbZFEYRYontiWbbMc4AvOi4/YzFpB1CtNgJx8whuF5tvrlyycTKRE0oN88L5ZQVXiJDZ0jhn//tkA41PvSnn3dS2Xo3PjMJzObpzfa9tpCA==:3
[    4165ms] [LOG] EngageLibrary: User is NOT in the segments: [SCNG Newsletter garden party] @ https://www.ocregister.com/_static/??-eJydzEEKwjAQheELmQxCbXAhXsCtB0iaMUxJpiEzoXp7uxG6EBcu3uaH78FazbSwIivU3BOxQHwUo62LGuJIk9elbZFEYRYontiWbbMc4AvOi4/YzFpB1CtNgJx8whuF5tvrlyycTKRE0oN88L5ZQVXiJDZ0jhn//tkA41PvSnn3dS2Xo3PjMJzObpzfa9tpCA==:3
[    4165ms] [LOG] EngageLibrary: User is NOT in the segments: [SCNG Newsletter the eat index] @ https://www.ocregister.com/_static/??-eJydzEEKwjAQheELmQxCbXAhXsCtB0iaMUxJpiEzoXp7uxG6EBcu3uaH78FazbSwIivU3BOxQHwUo62LGuJIk9elbZFEYRYontiWbbMc4AvOi4/YzFpB1CtNgJx8whuF5tvrlyycTKRE0oN88L5ZQVXiJDZ0jhn//tkA41PvSnn3dS2Xo3PjMJzObpzfa9tpCA==:3
[    4165ms] [LOG] EngageLibrary: User is NOT in the segments: [SCNG Newsletter the eat index] @ https://www.ocregister.com/_static/??-eJydzEEKwjAQheELmQxCbXAhXsCtB0iaMUxJpiEzoXp7uxG6EBcu3uaH78FazbSwIivU3BOxQHwUo62LGuJIk9elbZFEYRYontiWbbMc4AvOi4/YzFpB1CtNgJx8whuF5tvrlyycTKRE0oN88L5ZQVXiJDZ0jhn//tkA41PvSnn3dS2Xo3PjMJzObpzfa9tpCA==:3
[    4165ms] [LOG] EngageLibrary: User is NOT in the segments: [SCNG Newsletter opinion] @ https://www.ocregister.com/_static/??-eJydzEEKwjAQheELmQxCbXAhXsCtB0iaMUxJpiEzoXp7uxG6EBcu3uaH78FazbSwIivU3BOxQHwUo62LGuJIk9elbZFEYRYontiWbbMc4AvOi4/YzFpB1CtNgJx8whuF5tvrlyycTKRE0oN88L5ZQVXiJDZ0jhn//tkA41PvSnn3dS2Xo3PjMJzObpzfa9tpCA==:3
[    4166ms] [LOG] EngageLibrary: User is NOT in the segments: [SCNG Newsletter park life] @ https://www.ocregister.com/_static/??-eJydzEEKwjAQheELmQxCbXAhXsCtB0iaMUxJpiEzoXp7uxG6EBcu3uaH78FazbSwIivU3BOxQHwUo62LGuJIk9elbZFEYRYontiWbbMc4AvOi4/YzFpB1CtNgJx8whuF5tvrlyycTKRE0oN88L5ZQVXiJDZ0jhn//tkA41PvSnn3dS2Xo3PjMJzObpzfa9tpCA==:3
[    4166ms] [LOG] EngageLibrary: Tag "Horse Racing" does not exist. @ https://www.ocregister.com/_static/??-eJydzEEKwjAQheELmQxCbXAhXsCtB0iaMUxJpiEzoXp7uxG6EBcu3uaH78FazbSwIivU3BOxQHwUo62LGuJIk9elbZFEYRYontiWbbMc4AvOi4/YzFpB1CtNgJx8whuF5tvrlyycTKRE0oN88L5ZQVXiJDZ0jhn//tkA41PvSnn3dS2Xo3PjMJzObpzfa9tpCA==:3
[    4166ms] [LOG] EngageLibrary: Tag "UCLA" does not exist. @ https://www.ocregister.com/_static/??-eJydzEEKwjAQheELmQxCbXAhXsCtB0iaMUxJpiEzoXp7uxG6EBcu3uaH78FazbSwIivU3BOxQHwUo62LGuJIk9elbZFEYRYontiWbbMc4AvOi4/YzFpB1CtNgJx8whuF5tvrlyycTKRE0oN88L5ZQVXiJDZ0jhn//tkA41PvSnn3dS2Xo3PjMJzObpzfa9tpCA==:3
[    4166ms] [LOG] EngageLibrary: Tag "The Beach Reporter" does not exist. @ https://www.ocregister.com/_static/??-eJydzEEKwjAQheELmQxCbXAhXsCtB0iaMUxJpiEzoXp7uxG6EBcu3uaH78FazbSwIivU3BOxQHwUo62LGuJIk9elbZFEYRYontiWbbMc4AvOi4/YzFpB1CtNgJx8whuF5tvrlyycTKRE0oN88L5ZQVXiJDZ0jhn//tkA41PvSnn3dS2Xo3PjMJzObpzfa9tpCA==:3
[    4166ms] [LOG] EngageLibrary: Tag "The Grunion" does not exist. @ https://www.ocregister.com/_static/??-eJydzEEKwjAQheELmQxCbXAhXsCtB0iaMUxJpiEzoXp7uxG6EBcu3uaH78FazbSwIivU3BOxQHwUo62LGuJIk9elbZFEYRYontiWbbMc4AvOi4/YzFpB1CtNgJx8whuF5tvrlyycTKRE0oN88L5ZQVXiJDZ0jhn//tkA41PvSnn3dS2Xo3PjMJzObpzfa9tpCA==:3
[    4166ms] [LOG] EngageLibrary: User is NOT in the segments: [SCNG Newsletter angels in the inbox] @ https://www.ocregister.com/_static/??-eJydzEEKwjAQheELmQxCbXAhXsCtB0iaMUxJpiEzoXp7uxG6EBcu3uaH78FazbSwIivU3BOxQHwUo62LGuJIk9elbZFEYRYontiWbbMc4AvOi4/YzFpB1CtNgJx8whuF5tvrlyycTKRE0oN88L5ZQVXiJDZ0jhn//tkA41PvSnn3dS2Xo3PjMJzObpzfa9tpCA==:3
[    4166ms] [LOG] EngageLibrary: User is NOT in the segments: [SCNG Newsletter inside the dodgers] @ https://www.ocregister.com/_static/??-eJydzEEKwjAQheELmQxCbXAhXsCtB0iaMUxJpiEzoXp7uxG6EBcu3uaH78FazbSwIivU3BOxQHwUo62LGuJIk9elbZFEYRYontiWbbMc4AvOi4/YzFpB1CtNgJx8whuF5tvrlyycTKRE0oN88L5ZQVXiJDZ0jhn//tkA41PvSnn3dS2Xo3PjMJzObpzfa9tpCA==:3
[    4166ms] [LOG] EngageLibrary: User is NOT in the segments: [SCNG Newsletter purple and bold] @ https://www.ocregister.com/_static/??-eJydzEEKwjAQheELmQxCbXAhXsCtB0iaMUxJpiEzoXp7uxG6EBcu3uaH78FazbSwIivU3BOxQHwUo62LGuJIk9elbZFEYRYontiWbbMc4AvOi4/YzFpB1CtNgJx8whuF5tvrlyycTKRE0oN88L5ZQVXiJDZ0jhn//tkA41PvSnn3dS2Xo3PjMJzObpzfa9tpCA==:3
[    4166ms] [LOG] EngageLibrary: User is NOT in the segments: [SCNG Newsletter coast lines] @ https://www.ocregister.com/_static/??-eJydzEEKwjAQheELmQxCbXAhXsCtB0iaMUxJpiEzoXp7uxG6EBcu3uaH78FazbSwIivU3BOxQHwUo62LGuJIk9elbZFEYRYontiWbbMc4AvOi4/YzFpB1CtNgJx8whuF5tvrlyycTKRE0oN88L5ZQVXiJDZ0jhn//tkA41PvSnn3dS2Xo3PjMJzObpzfa9tpCA==:3
[    4166ms] [LOG] EngageLibrary: Tag "beaches" does not exist. @ https://www.ocregister.com/_static/??-eJydzEEKwjAQheELmQxCbXAhXsCtB0iaMUxJpiEzoXp7uxG6EBcu3uaH78FazbSwIivU3BOxQHwUo62LGuJIk9elbZFEYRYontiWbbMc4AvOi4/YzFpB1CtNgJx8whuF5tvrlyycTKRE0oN88L5ZQVXiJDZ0jhn//tkA41PvSnn3dS2Xo3PjMJzObpzfa9tpCA==:3
[    4166ms] [LOG] EngageLibrary: User is NOT in the segments: [SCNG Newsletter home turf] @ https://www.ocregister.com/_static/??-eJydzEEKwjAQheELmQxCbXAhXsCtB0iaMUxJpiEzoXp7uxG6EBcu3uaH78FazbSwIivU3BOxQHwUo62LGuJIk9elbZFEYRYontiWbbMc4AvOi4/YzFpB1CtNgJx8whuF5tvrlyycTKRE0oN88L5ZQVXiJDZ0jhn//tkA41PvSnn3dS2Xo3PjMJzObpzfa9tpCA==:3
[    4166ms] [LOG] EngageLibrary: User is NOT in the segments: [SCNG Newsletter socal varsity] @ https://www.ocregister.com/_static/??-eJydzEEKwjAQheELmQxCbXAhXsCtB0iaMUxJpiEzoXp7uxG6EBcu3uaH78FazbSwIivU3BOxQHwUo62LGuJIk9elbZFEYRYontiWbbMc4AvOi4/YzFpB1CtNgJx8whuF5tvrlyycTKRE0oN88L5ZQVXiJDZ0jhn//tkA41PvSnn3dS2Xo3PjMJzObpzfa9tpCA==:3
[    4166ms] [LOG] EngageLibrary: User is NOT in the segments: [SCNG Newsletter things to do] @ https://www.ocregister.com/_static/??-eJydzEEKwjAQheELmQxCbXAhXsCtB0iaMUxJpiEzoXp7uxG6EBcu3uaH78FazbSwIivU3BOxQHwUo62LGuJIk9elbZFEYRYontiWbbMc4AvOi4/YzFpB1CtNgJx8whuF5tvrlyycTKRE0oN88L5ZQVXiJDZ0jhn//tkA41PvSnn3dS2Xo3PjMJzObpzfa9tpCA==:3
[    4172ms] [LOG] Sophi responseIsNowall false @ https://www.ocregister.com/_static/??-eJydzEEKwjAQheELmQxCbXAhXsCtB0iaMUxJpiEzoXp7uxG6EBcu3uaH78FazbSwIivU3BOxQHwUo62LGuJIk9elbZFEYRYontiWbbMc4AvOi4/YzFpB1CtNgJx8whuF5tvrlyycTKRE0oN88L5ZQVXiJDZ0jhn//tkA41PvSnn3dS2Xo3PjMJzObpzfa9tpCA==:3
[    4177ms] [LOG] Sophi responseIsNowall false @ https://www.ocregister.com/_static/??-eJydzEEKwjAQheELmQxCbXAhXsCtB0iaMUxJpiEzoXp7uxG6EBcu3uaH78FazbSwIivU3BOxQHwUo62LGuJIk9elbZFEYRYontiWbbMc4AvOi4/YzFpB1CtNgJx8whuF5tvrlyycTKRE0oN88L5ZQVXiJDZ0jhn//tkA41PvSnn3dS2Xo3PjMJzObpzfa9tpCA==:3
[    4182ms] [LOG] Sophi shouldLoadRegwall false @ https://www.ocregister.com/_static/??-eJydzEEKwjAQheELmQxCbXAhXsCtB0iaMUxJpiEzoXp7uxG6EBcu3uaH78FazbSwIivU3BOxQHwUo62LGuJIk9elbZFEYRYontiWbbMc4AvOi4/YzFpB1CtNgJx8whuF5tvrlyycTKRE0oN88L5ZQVXiJDZ0jhn//tkA41PvSnn3dS2Xo3PjMJzObpzfa9tpCA==:3
[    4188ms] [LOG] Sophi shouldLoadRegwall false @ https://www.ocregister.com/_static/??-eJydzEEKwjAQheELmQxCbXAhXsCtB0iaMUxJpiEzoXp7uxG6EBcu3uaH78FazbSwIivU3BOxQHwUo62LGuJIk9elbZFEYRYontiWbbMc4AvOi4/YzFpB1CtNgJx8whuF5tvrlyycTKRE0oN88L5ZQVXiJDZ0jhn//tkA41PvSnn3dS2Xo3PjMJzObpzfa9tpCA==:3
[    4194ms] [LOG] Sophi shouldLoadRegwall false @ https://www.ocregister.com/_static/??-eJydzEEKwjAQheELmQxCbXAhXsCtB0iaMUxJpiEzoXp7uxG6EBcu3uaH78FazbSwIivU3BOxQHwUo62LGuJIk9elbZFEYRYontiWbbMc4AvOi4/YzFpB1CtNgJx8whuF5tvrlyycTKRE0oN88L5ZQVXiJDZ0jhn//tkA41PvSnn3dS2Xo3PjMJzObpzfa9tpCA==:3
[    4199ms] [LOG] Sophi shouldLoadRegwall false @ https://www.ocregister.com/_static/??-eJydzEEKwjAQheELmQxCbXAhXsCtB0iaMUxJpiEzoXp7uxG6EBcu3uaH78FazbSwIivU3BOxQHwUo62LGuJIk9elbZFEYRYontiWbbMc4AvOi4/YzFpB1CtNgJx8whuF5tvrlyycTKRE0oN88L5ZQVXiJDZ0jhn//tkA41PvSnn3dS2Xo3PjMJzObpzfa9tpCA==:3
[    4201ms] [ERROR] Failed to load resource: the server responded with a status of 404 () @ https://sync.crwdcntrl.net/qmap?c=2700&tp=UNDR&gdpr=&gdpr_consent=&tpid=6gds8mn9o38i0lrv7wiorweyi:0
[    4204ms] [LOG] Sophi shouldLoadRegwall false @ https://www.ocregister.com/_static/??-eJydzEEKwjAQheELmQxCbXAhXsCtB0iaMUxJpiEzoXp7uxG6EBcu3uaH78FazbSwIivU3BOxQHwUo62LGuJIk9elbZFEYRYontiWbbMc4AvOi4/YzFpB1CtNgJx8whuF5tvrlyycTKRE0oN88L5ZQVXiJDZ0jhn//tkA41PvSnn3dS2Xo3PjMJzObpzfa9tpCA==:3
[    4209ms] [LOG] Sophi shouldLoadRegwall false @ https://www.ocregister.com/_static/??-eJydzEEKwjAQheELmQxCbXAhXsCtB0iaMUxJpiEzoXp7uxG6EBcu3uaH78FazbSwIivU3BOxQHwUo62LGuJIk9elbZFEYRYontiWbbMc4AvOi4/YzFpB1CtNgJx8whuF5tvrlyycTKRE0oN88L5ZQVXiJDZ0jhn//tkA41PvSnn3dS2Xo3PjMJzObpzfa9tpCA==:3
[    4214ms] [LOG] Sophi shouldLoadRegwall false @ https://www.ocregister.com/_static/??-eJydzEEKwjAQheELmQxCbXAhXsCtB0iaMUxJpiEzoXp7uxG6EBcu3uaH78FazbSwIivU3BOxQHwUo62LGuJIk9elbZFEYRYontiWbbMc4AvOi4/YzFpB1CtNgJx8whuF5tvrlyycTKRE0oN88L5ZQVXiJDZ0jhn//tkA41PvSnn3dS2Xo3PjMJzObpzfa9tpCA==:3
[    4218ms] [LOG] Sophi shouldLoadRegwall false @ https://www.ocregister.com/_static/??-eJydzEEKwjAQheELmQxCbXAhXsCtB0iaMUxJpiEzoXp7uxG6EBcu3uaH78FazbSwIivU3BOxQHwUo62LGuJIk9elbZFEYRYontiWbbMc4AvOi4/YzFpB1CtNgJx8whuF5tvrlyycTKRE0oN88L5ZQVXiJDZ0jhn//tkA41PvSnn3dS2Xo3PjMJzObpzfa9tpCA==:3
[    4223ms] [LOG] Sophi shouldLoadRegwall false @ https://www.ocregister.com/_static/??-eJydzEEKwjAQheELmQxCbXAhXsCtB0iaMUxJpiEzoXp7uxG6EBcu3uaH78FazbSwIivU3BOxQHwUo62LGuJIk9elbZFEYRYontiWbbMc4AvOi4/YzFpB1CtNgJx8whuF5tvrlyycTKRE0oN88L5ZQVXiJDZ0jhn//tkA41PvSnn3dS2Xo3PjMJzObpzfa9tpCA==:3
[    4228ms] [LOG] Sophi shouldLoadPaywall true @ https://www.ocregister.com/_static/??-eJydzEEKwjAQheELmQxCbXAhXsCtB0iaMUxJpiEzoXp7uxG6EBcu3uaH78FazbSwIivU3BOxQHwUo62LGuJIk9elbZFEYRYontiWbbMc4AvOi4/YzFpB1CtNgJx8whuF5tvrlyycTKRE0oN88L5ZQVXiJDZ0jhn//tkA41PvSnn3dS2Xo3PjMJzObpzfa9tpCA==:3
[    4234ms] [LOG] Sophi shouldLoadPaywall true @ https://www.ocregister.com/_static/??-eJydzEEKwjAQheELmQxCbXAhXsCtB0iaMUxJpiEzoXp7uxG6EBcu3uaH78FazbSwIivU3BOxQHwUo62LGuJIk9elbZFEYRYontiWbbMc4AvOi4/YzFpB1CtNgJx8whuF5tvrlyycTKRE0oN88L5ZQVXiJDZ0jhn//tkA41PvSnn3dS2Xo3PjMJzObpzfa9tpCA==:3
[    4238ms] [LOG] Sophi responseIsNowall false @ https://www.ocregister.com/_static/??-eJydzEEKwjAQheELmQxCbXAhXsCtB0iaMUxJpiEzoXp7uxG6EBcu3uaH78FazbSwIivU3BOxQHwUo62LGuJIk9elbZFEYRYontiWbbMc4AvOi4/YzFpB1CtNgJx8whuF5tvrlyycTKRE0oN88L5ZQVXiJDZ0jhn//tkA41PvSnn3dS2Xo3PjMJzObpzfa9tpCA==:3
[    4243ms] [LOG] Sophi shouldLoadPaywall true @ https://www.ocregister.com/_static/??-eJydzEEKwjAQheELmQxCbXAhXsCtB0iaMUxJpiEzoXp7uxG6EBcu3uaH78FazbSwIivU3BOxQHwUo62LGuJIk9elbZFEYRYontiWbbMc4AvOi4/YzFpB1CtNgJx8whuF5tvrlyycTKRE0oN88L5ZQVXiJDZ0jhn//tkA41PvSnn3dS2Xo3PjMJzObpzfa9tpCA==:3
[    4247ms] [LOG] Sophi shouldLoadRegwall false @ https://www.ocregister.com/_static/??-eJydzEEKwjAQheELmQxCbXAhXsCtB0iaMUxJpiEzoXp7uxG6EBcu3uaH78FazbSwIivU3BOxQHwUo62LGuJIk9elbZFEYRYontiWbbMc4AvOi4/YzFpB1CtNgJx8whuF5tvrlyycTKRE0oN88L5ZQVXiJDZ0jhn//tkA41PvSnn3dS2Xo3PjMJzObpzfa9tpCA==:3
[    4470ms] [LOG] MNGDigisubs: APPLE PAY | Paywall shown, checking Apple Pay availability @ https://www.ocregister.com/wp-content/plugins/mng-digisubs/static/mng-digisubs.apple.bundle.js?m=1776445976g:1
[    4471ms] [LOG] MNGDigisubs: utils | Authentication already ready:  {isAuthenticated: false, idToken: null, accessToken: false, claims: undefined} @ https://www.ocregister.com/wp-content/plugins/mng-digisubs/static/mng-digisubs.apple.bundle.js?m=1776445976g:1
[    4471ms] [LOG] MNGDigisubs: Sophi:  paywall event, is paywall @ https://www.ocregister.com/_static/??-eJyNzEEOAiEMheELCY3JOMSFceFJGMChSAuxJXN9R3cmLty9vOT7YesmNNbECr2OFVkg3sn4aKjFfaMoFIGcpd5yCg9LyLbIAX5A4tVEXFHGIuBFksrbSusZgbzm9Pybi3rF8PXZT8gug2NNe+RKl6Nz8zSdzm4uL/+sSmE=:5
[    4472ms] [LOG] QuickStart: 🧮 Received wall event {
  "wallType": "paywall",
  "section": "Restaurants Food and Drink"
} @ https://cdn.sophi.io/assets/demeter/1/stable/491643944.js?ver=6.9.4:0
[    4473ms] [LOG] MNGDigisubs: Sophi:  demeter paywall tracking sent, wall type is paywall, section is Restaurants Food and Drink @ https://www.ocregister.com/_static/??-eJyNzEEOAiEMheELCY3JOMSFceFJGMChSAuxJXN9R3cmLty9vOT7YesmNNbECr2OFVkg3sn4aKjFfaMoFIGcpd5yCg9LyLbIAX5A4tVEXFHGIuBFksrbSusZgbzm9Pybi3rF8PXZT8gug2NNe+RKl6Nz8zSdzm4uL/+sSmE=:5
[    4540ms] [LOG] MNGDigisubs: APPLE PAY | Not logged in, exit @ https://www.ocregister.com/wp-content/plugins/mng-digisubs/static/mng-digisubs.apple.bundle.js?m=1776445976g:1
[    4820ms] [ERROR] [mobx] uncaught error in 'Reaction[When]' TypeError: l.destroy is not a function
    at e.ji (https://mp.mmvideocdn.com/mini-player/prod/voltax_mp.js:1:759629)
    at e.value (https://mp.mmvideocdn.com/mini-player/prod/voltax_mp.js:1:757082)
    at e.value (https://mp.mmvideocdn.com/mini-player/prod/voltax_mp.js:1:525273)
    at https://mp.mmvideocdn.com/mini-player/prod/voltax_mp.js:1:757344
    at Bt (https://mp.mmvideocdn.com/mini-player/prod/voltax_mp.js:1:771709)
    at When-effect (https://mp.mmvideocdn.com/mini-player/prod/voltax_mp.js:1:771256)
    at https://mp.mmvideocdn.com/mini-player/prod/voltax_mp.js:1:789569
    at v (https://mp.mmvideocdn.com/mini-player/prod/voltax_mp.js:1:784539)
    at Jt (https://mp.mmvideocdn.com/mini-player/prod/voltax_mp.js:1:777993)
    at e.track (https://mp.mmvideocdn.com/mini-player/prod/voltax_mp.js:1:782505) @ https://mp.mmvideocdn.com/mini-player/prod/voltax_mp.js:0
[    4820ms] [ERROR] Voltax Player Error: Failed to inject player: No available target element found @ https://mp.mmvideocdn.com/mini-player/prod/voltax_mp.js:0
[    4832ms] [WARNING] Google Deploy of the SharedId library has been deprecated. Please select another option in the GAM UI. If you use Prebid, we suggest the Prebid.js UserId option. If you do not, you may configure GAM to allow Google to share a first party user identifier with OB and AB participants, which is either the publisherProvidedId or the __gads value when that is missing. @ https://cdn.jsdelivr.net/gh/prebid/shared-id/pubcid.js/docs/pubcid.min.js:0
[    4836ms] [WARNING] [GPT] Using deprecated googletag.encryptedSignalProviders. Please use googletag.secureSignalProviders instead.
https://goo.gle/gpt-message#155 @ https://securepubads.g.doubleclick.net/pagead/managed/js/gpt/m202604130101/pubads_impl.js:18
[    4852ms] [WARNING] [GPT] Using deprecated googletag.encryptedSignalProviders. Please use googletag.secureSignalProviders instead.
https://goo.gle/gpt-message#155 @ https://securepubads.g.doubleclick.net/pagead/managed/js/gpt/m202604130101/pubads_impl.js:18
[    4983ms] [WARNING] [GPT] Using deprecated googletag.encryptedSignalProviders. Please use googletag.secureSignalProviders instead.
https://goo.gle/gpt-message#155 @ https://securepubads.g.doubleclick.net/pagead/managed/js/gpt/m202604130101/pubads_impl.js:18
[    5048ms] [ERROR] Failed to load resource: the server responded with a status of 400 () @ https://match.sharethrough.com/universal/v1?supply_id=av4BPcZO&gdpr=0&gdpr_consent=:0
[    5602ms] [WARNING] An iframe which has both allow-scripts and allow-same-origin for its sandbox attribute can escape its sandboxing. @ https://cmp.osano.com/16A1AnRt2Fn8i1unj/1edc45d9-1a78-48b2-9035-037b31df744a/osano.js:1
[    5627ms] [WARNING] An iframe which has both allow-scripts and allow-same-origin for its sandbox attribute can escape its sandboxing. @ https://cmp.osano.com/16A1AnRt2Fn8i1unj/1edc45d9-1a78-48b2-9035-037b31df744a/osano.js:1
[    5891ms] [INFO] Powered by AMP ⚡ HTML – Version 2603032146000 https://www.ocregister.com/2022/02/03/review-15-patios-for-a-winter-date-night-in-orange-county/ @ https://cdn.ampproject.org/rtv/012603032146000/amp4ads-v0.mjs:1
[    6162ms] [ERROR] Attestation check for Attribution Reporting on https://ad.doubleclick.net failed. @ https://www.ocregister.com/2022/02/03/review-15-patios-for-a-winter-date-night-in-orange-county/:0
[    6189ms] [ERROR] Attestation check for Attribution Reporting on https://ad.doubleclick.net failed. @ https://www.ocregister.com/2022/02/03/review-15-patios-for-a-winter-date-night-in-orange-county/:0
[    6201ms] [ERROR] Attestation check for Attribution Reporting on https://ad.doubleclick.net failed. @ https://www.ocregister.com/2022/02/03/review-15-patios-for-a-winter-date-night-in-orange-county/:0
[    6362ms] [ERROR] Attestation check for Shared Storage on https://www.googleadservices.com failed. @ https://www.googleadservices.com/pagead/managed/js/activeview/current/reach_worklet.html:0
[    6367ms] [ERROR] Attestation check for Shared Storage on https://www.googleadservices.com failed. @ https://www.googleadservices.com/pagead/managed/js/activeview/current/reach_worklet.html:0
[    6368ms] [ERROR] Attestation check for Shared Storage on https://www.googleadservices.com failed. @ https://www.googleadservices.com/pagead/managed/js/activeview/current/reach_worklet.html:0
[    6370ms] [ERROR] Attestation check for Shared Storage on https://www.googleadservices.com failed. @ https://www.googleadservices.com/pagead/managed/js/activeview/current/reach_worklet.html:0
[    6362ms] [ERROR] Attestation check for Shared Storage on https://www.googleadservices.com failed. @ https://www.googleadservices.com/pagead/managed/js/activeview/current/reach_worklet.html:0
[    6367ms] [ERROR] Attestation check for Shared Storage on https://www.googleadservices.com failed. @ https://www.googleadservices.com/pagead/managed/js/activeview/current/reach_worklet.html:0
[    6368ms] [ERROR] Attestation check for Shared Storage on https://www.googleadservices.com failed. @ https://www.googleadservices.com/pagead/managed/js/activeview/current/reach_worklet.html:0
[    6370ms] [ERROR] Attestation check for Shared Storage on https://www.googleadservices.com failed. @ https://www.googleadservices.com/pagead/managed/js/activeview/current/reach_worklet.html:0
[    6700ms] [ERROR] Attestation check for Attribution Reporting on https://ad.doubleclick.net failed. @ https://www.ocregister.com/2022/02/03/review-15-patios-for-a-winter-date-night-in-orange-county/:0
[    6709ms] [ERROR] Attestation check for Shared Storage on https://www.googleadservices.com failed. @ https://www.googleadservices.com/pagead/managed/js/activeview/current/reach_worklet.html:0
[    6745ms] [ERROR] Attestation check for Attribution Reporting on https://ad.doubleclick.net failed. @ https://www.ocregister.com/2022/02/03/review-15-patios-for-a-winter-date-night-in-orange-county/:0
[    6362ms] [ERROR] Attestation check for Shared Storage on https://www.googleadservices.com failed. @ https://www.googleadservices.com/pagead/managed/js/activeview/current/reach_worklet.html:0
[    6367ms] [ERROR] Attestation check for Shared Storage on https://www.googleadservices.com failed. @ https://www.googleadservices.com/pagead/managed/js/activeview/current/reach_worklet.html:0
[    6368ms] [ERROR] Attestation check for Shared Storage on https://www.googleadservices.com failed. @ https://www.googleadservices.com/pagead/managed/js/activeview/current/reach_worklet.html:0
[    6370ms] [ERROR] Attestation check for Shared Storage on https://www.googleadservices.com failed. @ https://www.googleadservices.com/pagead/managed/js/activeview/current/reach_worklet.html:0
[    6709ms] [ERROR] Attestation check for Shared Storage on https://www.googleadservices.com failed. @ https://www.googleadservices.com/pagead/managed/js/activeview/current/reach_worklet.html:0
[    6814ms] [ERROR] Attestation check for Shared Storage on https://www.googleadservices.com failed. @ https://www.googleadservices.com/pagead/managed/js/activeview/current/reach_worklet.html:0
[    6826ms] [ERROR] Attestation check for Attribution Reporting on https://ad.doubleclick.net failed. @ https://www.ocregister.com/2022/02/03/review-15-patios-for-a-winter-date-night-in-orange-county/:0
[    6895ms] [ERROR] Failed to load resource: net::ERR_CONNECTION_RESET @ https://sync.colossusssp.com/pbs.gif?gdpr=0&gdpr_consent=null&&redir=https%3A%2F%2Fsync.adkernel.com%2Fuser-sync%3Fzone%3D176971%26dsp%3D1061476%26t%3Dimage%26uid%3D%5BUID%5D:0
[    7630ms] Failed to read a named property 'addEventListener' from 'Window': Blocked a frame with origin "https://ae0c318a2d8e245aa2ea78e1d49db31e.safeframe.googlesyndication.com" from accessing a cross-origin frame.
[    7806ms] [ERROR] Failed to load resource: the server responded with a status of 400 () @ https://eb2.3lift.com/getuid?gdpr=0&gdpr_consent=&redir=https%3A%2F%2Fvisitor.us-west1.gcp.omnitagjs.com%2Fvisitor%2Fsync%3Fgdpr%3D0%26gdpr_consent%3D%26is_cookie_sync_uid%3D1%26name%3DTRIPLELIFT_cookie_sync%26ttl%3D720%26uid%3D771bebe2d6221e9ca65e16ebf8d2f6f3%26visitor%3D%24UID:0
[    8135ms] [ERROR] Failed to load resource: the server responded with a status of 424 (Failed Dependency) @ https://t.adx.opera.com/pub/sync?pubid=pub10101531197440&gdpr=1&gdpr_consent=:0
[    8135ms] [ERROR] Failed to load resource: the server responded with a status of 424 (Failed Dependency) @ https://t.adx.opera.com/pub/sync?pubid=pub10101531197440&gdpr=1&gdpr_consent=:0
[   13035ms] [ERROR] Failed to load resource: net::ERR_HTTP2_SERVER_REFUSED_STREAM @ https://cs.admanmedia.com/73c1e1bfc3bde354d60b80e601ae3914.gif?puid=[UID]&redir=https%3A%2F%2Fonetag-sys.com%2Fmatch%2F%3Fint_id%3D164%26gdpr%3D1%26gdpr_consent%3D%26uid%3D%5BUID%5D&gdpr=1&gdpr_consent=&ccpa=&coppa=:0
[   13038ms] [ERROR] Failed to load resource: net::ERR_HTTP2_SERVER_REFUSED_STREAM @ https://cs.admanmedia.com/73c1e1bfc3bde354d60b80e601ae3914.gif?puid=[UID]&redir=https%3A%2F%2Fonetag-sys.com%2Fmatch%2F%3Fint_id%3D164%26gdpr%3D0%26gdpr_consent%3D%26uid%3D%5BUID%5D&gdpr=0&gdpr_consent=&ccpa=&coppa=:0
[   13042ms] [ERROR] Failed to load resource: net::ERR_HTTP2_SERVER_REFUSED_STREAM @ https://cs.admanmedia.com/e805be652c9053b8f771665f0ac3c361.gif?puid=k-uiaWkArF6_noLvnyYtTAeOhNvGz0xoHdhlzZig&redir=https%3a%2f%2fssp-sync.criteo.com%2fuser-sync%2fmatch%3fp%3dsSWmB19ZblQ1RVREakdteGZQZjZNcklQNGclMkY4dmoyWkJvUFN2OU9BRDVseFg3RjglM0Q%26u%3d%5bUID%5d&gdpr=0&gdpr_consent=&ccpa=:0
[   13042ms] [ERROR] Failed to load resource: net::ERR_HTTP2_SERVER_REFUSED_STREAM @ https://cs.admanmedia.com/60967d2e0594f2cb7e88f52e0a1f64d7.gif?puid=5f6b0e14-1d43-4373-afe3-2a952c12cf69&redir=https%3A%2F%2Fittpx.eskimi.com%2Fsync%3Fdp_id%3D106%26user_id%3D%5BUID%5D&gdpr=0&gdpr_consent=&ccpa=&gpp=&gpp_sid=:0
[   14901ms] [WARNING] [GPT] Using deprecated googletag.encryptedSignalProviders. Please use googletag.secureSignalProviders instead.
https://goo.gle/gpt-message#155 @ https://securepubads.g.doubleclick.net/pagead/managed/js/gpt/m202604130101/pubads_impl.js:18
[   16502ms] [ERROR] Failed to load resource: the server responded with a status of 400 () @ https://ups.analytics.yahoo.com/ups/58813/fed?gpp=DBACOe~CQizrAAQizrAAEXyIAENCaFgAAAAAEPgACiQAAAPjgIgAcABAACQAGgARQAmABoAEcAK0AZYBAACDgKlAXmA0UBywD4wAAAA.IHxwIgAFAANgAwADIAHAAQAAkABaADQAHQAPQAigBMACgAFIALYAXgAwgBogEcAR4AlABOgCtAGWAPEAgABBwFRAKlAXmAxkBooDjgHLAPjA~BQizrAAQizrAAEXyIAENCaFAAAAAAIfAAAAAA-OAiABwAEAAJAAaABFACYAGgARwArQBlgEAAIOAqUBeYDRQHLAPjAAA.IHxwIgAFAANgAwADIAHAAQAAkABaADQAHQAPQAigBMACgAFIALYAXgAwgBogEcAR4AlABOgCtAGWAPEAgABBwFRAKlAXmAxkBooDjgHLAPjA~1YN-&gpp_sid=6&gdpr=false&v=1&url=https%3A%2F%2Fwww.ocregister.com%2F2022%2F02%2F03%2Freview-15-patios-for-a-winter-date-night-in-orange-county%2F:0
[    6362ms] [ERROR] Attestation check for Shared Storage on https://www.googleadservices.com failed. @ https://www.googleadservices.com/pagead/managed/js/activeview/current/reach_worklet.html:0
[    6367ms] [ERROR] Attestation check for Shared Storage on https://www.googleadservices.com failed. @ https://www.googleadservices.com/pagead/managed/js/activeview/current/reach_worklet.html:0
[    6368ms] [ERROR] Attestation check for Shared Storage on https://www.googleadservices.com failed. @ https://www.googleadservices.com/pagead/managed/js/activeview/current/reach_worklet.html:0
[    6370ms] [ERROR] Attestation check for Shared Storage on https://www.googleadservices.com failed. @ https://www.googleadservices.com/pagead/managed/js/activeview/current/reach_worklet.html:0
[    6709ms] [ERROR] Attestation check for Shared Storage on https://www.googleadservices.com failed. @ https://www.googleadservices.com/pagead/managed/js/activeview/current/reach_worklet.html:0
[    6814ms] [ERROR] Attestation check for Shared Storage on https://www.googleadservices.com failed. @ https://www.googleadservices.com/pagead/managed/js/activeview/current/reach_worklet.html:0
[   33681ms] [ERROR] Attestation check for Shared Storage on https://www.googleadservices.com failed. @ https://www.googleadservices.com/pagead/managed/js/activeview/current/reach_worklet.html:0
[    6362ms] [ERROR] Attestation check for Shared Storage on https://www.googleadservices.com failed. @ https://www.googleadservices.com/pagead/managed/js/activeview/current/reach_worklet.html:0
[    6367ms] [ERROR] Attestation check for Shared Storage on https://www.googleadservices.com failed. @ https://www.googleadservices.com/pagead/managed/js/activeview/current/reach_worklet.html:0
[    6368ms] [ERROR] Attestation check for Shared Storage on https://www.googleadservices.com failed. @ https://www.googleadservices.com/pagead/managed/js/activeview/current/reach_worklet.html:0
[    6370ms] [ERROR] Attestation check for Shared Storage on https://www.googleadservices.com failed. @ https://www.googleadservices.com/pagead/managed/js/activeview/current/reach_worklet.html:0
[    6709ms] [ERROR] Attestation check for Shared Storage on https://www.googleadservices.com failed. @ https://www.googleadservices.com/pagead/managed/js/activeview/current/reach_worklet.html:0
[    6814ms] [ERROR] Attestation check for Shared Storage on https://www.googleadservices.com failed. @ https://www.googleadservices.com/pagead/managed/js/activeview/current/reach_worklet.html:0
[   33681ms] [ERROR] Attestation check for Shared Storage on https://www.googleadservices.com failed. @ https://www.googleadservices.com/pagead/managed/js/activeview/current/reach_worklet.html:0
[   33894ms] [ERROR] Attestation check for Attribution Reporting on https://ad.doubleclick.net failed. @ https://www.ocregister.com/2022/02/03/review-15-patios-for-a-winter-date-night-in-orange-county/:0
[   33934ms] [ERROR] Attestation check for Shared Storage on https://www.googleadservices.com failed. @ https://www.googleadservices.com/pagead/managed/js/activeview/current/reach_worklet.html:0
[    6362ms] [ERROR] Attestation check for Shared Storage on https://www.googleadservices.com failed. @ https://www.googleadservices.com/pagead/managed/js/activeview/current/reach_worklet.html:0
[    6367ms] [ERROR] Attestation check for Shared Storage on https://www.googleadservices.com failed. @ https://www.googleadservices.com/pagead/managed/js/activeview/current/reach_worklet.html:0
[    6368ms] [ERROR] Attestation check for Shared Storage on https://www.googleadservices.com failed. @ https://www.googleadservices.com/pagead/managed/js/activeview/current/reach_worklet.html:0
[    6370ms] [ERROR] Attestation check for Shared Storage on https://www.googleadservices.com failed. @ https://www.googleadservices.com/pagead/managed/js/activeview/current/reach_worklet.html:0
[    6709ms] [ERROR] Attestation check for Shared Storage on https://www.googleadservices.com failed. @ https://www.googleadservices.com/pagead/managed/js/activeview/current/reach_worklet.html:0
[    6814ms] [ERROR] Attestation check for Shared Storage on https://www.googleadservices.com failed. @ https://www.googleadservices.com/pagead/managed/js/activeview/current/reach_worklet.html:0
[   33681ms] [ERROR] Attestation check for Shared Storage on https://www.googleadservices.com failed. @ https://www.googleadservices.com/pagead/managed/js/activeview/current/reach_worklet.html:0
[   33934ms] [ERROR] Attestation check for Shared Storage on https://www.googleadservices.com failed. @ https://www.googleadservices.com/pagead/managed/js/activeview/current/reach_worklet.html:0
[   34031ms] [ERROR] Attestation check for Shared Storage on https://www.googleadservices.com failed. @ https://www.googleadservices.com/pagead/managed/js/activeview/current/reach_worklet.html:0
[   34132ms] [ERROR] Attestation check for Attribution Reporting on https://ad.doubleclick.net failed. @ https://www.ocregister.com/2022/02/03/review-15-patios-for-a-winter-date-night-in-orange-county/:0
[   47309ms] [LOG] QuickStart: 🔧 Setting user properties {14: Inactivity} @ https://cdn.sophi.io/assets/demeter/1/stable/491643944.js?ver=6.9.4:0
