[      11ms] [WARNING] The resource https://securepubads.g.doubleclick.net/tag/js/gpt.js was preloaded using link preload but not used within a few seconds from the window's load event. Please make sure it has an appropriate `as` value and it is preloaded intentionally. @ https://la.eater.com/maps/best-food-restaurants-uci-university-of-california-irvine:0
[     708ms] [LOG] mg2loader: not waiting @ mg2_loader_loader-js-after:3
[     711ms] [LOG] Engage Library loaded: 1776448001196 @ https://www.ocregister.com/_static/??-eJydzEEKwjAQheELmQxCbXAhXsCtB0iaMUxJpiEzoXp7uxG6EBcu3uaH78FazbSwIivU3BOxQHwUo62LGuJIk9elbZFEYRYontiWbbMc4AvOi4/YzFpB1CtNgJx8whuF5tvrlyycTKRE0oN88L5ZQVXiJDZ0jhn//tkA41PvSnn3dS2Xo3PjMJzObpzfa9tpCA==:3
[     744ms] [LOG] MNGDigisubs: Waiting for islands ready @ https://www.ocregister.com/_static/??-eJyl0MEKwzAIANAfWiKDrmGHset+I02kGBJbqmH7/NljT4P1IKLoE4T36tLCiqyw1j4TCzSeXaaZpE8ColEpHXq+RWI/dc4VfZEL/GPYAuNHzzI2TFqxWZazVqdX3IHtBySk6A7FkjY0RHGDbAmKXdt/1CyKPNvjGsI4DLd7GMsXV/iLXg==:1
[     744ms] [LOG] MNGDigisubs: Settings:  {debug: true, sessionServer: https://session.ocregister.com, entitlementsEnabled: true, dropdownEnabled: true, enableReaderDashboardLink: true} @ https://www.ocregister.com/_static/??-eJyl0MEKwzAIANAfWiKDrmGHset+I02kGBJbqmH7/NljT4P1IKLoE4T36tLCiqyw1j4TCzSeXaaZpE8ColEpHXq+RWI/dc4VfZEL/GPYAuNHzzI2TFqxWZazVqdX3IHtBySk6A7FkjY0RHGDbAmKXdt/1CyKPNvjGsI4DLd7GMsXV/iLXg==:1
[     744ms] [LOG] MNGDigisubs: ANALYTICS: Start Analytics @ https://www.ocregister.com/_static/??-eJyl0MEKwzAIANAfWiKDrmGHset+I02kGBJbqmH7/NljT4P1IKLoE4T36tLCiqyw1j4TCzSeXaaZpE8ColEpHXq+RWI/dc4VfZEL/GPYAuNHzzI2TFqxWZazVqdX3IHtBySk6A7FkjY0RHGDbAmKXdt/1CyKPNvjGsI4DLd7GMsXV/iLXg==:1
[     745ms] [LOG] MNGDigisubs: BlueConicUtils | blueConicReady | checking BC readiness @ https://www.ocregister.com/_static/??-eJyl0MEKwzAIANAfWiKDrmGHset+I02kGBJbqmH7/NljT4P1IKLoE4T36tLCiqyw1j4TCzSeXaaZpE8ColEpHXq+RWI/dc4VfZEL/GPYAuNHzzI2TFqxWZazVqdX3IHtBySk6A7FkjY0RHGDbAmKXdt/1CyKPNvjGsI4DLd7GMsXV/iLXg==:1
[     745ms] [LOG] MNGDigisubs: utils | Adding authenticationReady listener... @ https://www.ocregister.com/_static/??-eJyl0MEKwzAIANAfWiKDrmGHset+I02kGBJbqmH7/NljT4P1IKLoE4T36tLCiqyw1j4TCzSeXaaZpE8ColEpHXq+RWI/dc4VfZEL/GPYAuNHzzI2TFqxWZazVqdX3IHtBySk6A7FkjY0RHGDbAmKXdt/1CyKPNvjGsI4DLd7GMsXV/iLXg==:1
[     745ms] [LOG] MNGDigisubs: utils | Adding authenticationReady listener... @ https://www.ocregister.com/_static/??-eJyl0MEKwzAIANAfWiKDrmGHset+I02kGBJbqmH7/NljT4P1IKLoE4T36tLCiqyw1j4TCzSeXaaZpE8ColEpHXq+RWI/dc4VfZEL/GPYAuNHzzI2TFqxWZazVqdX3IHtBySk6A7FkjY0RHGDbAmKXdt/1CyKPNvjGsI4DLd7GMsXV/iLXg==:1
[     753ms] [LOG] MNGDigisubs: Waiting for islands ready @ https://www.ocregister.com/_static/??-eJyl0MEKwzAIANAfWiKDrmGHset+I02kGBJbqmH7/NljT4P1IKLoE4T36tLCiqyw1j4TCzSeXaaZpE8ColEpHXq+RWI/dc4VfZEL/GPYAuNHzzI2TFqxWZazVqdX3IHtBySk6A7FkjY0RHGDbAmKXdt/1CyKPNvjGsI4DLd7GMsXV/iLXg==:4
[     753ms] [LOG] MNGDigisubs: Creating new connext ready promise with timeout of 100000. @ https://www.ocregister.com/_static/??-eJydzEEKwjAQheELmQxCbXAhXsCtB0iaMUxJpiEzoXp7uxG6EBcu3uaH78FazbSwIivU3BOxQHwUo62LGuJIk9elbZFEYRYontiWbbMc4AvOi4/YzFpB1CtNgJx8whuF5tvrlyycTKRE0oN88L5ZQVXiJDZ0jhn//tkA41PvSnn3dS2Xo3PjMJzObpzfa9tpCA==:8
[     753ms] [LOG] MNGDigisubs: Listening for Connext Ready event... @ https://www.ocregister.com/_static/??-eJydzEEKwjAQheELmQxCbXAhXsCtB0iaMUxJpiEzoXp7uxG6EBcu3uaH78FazbSwIivU3BOxQHwUo62LGuJIk9elbZFEYRYontiWbbMc4AvOi4/YzFpB1CtNgJx8whuF5tvrlyycTKRE0oN88L5ZQVXiJDZ0jhn//tkA41PvSnn3dS2Xo3PjMJzObpzfa9tpCA==:8
[     754ms] [LOG] MNGDigisubs: Connext added event listener for onInit @ https://www.ocregister.com/_static/??-eJydzEEKwjAQheELmQxCbXAhXsCtB0iaMUxJpiEzoXp7uxG6EBcu3uaH78FazbSwIivU3BOxQHwUo62LGuJIk9elbZFEYRYontiWbbMc4AvOi4/YzFpB1CtNgJx8whuF5tvrlyycTKRE0oN88L5ZQVXiJDZ0jhn//tkA41PvSnn3dS2Xo3PjMJzObpzfa9tpCA==:8
[     754ms] [LOG] MNGDigisubs: utils | Adding authenticationReady listener... @ https://www.ocregister.com/_static/??-eJyl0MEKwzAIANAfWiKDrmGHset+I02kGBJbqmH7/NljT4P1IKLoE4T36tLCiqyw1j4TCzSeXaaZpE8ColEpHXq+RWI/dc4VfZEL/GPYAuNHzzI2TFqxWZazVqdX3IHtBySk6A7FkjY0RHGDbAmKXdt/1CyKPNvjGsI4DLd7GMsXV/iLXg==:4
[     754ms] [LOG] MNGDigisubs: UIHandler:  Waiting for the body to load... @ https://www.ocregister.com/_static/??-eJyl0MEKwzAIANAfWiKDrmGHset+I02kGBJbqmH7/NljT4P1IKLoE4T36tLCiqyw1j4TCzSeXaaZpE8ColEpHXq+RWI/dc4VfZEL/GPYAuNHzzI2TFqxWZazVqdX3IHtBySk6A7FkjY0RHGDbAmKXdt/1CyKPNvjGsI4DLd7GMsXV/iLXg==:4
[     760ms] [LOG] MNGDigisubs: Waiting for islands ready @ https://www.ocregister.com/_static/??-eJyl0MEKwzAIANAfWiKDrmGHset+I02kGBJbqmH7/NljT4P1IKLoE4T36tLCiqyw1j4TCzSeXaaZpE8ColEpHXq+RWI/dc4VfZEL/GPYAuNHzzI2TFqxWZazVqdX3IHtBySk6A7FkjY0RHGDbAmKXdt/1CyKPNvjGsI4DLd7GMsXV/iLXg==:7
[     760ms] [LOG] MNGDigisubs: loggedOutNewSubscriberActions There is no clearEntCache cookie @ https://www.ocregister.com/_static/??-eJyl0MEKwzAIANAfWiKDrmGHset+I02kGBJbqmH7/NljT4P1IKLoE4T36tLCiqyw1j4TCzSeXaaZpE8ColEpHXq+RWI/dc4VfZEL/GPYAuNHzzI2TFqxWZazVqdX3IHtBySk6A7FkjY0RHGDbAmKXdt/1CyKPNvjGsI4DLd7GMsXV/iLXg==:7
[     760ms] [LOG] MNGDigisubs: loggedOutNewSubscriberActions Checking if this is a new regwall subscriber @ https://www.ocregister.com/_static/??-eJyl0MEKwzAIANAfWiKDrmGHset+I02kGBJbqmH7/NljT4P1IKLoE4T36tLCiqyw1j4TCzSeXaaZpE8ColEpHXq+RWI/dc4VfZEL/GPYAuNHzzI2TFqxWZazVqdX3IHtBySk6A7FkjY0RHGDbAmKXdt/1CyKPNvjGsI4DLd7GMsXV/iLXg==:7
[     769ms] [LOG] MNGDigisubs: Waiting for islands ready @ https://www.ocregister.com/_static/??-eJyl0MEKwzAIANAfWiKDrmGHset+I02kGBJbqmH7/NljT4P1IKLoE4T36tLCiqyw1j4TCzSeXaaZpE8ColEpHXq+RWI/dc4VfZEL/GPYAuNHzzI2TFqxWZazVqdX3IHtBySk6A7FkjY0RHGDbAmKXdt/1CyKPNvjGsI4DLd7GMsXV/iLXg==:10
[     770ms] [LOG] MNGDigisubs: UIHandler:  Waiting for the log-in-button class to load... @ https://www.ocregister.com/_static/??-eJyl0MEKwzAIANAfWiKDrmGHset+I02kGBJbqmH7/NljT4P1IKLoE4T36tLCiqyw1j4TCzSeXaaZpE8ColEpHXq+RWI/dc4VfZEL/GPYAuNHzzI2TFqxWZazVqdX3IHtBySk6A7FkjY0RHGDbAmKXdt/1CyKPNvjGsI4DLd7GMsXV/iLXg==:10
[     770ms] [LOG] MNGDigisubs: utils | Adding authenticationReady listener... @ https://www.ocregister.com/_static/??-eJyl0MEKwzAIANAfWiKDrmGHset+I02kGBJbqmH7/NljT4P1IKLoE4T36tLCiqyw1j4TCzSeXaaZpE8ColEpHXq+RWI/dc4VfZEL/GPYAuNHzzI2TFqxWZazVqdX3IHtBySk6A7FkjY0RHGDbAmKXdt/1CyKPNvjGsI4DLd7GMsXV/iLXg==:7
[     770ms] [LOG] MNGDigisubs: Inside getSession @ https://www.ocregister.com/_static/??-eJyl0MEKwzAIANAfWiKDrmGHset+I02kGBJbqmH7/NljT4P1IKLoE4T36tLCiqyw1j4TCzSeXaaZpE8ColEpHXq+RWI/dc4VfZEL/GPYAuNHzzI2TFqxWZazVqdX3IHtBySk6A7FkjY0RHGDbAmKXdt/1CyKPNvjGsI4DLd7GMsXV/iLXg==:1
[     770ms] [LOG] MNGDigisubs: Session: __MNG_Session =  {"accessToken":null,"idToken":null,"entitlementToken":null,"expiration":null,"entitlementSource":null,"isEntitled":null,"adFree":null,"entitlementLevel":null} @ https://www.ocregister.com/_static/??-eJyl0MEKwzAIANAfWiKDrmGHset+I02kGBJbqmH7/NljT4P1IKLoE4T36tLCiqyw1j4TCzSeXaaZpE8ColEpHXq+RWI/dc4VfZEL/GPYAuNHzzI2TFqxWZazVqdX3IHtBySk6A7FkjY0RHGDbAmKXdt/1CyKPNvjGsI4DLd7GMsXV/iLXg==:1
[     770ms] [LOG] MNGDigisubs: Session: check both tokens:  null null @ https://www.ocregister.com/_static/??-eJyl0MEKwzAIANAfWiKDrmGHset+I02kGBJbqmH7/NljT4P1IKLoE4T36tLCiqyw1j4TCzSeXaaZpE8ColEpHXq+RWI/dc4VfZEL/GPYAuNHzzI2TFqxWZazVqdX3IHtBySk6A7FkjY0RHGDbAmKXdt/1CyKPNvjGsI4DLd7GMsXV/iLXg==:1
[     770ms] [LOG] MNGDigisubs: Session: missing id or entitlements, try session server @ https://www.ocregister.com/_static/??-eJyl0MEKwzAIANAfWiKDrmGHset+I02kGBJbqmH7/NljT4P1IKLoE4T36tLCiqyw1j4TCzSeXaaZpE8ColEpHXq+RWI/dc4VfZEL/GPYAuNHzzI2TFqxWZazVqdX3IHtBySk6A7FkjY0RHGDbAmKXdt/1CyKPNvjGsI4DLd7GMsXV/iLXg==:1
[     770ms] [LOG] MNGDigisubs: Checking server session:  https://session.ocregister.com/api/session @ https://www.ocregister.com/_static/??-eJyl0MEKwzAIANAfWiKDrmGHset+I02kGBJbqmH7/NljT4P1IKLoE4T36tLCiqyw1j4TCzSeXaaZpE8ColEpHXq+RWI/dc4VfZEL/GPYAuNHzzI2TFqxWZazVqdX3IHtBySk6A7FkjY0RHGDbAmKXdt/1CyKPNvjGsI4DLd7GMsXV/iLXg==:1
[     802ms] [LOG] MNGDigisubs: Waiting for islands ready @ https://www.ocregister.com/_static/??-eJyNzEEOAiEMheELCY3JOMSFceFJGMChSAuxJXN9R3cmLty9vOT7YesmNNbECr2OFVkg3sn4aKjFfaMoFIGcpd5yCg9LyLbIAX5A4tVEXFHGIuBFksrbSusZgbzm9Pybi3rF8PXZT8gug2NNe+RKl6Nz8zSdzm4uL/+sSmE=:5
[     802ms] [LOG] MNGDigisubs: Sophi:  site settings: onDeviceEnabled = true, sdkEnabled = false @ https://www.ocregister.com/_static/??-eJyNzEEOAiEMheELCY3JOMSFceFJGMChSAuxJXN9R3cmLty9vOT7YesmNNbECr2OFVkg3sn4aKjFfaMoFIGcpd5yCg9LyLbIAX5A4tVEXFHGIuBFksrbSusZgbzm9Pybi3rF8PXZT8gug2NNe+RKl6Nz8zSdzm4uL/+sSmE=:5
[     802ms] [LOG] MNGDigisubs: Sophi:  Sophi Engage vs Sophi SSPW A/B Test Enabled: false @ https://www.ocregister.com/_static/??-eJyNzEEOAiEMheELCY3JOMSFceFJGMChSAuxJXN9R3cmLty9vOT7YesmNNbECr2OFVkg3sn4aKjFfaMoFIGcpd5yCg9LyLbIAX5A4tVEXFHGIuBFksrbSusZgbzm9Pybi3rF8PXZT8gug2NNe+RKl6Nz8zSdzm4uL/+sSmE=:5
[     802ms] [LOG] MNGDigisubs: Utils digisubsDataLayerLoaded:  Waiting for the dataLayer to load... @ https://www.ocregister.com/_static/??-eJyNzEEOAiEMheELCY3JOMSFceFJGMChSAuxJXN9R3cmLty9vOT7YesmNNbECr2OFVkg3sn4aKjFfaMoFIGcpd5yCg9LyLbIAX5A4tVEXFHGIuBFksrbSusZgbzm9Pybi3rF8PXZT8gug2NNe+RKl6Nz8zSdzm4uL/+sSmE=:5
[     816ms] [LOG] MNGDigisubs: Waiting for islands ready @ https://www.ocregister.com/_static/??-eJzTLy/QTc7PK0nNK9EvyClNz8wr1s/NS9dNyUzPLC5NKtYvLkksyUxGEdNLLAIK5aQGZyQWpeolleal5KTqZRXr6FNiVmIZklH2ubaG5uZmJiamluZmWQApDDzQ:1
[     816ms] [LOG] MNGDigisubs: utils | Adding authenticationReady listener... @ https://www.ocregister.com/_static/??-eJzTLy/QTc7PK0nNK9EvyClNz8wr1s/NS9dNyUzPLC5NKtYvLkksyUxGEdNLLAIK5aQGZyQWpeolleal5KTqZRXr6FNiVmIZklH2ubaG5uZmJiamluZmWQApDDzQ:1
[     820ms] [LOG] MNGDigisubs: Waiting for islands ready @ https://www.ocregister.com/_static/??-eJzTLy/QTc7PK0nNK9EvyClNz8wr1s/NS9dNyUzPLC5NKtYvLkksyUxGEdNLLAIK5aQGZyQWpeolleal5KTqZRXr6FNiVmIZklH2ubaG5uZmJiamluZmWQApDDzQ:4
[     903ms] [LOG] MNGDigisubs: Ad Free Check: :  null @ https://www.ocregister.com/_static/??-eJyl0MEKwzAIANAfWiKDrmGHset+I02kGBJbqmH7/NljT4P1IKLoE4T36tLCiqyw1j4TCzSeXaaZpE8ColEpHXq+RWI/dc4VfZEL/GPYAuNHzzI2TFqxWZazVqdX3IHtBySk6A7FkjY0RHGDbAmKXdt/1CyKPNvjGsI4DLd7GMsXV/iLXg==:10
[     905ms] [LOG] MNGDigisubs: Utils getDataLayerObject: looking for this dataLayer object  Section @ https://www.ocregister.com/_static/??-eJyNzEEOAiEMheELCY3JOMSFceFJGMChSAuxJXN9R3cmLty9vOT7YesmNNbECr2OFVkg3sn4aKjFfaMoFIGcpd5yCg9LyLbIAX5A4tVEXFHGIuBFksrbSusZgbzm9Pybi3rF8PXZT8gug2NNe+RKl6Nz8zSdzm4uL/+sSmE=:5
[     905ms] [LOG] MNGDigisubs: Utils getDataLayerObject: here is dataLayer length  3 @ https://www.ocregister.com/_static/??-eJyNzEEOAiEMheELCY3JOMSFceFJGMChSAuxJXN9R3cmLty9vOT7YesmNNbECr2OFVkg3sn4aKjFfaMoFIGcpd5yCg9LyLbIAX5A4tVEXFHGIuBFksrbSusZgbzm9Pybi3rF8PXZT8gug2NNe+RKl6Nz8zSdzm4uL/+sSmE=:5
[     905ms] [LOG] MNGDigisubs: Utils dataLayerLoop:  look for this element  [set, developer_id.dMzRlOT, true] @ https://www.ocregister.com/_static/??-eJyNzEEOAiEMheELCY3JOMSFceFJGMChSAuxJXN9R3cmLty9vOT7YesmNNbECr2OFVkg3sn4aKjFfaMoFIGcpd5yCg9LyLbIAX5A4tVEXFHGIuBFksrbSusZgbzm9Pybi3rF8PXZT8gug2NNe+RKl6Nz8zSdzm4uL/+sSmE=:5
[     905ms] [LOG] MNGDigisubs: Utils dataLayerLoop: dataLayer search  false @ https://www.ocregister.com/_static/??-eJyNzEEOAiEMheELCY3JOMSFceFJGMChSAuxJXN9R3cmLty9vOT7YesmNNbECr2OFVkg3sn4aKjFfaMoFIGcpd5yCg9LyLbIAX5A4tVEXFHGIuBFksrbSusZgbzm9Pybi3rF8PXZT8gug2NNe+RKl6Nz8zSdzm4uL/+sSmE=:5
[     905ms] [LOG] MNGDigisubs: Utils dataLayerLoop:  look for this element  {quantcast: p-4ctCQwtnNBNs2, quantcast label: LANewsGroup, comscore: 6035443, Publisher Domain: ocregister.com, Publisher Product: ocregister.com} @ https://www.ocregister.com/_static/??-eJyNzEEOAiEMheELCY3JOMSFceFJGMChSAuxJXN9R3cmLty9vOT7YesmNNbECr2OFVkg3sn4aKjFfaMoFIGcpd5yCg9LyLbIAX5A4tVEXFHGIuBFksrbSusZgbzm9Pybi3rF8PXZT8gug2NNe+RKl6Nz8zSdzm4uL/+sSmE=:5
[     905ms] [LOG] MNGDigisubs: Utils dataLayerLoop: found  Things To Do @ https://www.ocregister.com/_static/??-eJyNzEEOAiEMheELCY3JOMSFceFJGMChSAuxJXN9R3cmLty9vOT7YesmNNbECr2OFVkg3sn4aKjFfaMoFIGcpd5yCg9LyLbIAX5A4tVEXFHGIuBFksrbSusZgbzm9Pybi3rF8PXZT8gug2NNe+RKl6Nz8zSdzm4uL/+sSmE=:5
[     905ms] [LOG] MNGDigisubs: utils | section: Section is  Things To Do @ https://www.ocregister.com/_static/??-eJyNzEEOAiEMheELCY3JOMSFceFJGMChSAuxJXN9R3cmLty9vOT7YesmNNbECr2OFVkg3sn4aKjFfaMoFIGcpd5yCg9LyLbIAX5A4tVEXFHGIuBFksrbSusZgbzm9Pybi3rF8PXZT8gug2NNe+RKl6Nz8zSdzm4uL/+sSmE=:5
[     905ms] [LOG] MNGDigisubs: Utils digisubsDataLayerLoaded:  Waiting for the dataLayer to load... @ https://www.ocregister.com/_static/??-eJyNzEEOAiEMheELCY3JOMSFceFJGMChSAuxJXN9R3cmLty9vOT7YesmNNbECr2OFVkg3sn4aKjFfaMoFIGcpd5yCg9LyLbIAX5A4tVEXFHGIuBFksrbSusZgbzm9Pybi3rF8PXZT8gug2NNe+RKl6Nz8zSdzm4uL/+sSmE=:5
[     933ms] [LOG] MNGDigisubs: Setting local storage session {"accessToken":null,"idToken":null,"entitlementToken":null,"expiration":null,"entitlementSource":null,"isEntitled":null,"adFree":null,"entitlementLevel":null} @ https://www.ocregister.com/_static/??-eJyl0MEKwzAIANAfWiKDrmGHset+I02kGBJbqmH7/NljT4P1IKLoE4T36tLCiqyw1j4TCzSeXaaZpE8ColEpHXq+RWI/dc4VfZEL/GPYAuNHzzI2TFqxWZazVqdX3IHtBySk6A7FkjY0RHGDbAmKXdt/1CyKPNvjGsI4DLd7GMsXV/iLXg==:1
[     934ms] [LOG] MNGDigisubs: Returning session:  null null null @ https://www.ocregister.com/_static/??-eJyl0MEKwzAIANAfWiKDrmGHset+I02kGBJbqmH7/NljT4P1IKLoE4T36tLCiqyw1j4TCzSeXaaZpE8ColEpHXq+RWI/dc4VfZEL/GPYAuNHzzI2TFqxWZazVqdX3IHtBySk6A7FkjY0RHGDbAmKXdt/1CyKPNvjGsI4DLd7GMsXV/iLXg==:1
[     934ms] [LOG] MNGDigisubs: Authentication Init | isAuthenticated: false @ https://www.ocregister.com/_static/??-eJyl0MEKwzAIANAfWiKDrmGHset+I02kGBJbqmH7/NljT4P1IKLoE4T36tLCiqyw1j4TCzSeXaaZpE8ColEpHXq+RWI/dc4VfZEL/GPYAuNHzzI2TFqxWZazVqdX3IHtBySk6A7FkjY0RHGDbAmKXdt/1CyKPNvjGsI4DLd7GMsXV/iLXg==:1
[     934ms] [LOG] MNGDigisubs: Authentication Init | accessToken: false @ https://www.ocregister.com/_static/??-eJyl0MEKwzAIANAfWiKDrmGHset+I02kGBJbqmH7/NljT4P1IKLoE4T36tLCiqyw1j4TCzSeXaaZpE8ColEpHXq+RWI/dc4VfZEL/GPYAuNHzzI2TFqxWZazVqdX3IHtBySk6A7FkjY0RHGDbAmKXdt/1CyKPNvjGsI4DLd7GMsXV/iLXg==:1
[     934ms] [LOG] MNGDigisubs: utils | auth event dispathed @ https://www.ocregister.com/_static/??-eJyl0MEKwzAIANAfWiKDrmGHset+I02kGBJbqmH7/NljT4P1IKLoE4T36tLCiqyw1j4TCzSeXaaZpE8ColEpHXq+RWI/dc4VfZEL/GPYAuNHzzI2TFqxWZazVqdX3IHtBySk6A7FkjY0RHGDbAmKXdt/1CyKPNvjGsI4DLd7GMsXV/iLXg==:1
[     934ms] [LOG] MNGDigisubs: utils | Dispatching authenticationReady Event:  CustomEvent @ https://www.ocregister.com/_static/??-eJyl0MEKwzAIANAfWiKDrmGHset+I02kGBJbqmH7/NljT4P1IKLoE4T36tLCiqyw1j4TCzSeXaaZpE8ColEpHXq+RWI/dc4VfZEL/GPYAuNHzzI2TFqxWZazVqdX3IHtBySk6A7FkjY0RHGDbAmKXdt/1CyKPNvjGsI4DLd7GMsXV/iLXg==:1
[     934ms] [LOG] MNGDigisubs: utils | Event: authentication ready:  {isAuthenticated: false, idToken: null, accessToken: false, claims: undefined} @ https://www.ocregister.com/_static/??-eJyl0MEKwzAIANAfWiKDrmGHset+I02kGBJbqmH7/NljT4P1IKLoE4T36tLCiqyw1j4TCzSeXaaZpE8ColEpHXq+RWI/dc4VfZEL/GPYAuNHzzI2TFqxWZazVqdX3IHtBySk6A7FkjY0RHGDbAmKXdt/1CyKPNvjGsI4DLd7GMsXV/iLXg==:1
[     934ms] [LOG] MNGDigisubs: utils | Event: authentication ready:  {isAuthenticated: false, idToken: null, accessToken: false, claims: undefined} @ https://www.ocregister.com/_static/??-eJyl0MEKwzAIANAfWiKDrmGHset+I02kGBJbqmH7/NljT4P1IKLoE4T36tLCiqyw1j4TCzSeXaaZpE8ColEpHXq+RWI/dc4VfZEL/GPYAuNHzzI2TFqxWZazVqdX3IHtBySk6A7FkjY0RHGDbAmKXdt/1CyKPNvjGsI4DLd7GMsXV/iLXg==:1
[     934ms] [LOG] MNGDigisubs: utils | Event: authentication ready:  {isAuthenticated: false, idToken: null, accessToken: false, claims: undefined} @ https://www.ocregister.com/_static/??-eJyl0MEKwzAIANAfWiKDrmGHset+I02kGBJbqmH7/NljT4P1IKLoE4T36tLCiqyw1j4TCzSeXaaZpE8ColEpHXq+RWI/dc4VfZEL/GPYAuNHzzI2TFqxWZazVqdX3IHtBySk6A7FkjY0RHGDbAmKXdt/1CyKPNvjGsI4DLd7GMsXV/iLXg==:4
[     934ms] [LOG] MNGDigisubs: utils | Event: authentication ready:  {isAuthenticated: false, idToken: null, accessToken: false, claims: undefined} @ https://www.ocregister.com/_static/??-eJyl0MEKwzAIANAfWiKDrmGHset+I02kGBJbqmH7/NljT4P1IKLoE4T36tLCiqyw1j4TCzSeXaaZpE8ColEpHXq+RWI/dc4VfZEL/GPYAuNHzzI2TFqxWZazVqdX3IHtBySk6A7FkjY0RHGDbAmKXdt/1CyKPNvjGsI4DLd7GMsXV/iLXg==:7
[     935ms] [LOG] MNGDigisubs: utils | Event: authentication ready:  {isAuthenticated: false, idToken: null, accessToken: false, claims: undefined} @ https://www.ocregister.com/_static/??-eJzTLy/QTc7PK0nNK9EvyClNz8wr1s/NS9dNyUzPLC5NKtYvLkksyUxGEdNLLAIK5aQGZyQWpeolleal5KTqZRXr6FNiVmIZklH2ubaG5uZmJiamluZmWQApDDzQ:1
[     935ms] [LOG] MNGDigisubs: utils | Dispatched authenticationReady event @ https://www.ocregister.com/_static/??-eJyl0MEKwzAIANAfWiKDrmGHset+I02kGBJbqmH7/NljT4P1IKLoE4T36tLCiqyw1j4TCzSeXaaZpE8ColEpHXq+RWI/dc4VfZEL/GPYAuNHzzI2TFqxWZazVqdX3IHtBySk6A7FkjY0RHGDbAmKXdt/1CyKPNvjGsI4DLd7GMsXV/iLXg==:1
[     935ms] [LOG] MNGDigisubs: Islands not ready @ https://www.ocregister.com/_static/??-eJyl0MEKwzAIANAfWiKDrmGHset+I02kGBJbqmH7/NljT4P1IKLoE4T36tLCiqyw1j4TCzSeXaaZpE8ColEpHXq+RWI/dc4VfZEL/GPYAuNHzzI2TFqxWZazVqdX3IHtBySk6A7FkjY0RHGDbAmKXdt/1CyKPNvjGsI4DLd7GMsXV/iLXg==:1
[     935ms] [LOG] MNGDigisubs: User is not authenticated. @ https://www.ocregister.com/_static/??-eJyl0MEKwzAIANAfWiKDrmGHset+I02kGBJbqmH7/NljT4P1IKLoE4T36tLCiqyw1j4TCzSeXaaZpE8ColEpHXq+RWI/dc4VfZEL/GPYAuNHzzI2TFqxWZazVqdX3IHtBySk6A7FkjY0RHGDbAmKXdt/1CyKPNvjGsI4DLd7GMsXV/iLXg==:1
[     935ms] [LOG] MNGDigisubs: Page is not login or Connext state is present @ https://www.ocregister.com/_static/??-eJyl0MEKwzAIANAfWiKDrmGHset+I02kGBJbqmH7/NljT4P1IKLoE4T36tLCiqyw1j4TCzSeXaaZpE8ColEpHXq+RWI/dc4VfZEL/GPYAuNHzzI2TFqxWZazVqdX3IHtBySk6A7FkjY0RHGDbAmKXdt/1CyKPNvjGsI4DLd7GMsXV/iLXg==:1
[     935ms] [LOG] MNGDigisubs: UIHandler:  Waiting for the body to load... @ https://www.ocregister.com/_static/??-eJyl0MEKwzAIANAfWiKDrmGHset+I02kGBJbqmH7/NljT4P1IKLoE4T36tLCiqyw1j4TCzSeXaaZpE8ColEpHXq+RWI/dc4VfZEL/GPYAuNHzzI2TFqxWZazVqdX3IHtBySk6A7FkjY0RHGDbAmKXdt/1CyKPNvjGsI4DLd7GMsXV/iLXg==:1
[     935ms] [LOG] MNGDigisubs: Inside getSession @ https://www.ocregister.com/_static/??-eJyl0MEKwzAIANAfWiKDrmGHset+I02kGBJbqmH7/NljT4P1IKLoE4T36tLCiqyw1j4TCzSeXaaZpE8ColEpHXq+RWI/dc4VfZEL/GPYAuNHzzI2TFqxWZazVqdX3IHtBySk6A7FkjY0RHGDbAmKXdt/1CyKPNvjGsI4DLd7GMsXV/iLXg==:7
[     935ms] [LOG] MNGDigisubs: Session: __MNG_Session =  {"accessToken":null,"idToken":null,"entitlementToken":null,"expiration":null,"entitlementSource":null,"isEntitled":null,"adFree":null,"entitlementLevel":null} @ https://www.ocregister.com/_static/??-eJyl0MEKwzAIANAfWiKDrmGHset+I02kGBJbqmH7/NljT4P1IKLoE4T36tLCiqyw1j4TCzSeXaaZpE8ColEpHXq+RWI/dc4VfZEL/GPYAuNHzzI2TFqxWZazVqdX3IHtBySk6A7FkjY0RHGDbAmKXdt/1CyKPNvjGsI4DLd7GMsXV/iLXg==:7
[     935ms] [LOG] MNGDigisubs: Session: check both tokens:  null null @ https://www.ocregister.com/_static/??-eJyl0MEKwzAIANAfWiKDrmGHset+I02kGBJbqmH7/NljT4P1IKLoE4T36tLCiqyw1j4TCzSeXaaZpE8ColEpHXq+RWI/dc4VfZEL/GPYAuNHzzI2TFqxWZazVqdX3IHtBySk6A7FkjY0RHGDbAmKXdt/1CyKPNvjGsI4DLd7GMsXV/iLXg==:7
[     935ms] [LOG] MNGDigisubs: Session: missing id or entitlements, try session server @ https://www.ocregister.com/_static/??-eJyl0MEKwzAIANAfWiKDrmGHset+I02kGBJbqmH7/NljT4P1IKLoE4T36tLCiqyw1j4TCzSeXaaZpE8ColEpHXq+RWI/dc4VfZEL/GPYAuNHzzI2TFqxWZazVqdX3IHtBySk6A7FkjY0RHGDbAmKXdt/1CyKPNvjGsI4DLd7GMsXV/iLXg==:7
[     935ms] [LOG] MNGDigisubs: Checking server session:  https://session.ocregister.com/api/session @ https://www.ocregister.com/_static/??-eJyl0MEKwzAIANAfWiKDrmGHset+I02kGBJbqmH7/NljT4P1IKLoE4T36tLCiqyw1j4TCzSeXaaZpE8ColEpHXq+RWI/dc4VfZEL/GPYAuNHzzI2TFqxWZazVqdX3IHtBySk6A7FkjY0RHGDbAmKXdt/1CyKPNvjGsI4DLd7GMsXV/iLXg==:7
[    1013ms] [LOG] MNGDigisubs: Waiting for islands ready @ https://www.ocregister.com/wp-content/plugins/mng-digisubs/static/mng-digisubs.apple.bundle.js?m=1776445976g:1
[    1015ms] [LOG] MNGDigisubs: Setting local storage session {"accessToken":null,"idToken":null,"entitlementToken":null,"expiration":null,"entitlementSource":null,"isEntitled":null,"adFree":null,"entitlementLevel":null} @ https://www.ocregister.com/_static/??-eJyl0MEKwzAIANAfWiKDrmGHset+I02kGBJbqmH7/NljT4P1IKLoE4T36tLCiqyw1j4TCzSeXaaZpE8ColEpHXq+RWI/dc4VfZEL/GPYAuNHzzI2TFqxWZazVqdX3IHtBySk6A7FkjY0RHGDbAmKXdt/1CyKPNvjGsI4DLd7GMsXV/iLXg==:7
[    1015ms] [LOG] MNGDigisubs: Returning session:  null null null @ https://www.ocregister.com/_static/??-eJyl0MEKwzAIANAfWiKDrmGHset+I02kGBJbqmH7/NljT4P1IKLoE4T36tLCiqyw1j4TCzSeXaaZpE8ColEpHXq+RWI/dc4VfZEL/GPYAuNHzzI2TFqxWZazVqdX3IHtBySk6A7FkjY0RHGDbAmKXdt/1CyKPNvjGsI4DLd7GMsXV/iLXg==:7
[    1016ms] [LOG] MNGDigisubs: User is not logged in, skipping entitlement flow. @ https://www.ocregister.com/_static/??-eJyl0MEKwzAIANAfWiKDrmGHset+I02kGBJbqmH7/NljT4P1IKLoE4T36tLCiqyw1j4TCzSeXaaZpE8ColEpHXq+RWI/dc4VfZEL/GPYAuNHzzI2TFqxWZazVqdX3IHtBySk6A7FkjY0RHGDbAmKXdt/1CyKPNvjGsI4DLd7GMsXV/iLXg==:7
[    1016ms] [LOG] MNGDigisubs: Attempting to broadcast entitlements ready... false @ https://www.ocregister.com/_static/??-eJyl0MEKwzAIANAfWiKDrmGHset+I02kGBJbqmH7/NljT4P1IKLoE4T36tLCiqyw1j4TCzSeXaaZpE8ColEpHXq+RWI/dc4VfZEL/GPYAuNHzzI2TFqxWZazVqdX3IHtBySk6A7FkjY0RHGDbAmKXdt/1CyKPNvjGsI4DLd7GMsXV/iLXg==:7
[    1016ms] [LOG] MNGDigisubs: Dispatching entitlementsReady Event:  CustomEvent @ https://www.ocregister.com/_static/??-eJyl0MEKwzAIANAfWiKDrmGHset+I02kGBJbqmH7/NljT4P1IKLoE4T36tLCiqyw1j4TCzSeXaaZpE8ColEpHXq+RWI/dc4VfZEL/GPYAuNHzzI2TFqxWZazVqdX3IHtBySk6A7FkjY0RHGDbAmKXdt/1CyKPNvjGsI4DLd7GMsXV/iLXg==:7
[    1016ms] [LOG] MNGDigisubs: Received entitlementsReady event: {token: false} @ https://www.ocregister.com/_static/??-eJzTLy/QTc7PK0nNK9EvyClNz8wr1s/NS9dNyUzPLC5NKtYvLkksyUxGEdNLLAIK5aQGZyQWpeolleal5KTqZRXr6FNiVmIZklH2ubaG5uZmJiamluZmWQApDDzQ:1
[    1016ms] [LOG] MNGDigisubs: Received entitlementsReady event: {token: false} @ https://www.ocregister.com/_static/??-eJyl0MEKwzAIANAfWiKDrmGHset+I02kGBJbqmH7/NljT4P1IKLoE4T36tLCiqyw1j4TCzSeXaaZpE8ColEpHXq+RWI/dc4VfZEL/GPYAuNHzzI2TFqxWZazVqdX3IHtBySk6A7FkjY0RHGDbAmKXdt/1CyKPNvjGsI4DLd7GMsXV/iLXg==:1
[    1016ms] [LOG] MNGDigisubs: Dispatched entitlementsReady event @ https://www.ocregister.com/_static/??-eJyl0MEKwzAIANAfWiKDrmGHset+I02kGBJbqmH7/NljT4P1IKLoE4T36tLCiqyw1j4TCzSeXaaZpE8ColEpHXq+RWI/dc4VfZEL/GPYAuNHzzI2TFqxWZazVqdX3IHtBySk6A7FkjY0RHGDbAmKXdt/1CyKPNvjGsI4DLd7GMsXV/iLXg==:7
[    1016ms] [LOG] MNGDigisubs: Islands not ready @ https://www.ocregister.com/_static/??-eJyl0MEKwzAIANAfWiKDrmGHset+I02kGBJbqmH7/NljT4P1IKLoE4T36tLCiqyw1j4TCzSeXaaZpE8ColEpHXq+RWI/dc4VfZEL/GPYAuNHzzI2TFqxWZazVqdX3IHtBySk6A7FkjY0RHGDbAmKXdt/1CyKPNvjGsI4DLd7GMsXV/iLXg==:7
[    1016ms] [LOG] MNGDigisubs: article sharing: not a logged in or a subscriber, show marketing message and check for share code @ https://www.ocregister.com/_static/??-eJzTLy/QTc7PK0nNK9EvyClNz8wr1s/NS9dNyUzPLC5NKtYvLkksyUxGEdNLLAIK5aQGZyQWpeolleal5KTqZRXr6FNiVmIZklH2ubaG5uZmJiamluZmWQApDDzQ:1
[    1016ms] [LOG] MNGDigisubs: article sharing: code check: checking free article code @ https://www.ocregister.com/_static/??-eJzTLy/QTc7PK0nNK9EvyClNz8wr1s/NS9dNyUzPLC5NKtYvLkksyUxGEdNLLAIK5aQGZyQWpeolleal5KTqZRXr6FNiVmIZklH2ubaG5uZmJiamluZmWQApDDzQ:1
[    1016ms] [LOG] MNGDigisubs: Utils digisubsDataLayerLoaded:  Waiting for the dataLayer to load... @ https://www.ocregister.com/_static/??-eJzTLy/QTc7PK0nNK9EvyClNz8wr1s/NS9dNyUzPLC5NKtYvLkksyUxGEdNLLAIK5aQGZyQWpeolleal5KTqZRXr6FNiVmIZklH2ubaG5uZmJiamluZmWQApDDzQ:1
[    1016ms] [LOG] MNGDigisubs: ANALYTICS: user state variables are:   unknown undefined @ https://www.ocregister.com/_static/??-eJyl0MEKwzAIANAfWiKDrmGHset+I02kGBJbqmH7/NljT4P1IKLoE4T36tLCiqyw1j4TCzSeXaaZpE8ColEpHXq+RWI/dc4VfZEL/GPYAuNHzzI2TFqxWZazVqdX3IHtBySk6A7FkjY0RHGDbAmKXdt/1CyKPNvjGsI4DLd7GMsXV/iLXg==:1
[    1016ms] [LOG] MNGDigisubs: ANALYTICS: user state is  unknown @ https://www.ocregister.com/_static/??-eJyl0MEKwzAIANAfWiKDrmGHset+I02kGBJbqmH7/NljT4P1IKLoE4T36tLCiqyw1j4TCzSeXaaZpE8ColEpHXq+RWI/dc4VfZEL/GPYAuNHzzI2TFqxWZazVqdX3IHtBySk6A7FkjY0RHGDbAmKXdt/1CyKPNvjGsI4DLd7GMsXV/iLXg==:1
[    1016ms] [LOG] MNGDigisubs: ANALYTICS: SSPW is active, setting up analytics events. @ https://www.ocregister.com/_static/??-eJyl0MEKwzAIANAfWiKDrmGHset+I02kGBJbqmH7/NljT4P1IKLoE4T36tLCiqyw1j4TCzSeXaaZpE8ColEpHXq+RWI/dc4VfZEL/GPYAuNHzzI2TFqxWZazVqdX3IHtBySk6A7FkjY0RHGDbAmKXdt/1CyKPNvjGsI4DLd7GMsXV/iLXg==:1
[    1016ms] [LOG] MNGDigisubs: sspwG2iMeterEvent: initializing sspwG2iMeterEvent function @ https://www.ocregister.com/_static/??-eJyl0MEKwzAIANAfWiKDrmGHset+I02kGBJbqmH7/NljT4P1IKLoE4T36tLCiqyw1j4TCzSeXaaZpE8ColEpHXq+RWI/dc4VfZEL/GPYAuNHzzI2TFqxWZazVqdX3IHtBySk6A7FkjY0RHGDbAmKXdt/1CyKPNvjGsI4DLd7GMsXV/iLXg==:1
[    1016ms] [LOG] MNGDigisubs: Utils digisubsDataLayerLoaded:  Waiting for the dataLayer to load... @ https://www.ocregister.com/_static/??-eJyl0MEKwzAIANAfWiKDrmGHset+I02kGBJbqmH7/NljT4P1IKLoE4T36tLCiqyw1j4TCzSeXaaZpE8ColEpHXq+RWI/dc4VfZEL/GPYAuNHzzI2TFqxWZazVqdX3IHtBySk6A7FkjY0RHGDbAmKXdt/1CyKPNvjGsI4DLd7GMsXV/iLXg==:1
[    1017ms] [LOG] MNGDigisubs: Utils getDataLayerObject: looking for this dataLayer object  Page Type @ https://www.ocregister.com/_static/??-eJyNzEEOAiEMheELCY3JOMSFceFJGMChSAuxJXN9R3cmLty9vOT7YesmNNbECr2OFVkg3sn4aKjFfaMoFIGcpd5yCg9LyLbIAX5A4tVEXFHGIuBFksrbSusZgbzm9Pybi3rF8PXZT8gug2NNe+RKl6Nz8zSdzm4uL/+sSmE=:5
[    1018ms] [LOG] MNGDigisubs: Utils getDataLayerObject: here is dataLayer length  4 @ https://www.ocregister.com/_static/??-eJyNzEEOAiEMheELCY3JOMSFceFJGMChSAuxJXN9R3cmLty9vOT7YesmNNbECr2OFVkg3sn4aKjFfaMoFIGcpd5yCg9LyLbIAX5A4tVEXFHGIuBFksrbSusZgbzm9Pybi3rF8PXZT8gug2NNe+RKl6Nz8zSdzm4uL/+sSmE=:5
[    1018ms] [LOG] MNGDigisubs: Utils dataLayerLoop:  look for this element  [set, developer_id.dMzRlOT, true] @ https://www.ocregister.com/_static/??-eJyNzEEOAiEMheELCY3JOMSFceFJGMChSAuxJXN9R3cmLty9vOT7YesmNNbECr2OFVkg3sn4aKjFfaMoFIGcpd5yCg9LyLbIAX5A4tVEXFHGIuBFksrbSusZgbzm9Pybi3rF8PXZT8gug2NNe+RKl6Nz8zSdzm4uL/+sSmE=:5
[    1018ms] [LOG] MNGDigisubs: Utils dataLayerLoop: dataLayer search  false @ https://www.ocregister.com/_static/??-eJyNzEEOAiEMheELCY3JOMSFceFJGMChSAuxJXN9R3cmLty9vOT7YesmNNbECr2OFVkg3sn4aKjFfaMoFIGcpd5yCg9LyLbIAX5A4tVEXFHGIuBFksrbSusZgbzm9Pybi3rF8PXZT8gug2NNe+RKl6Nz8zSdzm4uL/+sSmE=:5
[    1018ms] [LOG] MNGDigisubs: Utils dataLayerLoop:  look for this element  {quantcast: p-4ctCQwtnNBNs2, quantcast label: LANewsGroup, comscore: 6035443, Publisher Domain: ocregister.com, Publisher Product: ocregister.com} @ https://www.ocregister.com/_static/??-eJyNzEEOAiEMheELCY3JOMSFceFJGMChSAuxJXN9R3cmLty9vOT7YesmNNbECr2OFVkg3sn4aKjFfaMoFIGcpd5yCg9LyLbIAX5A4tVEXFHGIuBFksrbSusZgbzm9Pybi3rF8PXZT8gug2NNe+RKl6Nz8zSdzm4uL/+sSmE=:5
[    1018ms] [LOG] MNGDigisubs: Utils dataLayerLoop: found  article @ https://www.ocregister.com/_static/??-eJyNzEEOAiEMheELCY3JOMSFceFJGMChSAuxJXN9R3cmLty9vOT7YesmNNbECr2OFVkg3sn4aKjFfaMoFIGcpd5yCg9LyLbIAX5A4tVEXFHGIuBFksrbSusZgbzm9Pybi3rF8PXZT8gug2NNe+RKl6Nz8zSdzm4uL/+sSmE=:5
[    1018ms] [LOG] MNGDigisubs: utils | pageType: page type is  article @ https://www.ocregister.com/_static/??-eJyNzEEOAiEMheELCY3JOMSFceFJGMChSAuxJXN9R3cmLty9vOT7YesmNNbECr2OFVkg3sn4aKjFfaMoFIGcpd5yCg9LyLbIAX5A4tVEXFHGIuBFksrbSusZgbzm9Pybi3rF8PXZT8gug2NNe+RKl6Nz8zSdzm4uL/+sSmE=:5
[    1018ms] [LOG] MNGDigisubs: Sophi:  On-Device module is enabled. @ https://www.ocregister.com/_static/??-eJyNzEEOAiEMheELCY3JOMSFceFJGMChSAuxJXN9R3cmLty9vOT7YesmNNbECr2OFVkg3sn4aKjFfaMoFIGcpd5yCg9LyLbIAX5A4tVEXFHGIuBFksrbSusZgbzm9Pybi3rF8PXZT8gug2NNe+RKl6Nz8zSdzm4uL/+sSmE=:5
[    1018ms] [LOG] MNGDigisubs: Sophi:  Setting up listeners for demeter... @ https://www.ocregister.com/_static/??-eJyNzEEOAiEMheELCY3JOMSFceFJGMChSAuxJXN9R3cmLty9vOT7YesmNNbECr2OFVkg3sn4aKjFfaMoFIGcpd5yCg9LyLbIAX5A4tVEXFHGIuBFksrbSusZgbzm9Pybi3rF8PXZT8gug2NNe+RKl6Nz8zSdzm4uL/+sSmE=:5
[    1018ms] [LOG] MNGDigisubs: Sophi:  demeter pagetype tracking sent, pagetype is article and section is Things To Do @ https://www.ocregister.com/_static/??-eJyNzEEOAiEMheELCY3JOMSFceFJGMChSAuxJXN9R3cmLty9vOT7YesmNNbECr2OFVkg3sn4aKjFfaMoFIGcpd5yCg9LyLbIAX5A4tVEXFHGIuBFksrbSusZgbzm9Pybi3rF8PXZT8gug2NNe+RKl6Nz8zSdzm4uL/+sSmE=:5
[    1018ms] [LOG] MNGDigisubs: Sophi:  adding paywall listener @ https://www.ocregister.com/_static/??-eJyNzEEOAiEMheELCY3JOMSFceFJGMChSAuxJXN9R3cmLty9vOT7YesmNNbECr2OFVkg3sn4aKjFfaMoFIGcpd5yCg9LyLbIAX5A4tVEXFHGIuBFksrbSusZgbzm9Pybi3rF8PXZT8gug2NNe+RKl6Nz8zSdzm4uL/+sSmE=:5
[    1018ms] [LOG] MNGDigisubs: utils | Authentication already ready:  {isAuthenticated: false, idToken: null, accessToken: false, claims: undefined} @ https://www.ocregister.com/_static/??-eJyNzEEOAiEMheELCY3JOMSFceFJGMChSAuxJXN9R3cmLty9vOT7YesmNNbECr2OFVkg3sn4aKjFfaMoFIGcpd5yCg9LyLbIAX5A4tVEXFHGIuBFksrbSusZgbzm9Pybi3rF8PXZT8gug2NNe+RKl6Nz8zSdzm4uL/+sSmE=:5
[    1018ms] [LOG] MNGDigisubs: Sophi:  demeter userProperties tracking sent, user type is anonymous @ https://www.ocregister.com/_static/??-eJyNzEEOAiEMheELCY3JOMSFceFJGMChSAuxJXN9R3cmLty9vOT7YesmNNbECr2OFVkg3sn4aKjFfaMoFIGcpd5yCg9LyLbIAX5A4tVEXFHGIuBFksrbSusZgbzm9Pybi3rF8PXZT8gug2NNe+RKl6Nz8zSdzm4uL/+sSmE=:5
[    1018ms] [LOG] MNGDigisubs: Sophi:  About to setup Sophi decision. @ https://www.ocregister.com/_static/??-eJyNzEEOAiEMheELCY3JOMSFceFJGMChSAuxJXN9R3cmLty9vOT7YesmNNbECr2OFVkg3sn4aKjFfaMoFIGcpd5yCg9LyLbIAX5A4tVEXFHGIuBFksrbSusZgbzm9Pybi3rF8PXZT8gug2NNe+RKl6Nz8zSdzm4uL/+sSmE=:5
[    1018ms] [LOG] MNGDigisubs: Entitlements already present: {token: false} @ https://www.ocregister.com/_static/??-eJyNzEEOAiEMheELCY3JOMSFceFJGMChSAuxJXN9R3cmLty9vOT7YesmNNbECr2OFVkg3sn4aKjFfaMoFIGcpd5yCg9LyLbIAX5A4tVEXFHGIuBFksrbSusZgbzm9Pybi3rF8PXZT8gug2NNe+RKl6Nz8zSdzm4uL/+sSmE=:5
[    1018ms] [LOG] MNGDigisubs: Sophi:  visitorType is anonymous @ https://www.ocregister.com/_static/??-eJyNzEEOAiEMheELCY3JOMSFceFJGMChSAuxJXN9R3cmLty9vOT7YesmNNbECr2OFVkg3sn4aKjFfaMoFIGcpd5yCg9LyLbIAX5A4tVEXFHGIuBFksrbSusZgbzm9Pybi3rF8PXZT8gug2NNe+RKl6Nz8zSdzm4uL/+sSmE=:5
[    1018ms] [LOG] MNGDigisubs: Utils digisubsDataLayerLoaded:  Waiting for the dataLayer to load... @ https://www.ocregister.com/_static/??-eJyNzEEOAiEMheELCY3JOMSFceFJGMChSAuxJXN9R3cmLty9vOT7YesmNNbECr2OFVkg3sn4aKjFfaMoFIGcpd5yCg9LyLbIAX5A4tVEXFHGIuBFksrbSusZgbzm9Pybi3rF8PXZT8gug2NNe+RKl6Nz8zSdzm4uL/+sSmE=:5
[    1019ms] [LOG] MNGDigisubs: UIHandler:  Waiting for the body to load... @ https://www.ocregister.com/_static/??-eJyl0MEKwzAIANAfWiKDrmGHset+I02kGBJbqmH7/NljT4P1IKLoE4T36tLCiqyw1j4TCzSeXaaZpE8ColEpHXq+RWI/dc4VfZEL/GPYAuNHzzI2TFqxWZazVqdX3IHtBySk6A7FkjY0RHGDbAmKXdt/1CyKPNvjGsI4DLd7GMsXV/iLXg==:10
[    1019ms] [LOG] MNGDigisubs: UIHandler:  setup @ https://www.ocregister.com/_static/??-eJyl0MEKwzAIANAfWiKDrmGHset+I02kGBJbqmH7/NljT4P1IKLoE4T36tLCiqyw1j4TCzSeXaaZpE8ColEpHXq+RWI/dc4VfZEL/GPYAuNHzzI2TFqxWZazVqdX3IHtBySk6A7FkjY0RHGDbAmKXdt/1CyKPNvjGsI4DLd7GMsXV/iLXg==:10
[    1019ms] [LOG] MNGDigisubs: utils | Authentication already ready:  {isAuthenticated: false, idToken: null, accessToken: false, claims: undefined} @ https://www.ocregister.com/_static/??-eJyl0MEKwzAIANAfWiKDrmGHset+I02kGBJbqmH7/NljT4P1IKLoE4T36tLCiqyw1j4TCzSeXaaZpE8ColEpHXq+RWI/dc4VfZEL/GPYAuNHzzI2TFqxWZazVqdX3IHtBySk6A7FkjY0RHGDbAmKXdt/1CyKPNvjGsI4DLd7GMsXV/iLXg==:10
[    1019ms] [LOG] MNGDigisubs: Unable to parse idToken:  null  Error:  InvalidTokenError: Invalid token specified: must be a string
    at https://www.ocregister.com/_static/??-eJyl0MEKwzAIANAfWiKDrmGHset+I02kGBJbqmH7/NljT4P1IKLoE4T36tLCiqyw1j4TCzSeXaaZpE8ColEpHXq+RWI/dc4VfZEL/GPYAuNHzzI2TFqxWZazVqdX3IHtBySk6A7FkjY0RHGDbAmKXdt/1CyKPNvjGsI4DLd7GMsXV/iLXg==:11:249479
    at ou (https://www.ocregister.com/_static/??-eJyl0MEKwzAIANAfWiKDrmGHset+I02kGBJbqmH7/NljT4P1IKLoE4T36tLCiqyw1j4TCzSeXaaZpE8ColEpHXq+RWI/dc4VfZEL/GPYAuNHzzI2TFqxWZazVqdX3IHtBySk6A7FkjY0RHGDbAmKXdt/1CyKPNvjGsI4DLd7GMsXV/iLXg==:11:249900)
    at https://www.ocregister.com/_static/??-eJyl0MEKwzAIANAfWiKDrmGHset+I02kGBJbqmH7/NljT4P1IKLoE4T36tLCiqyw1j4TCzSeXaaZpE8ColEpHXq+RWI/dc4VfZEL/GPYAuNHzzI2TFqxWZazVqdX3IHtBySk6A7FkjY0RHGDbAmKXdt/1CyKPNvjGsI4DLd7GMsXV/iLXg==:11:296546
    at https://www.ocregister.com/_static/??-eJyl0MEKwzAIANAfWiKDrmGHset+I02kGBJbqmH7/NljT4P1IKLoE4T36tLCiqyw1j4TCzSeXaaZpE8ColEpHXq+RWI/dc4VfZEL/GPYAuNHzzI2TFqxWZazVqdX3IHtBySk6A7FkjY0RHGDbAmKXdt/1CyKPNvjGsI4DLd7GMsXV/iLXg==:11:31682
    at Generator.<anonymous> (https://www.ocregister.com/_static/??-eJyl0MEKwzAIANAfWiKDrmGHset+I02kGBJbqmH7/NljT4P1IKLoE4T36tLCiqyw1j4TCzSeXaaZpE8ColEpHXq+RWI/dc4VfZEL/GPYAuNHzzI2TFqxWZazVqdX3IHtBySk6A7FkjY0RHGDbAmKXdt/1CyKPNvjGsI4DLd7GMsXV/iLXg==:11:28443)
    at Generator.next (https://www.ocregister.com/_static/??-eJyl0MEKwzAIANAfWiKDrmGHset+I02kGBJbqmH7/NljT4P1IKLoE4T36tLCiqyw1j4TCzSeXaaZpE8ColEpHXq+RWI/dc4VfZEL/GPYAuNHzzI2TFqxWZazVqdX3IHtBySk6A7FkjY0RHGDbAmKXdt/1CyKPNvjGsI4DLd7GMsXV/iLXg==:11:30391)
    at t (https://www.ocregister.com/_static/??-eJyl0MEKwzAIANAfWiKDrmGHset+I02kGBJbqmH7/NljT4P1IKLoE4T36tLCiqyw1j4TCzSeXaaZpE8ColEpHXq+RWI/dc4VfZEL/GPYAuNHzzI2TFqxWZazVqdX3IHtBySk6A7FkjY0RHGDbAmKXdt/1CyKPNvjGsI4DLd7GMsXV/iLXg==:11:37235)
    at s (https://www.ocregister.com/_static/??-eJyl0MEKwzAIANAfWiKDrmGHset+I02kGBJbqmH7/NljT4P1IKLoE4T36tLCiqyw1j4TCzSeXaaZpE8ColEpHXq+RWI/dc4VfZEL/GPYAuNHzzI2TFqxWZazVqdX3IHtBySk6A7FkjY0RHGDbAmKXdt/1CyKPNvjGsI4DLd7GMsXV/iLXg==:11:37437) @ https://www.ocregister.com/_static/??-eJyl0MEKwzAIANAfWiKDrmGHset+I02kGBJbqmH7/NljT4P1IKLoE4T36tLCiqyw1j4TCzSeXaaZpE8ColEpHXq+RWI/dc4VfZEL/GPYAuNHzzI2TFqxWZazVqdX3IHtBySk6A7FkjY0RHGDbAmKXdt/1CyKPNvjGsI4DLd7GMsXV/iLXg==:10
[    1019ms] [LOG] MNGDigisubs: Entitlements already present: {token: false} @ https://www.ocregister.com/_static/??-eJyl0MEKwzAIANAfWiKDrmGHset+I02kGBJbqmH7/NljT4P1IKLoE4T36tLCiqyw1j4TCzSeXaaZpE8ColEpHXq+RWI/dc4VfZEL/GPYAuNHzzI2TFqxWZazVqdX3IHtBySk6A7FkjY0RHGDbAmKXdt/1CyKPNvjGsI4DLd7GMsXV/iLXg==:10
[    1019ms] [LOG] MNGDigisubs: Util.js | home paper: Home paper is not set  ocregister.com @ https://www.ocregister.com/_static/??-eJyl0MEKwzAIANAfWiKDrmGHset+I02kGBJbqmH7/NljT4P1IKLoE4T36tLCiqyw1j4TCzSeXaaZpE8ColEpHXq+RWI/dc4VfZEL/GPYAuNHzzI2TFqxWZazVqdX3IHtBySk6A7FkjY0RHGDbAmKXdt/1CyKPNvjGsI4DLd7GMsXV/iLXg==:10
[    1019ms] [LOG] MNGDigisubs: UIHandler:  show login buttons @ https://www.ocregister.com/_static/??-eJyl0MEKwzAIANAfWiKDrmGHset+I02kGBJbqmH7/NljT4P1IKLoE4T36tLCiqyw1j4TCzSeXaaZpE8ColEpHXq+RWI/dc4VfZEL/GPYAuNHzzI2TFqxWZazVqdX3IHtBySk6A7FkjY0RHGDbAmKXdt/1CyKPNvjGsI4DLd7GMsXV/iLXg==:10
[    1019ms] [LOG] MNGDigisubs: UIHandler:  engage overrides showing block:  engageLoginLink @ https://www.ocregister.com/_static/??-eJyl0MEKwzAIANAfWiKDrmGHset+I02kGBJbqmH7/NljT4P1IKLoE4T36tLCiqyw1j4TCzSeXaaZpE8ColEpHXq+RWI/dc4VfZEL/GPYAuNHzzI2TFqxWZazVqdX3IHtBySk6A7FkjY0RHGDbAmKXdt/1CyKPNvjGsI4DLd7GMsXV/iLXg==:10
[    1058ms] [LOG] MNGDigisubs: Article Saving |  init @ https://www.ocregister.com/_static/??-eJzTLy/QTc7PK0nNK9EvyClNz8wr1s/NS9dNyUzPLC5NKtYvLkksyUxGEdNLLAIK5aQGZyQWpeolleal5KTqZRXr6FNiVmIZklH2ubaG5uZmJiamluZmWQApDDzQ:4
[    1059ms] [LOG] MNGDigisubs: Utils digisubsDataLayerLoaded:  Document is in interactive state, resolving. @ https://www.ocregister.com/_static/??-eJzTLy/QTc7PK0nNK9EvyClNz8wr1s/NS9dNyUzPLC5NKtYvLkksyUxGEdNLLAIK5aQGZyQWpeolleal5KTqZRXr6FNiVmIZklH2ubaG5uZmJiamluZmWQApDDzQ:4
[    1059ms] [LOG] MNGDigisubs: Utils getDataLayerObject: looking for this dataLayer object  Page Type @ https://www.ocregister.com/_static/??-eJzTLy/QTc7PK0nNK9EvyClNz8wr1s/NS9dNyUzPLC5NKtYvLkksyUxGEdNLLAIK5aQGZyQWpeolleal5KTqZRXr6FNiVmIZklH2ubaG5uZmJiamluZmWQApDDzQ:4
[    1059ms] [LOG] MNGDigisubs: Utils getDataLayerObject: here is dataLayer length  4 @ https://www.ocregister.com/_static/??-eJzTLy/QTc7PK0nNK9EvyClNz8wr1s/NS9dNyUzPLC5NKtYvLkksyUxGEdNLLAIK5aQGZyQWpeolleal5KTqZRXr6FNiVmIZklH2ubaG5uZmJiamluZmWQApDDzQ:4
[    1059ms] [LOG] MNGDigisubs: Utils dataLayerLoop:  look for this element  [set, developer_id.dMzRlOT, true] @ https://www.ocregister.com/_static/??-eJzTLy/QTc7PK0nNK9EvyClNz8wr1s/NS9dNyUzPLC5NKtYvLkksyUxGEdNLLAIK5aQGZyQWpeolleal5KTqZRXr6FNiVmIZklH2ubaG5uZmJiamluZmWQApDDzQ:4
[    1059ms] [LOG] MNGDigisubs: Utils dataLayerLoop: dataLayer search  false @ https://www.ocregister.com/_static/??-eJzTLy/QTc7PK0nNK9EvyClNz8wr1s/NS9dNyUzPLC5NKtYvLkksyUxGEdNLLAIK5aQGZyQWpeolleal5KTqZRXr6FNiVmIZklH2ubaG5uZmJiamluZmWQApDDzQ:4
[    1059ms] [LOG] MNGDigisubs: Utils dataLayerLoop:  look for this element  {quantcast: p-4ctCQwtnNBNs2, quantcast label: LANewsGroup, comscore: 6035443, Publisher Domain: ocregister.com, Publisher Product: ocregister.com} @ https://www.ocregister.com/_static/??-eJzTLy/QTc7PK0nNK9EvyClNz8wr1s/NS9dNyUzPLC5NKtYvLkksyUxGEdNLLAIK5aQGZyQWpeolleal5KTqZRXr6FNiVmIZklH2ubaG5uZmJiamluZmWQApDDzQ:4
[    1059ms] [LOG] MNGDigisubs: Utils dataLayerLoop: found  article @ https://www.ocregister.com/_static/??-eJzTLy/QTc7PK0nNK9EvyClNz8wr1s/NS9dNyUzPLC5NKtYvLkksyUxGEdNLLAIK5aQGZyQWpeolleal5KTqZRXr6FNiVmIZklH2ubaG5uZmJiamluZmWQApDDzQ:4
[    1059ms] [LOG] MNGDigisubs: utils | pageType: page type is  article @ https://www.ocregister.com/_static/??-eJzTLy/QTc7PK0nNK9EvyClNz8wr1s/NS9dNyUzPLC5NKtYvLkksyUxGEdNLLAIK5aQGZyQWpeolleal5KTqZRXr6FNiVmIZklH2ubaG5uZmJiamluZmWQApDDzQ:4
[    1059ms] [LOG] MNGDigisubs: Entitlements already present: {token: false} @ https://www.ocregister.com/_static/??-eJzTLy/QTc7PK0nNK9EvyClNz8wr1s/NS9dNyUzPLC5NKtYvLkksyUxGEdNLLAIK5aQGZyQWpeolleal5KTqZRXr6FNiVmIZklH2ubaG5uZmJiamluZmWQApDDzQ:4
[    1059ms] [LOG] MNGDigisubs: Article Saving | not a premium subscriber, exit @ https://www.ocregister.com/_static/??-eJzTLy/QTc7PK0nNK9EvyClNz8wr1s/NS9dNyUzPLC5NKtYvLkksyUxGEdNLLAIK5aQGZyQWpeolleal5KTqZRXr6FNiVmIZklH2ubaG5uZmJiamluZmWQApDDzQ:4
[    1060ms] [LOG] [MNG Cache Control AdminBar] Initializing... @ https://www.ocregister.com/wp-content/plugins/mng-cache-control/Src/assets/dist/mng-cache-control-adminbar.js?ver=0.2.1:4
[    1063ms] TypeError: Cannot read properties of null (reading 'querySelector')
    at initialize (https://www.ocregister.com/wp-content/plugins/mng-cache-control/Src/assets/dist/mng-cache-control-adminbar.js?ver=0.2.1:8:40)
    at MNG_Cache_Control_AdminBar (https://www.ocregister.com/wp-content/plugins/mng-cache-control/Src/assets/dist/mng-cache-control-adminbar.js?ver=0.2.1:101:3)
    at HTMLDocument.<anonymous> (https://www.ocregister.com/wp-content/plugins/mng-cache-control/Src/assets/dist/mng-cache-control-adminbar.js?ver=0.2.1:107:7)
[    1063ms] [LOG] MNGDigisubs: Ad Free Check: :  null @ https://www.ocregister.com/wp-content/plugins/mng-digisubs/static/mng-digisubs.apple.bundle.js?m=1776445976g:1
[    1086ms] [LOG] MNGDigisubs: Utils getDataLayerObject: looking for this dataLayer object  Content ID @ https://www.ocregister.com/_static/??-eJzTLy/QTc7PK0nNK9EvyClNz8wr1s/NS9dNyUzPLC5NKtYvLkksyUxGEdNLLAIK5aQGZyQWpeolleal5KTqZRXr6FNiVmIZklH2ubaG5uZmJiamluZmWQApDDzQ:1
[    1086ms] [LOG] MNGDigisubs: Utils getDataLayerObject: here is dataLayer length  4 @ https://www.ocregister.com/_static/??-eJzTLy/QTc7PK0nNK9EvyClNz8wr1s/NS9dNyUzPLC5NKtYvLkksyUxGEdNLLAIK5aQGZyQWpeolleal5KTqZRXr6FNiVmIZklH2ubaG5uZmJiamluZmWQApDDzQ:1
[    1086ms] [LOG] MNGDigisubs: Utils dataLayerLoop:  look for this element  [set, developer_id.dMzRlOT, true] @ https://www.ocregister.com/_static/??-eJzTLy/QTc7PK0nNK9EvyClNz8wr1s/NS9dNyUzPLC5NKtYvLkksyUxGEdNLLAIK5aQGZyQWpeolleal5KTqZRXr6FNiVmIZklH2ubaG5uZmJiamluZmWQApDDzQ:1
[    1086ms] [LOG] MNGDigisubs: Utils dataLayerLoop: dataLayer search  false @ https://www.ocregister.com/_static/??-eJzTLy/QTc7PK0nNK9EvyClNz8wr1s/NS9dNyUzPLC5NKtYvLkksyUxGEdNLLAIK5aQGZyQWpeolleal5KTqZRXr6FNiVmIZklH2ubaG5uZmJiamluZmWQApDDzQ:1
[    1086ms] [LOG] MNGDigisubs: Utils dataLayerLoop:  look for this element  {quantcast: p-4ctCQwtnNBNs2, quantcast label: LANewsGroup, comscore: 6035443, Publisher Domain: ocregister.com, Publisher Product: ocregister.com} @ https://www.ocregister.com/_static/??-eJzTLy/QTc7PK0nNK9EvyClNz8wr1s/NS9dNyUzPLC5NKtYvLkksyUxGEdNLLAIK5aQGZyQWpeolleal5KTqZRXr6FNiVmIZklH2ubaG5uZmJiamluZmWQApDDzQ:1
[    1086ms] [LOG] MNGDigisubs: Utils dataLayerLoop: found  9573349 @ https://www.ocregister.com/_static/??-eJzTLy/QTc7PK0nNK9EvyClNz8wr1s/NS9dNyUzPLC5NKtYvLkksyUxGEdNLLAIK5aQGZyQWpeolleal5KTqZRXr6FNiVmIZklH2ubaG5uZmJiamluZmWQApDDzQ:1
[    1086ms] [LOG] MNGDigisubs: article sharing: code check: url params array  [] @ https://www.ocregister.com/_static/??-eJzTLy/QTc7PK0nNK9EvyClNz8wr1s/NS9dNyUzPLC5NKtYvLkksyUxGEdNLLAIK5aQGZyQWpeolleal5KTqZRXr6FNiVmIZklH2ubaG5uZmJiamluZmWQApDDzQ:1
[    1086ms] [LOG] MNGDigisubs: No share search param @ https://www.ocregister.com/_static/??-eJzTLy/QTc7PK0nNK9EvyClNz8wr1s/NS9dNyUzPLC5NKtYvLkksyUxGEdNLLAIK5aQGZyQWpeolleal5KTqZRXr6FNiVmIZklH2ubaG5uZmJiamluZmWQApDDzQ:1
[    1086ms] [LOG] MNGDigisubs: Article sharing: build menu here @ https://www.ocregister.com/_static/??-eJzTLy/QTc7PK0nNK9EvyClNz8wr1s/NS9dNyUzPLC5NKtYvLkksyUxGEdNLLAIK5aQGZyQWpeolleal5KTqZRXr6FNiVmIZklH2ubaG5uZmJiamluZmWQApDDzQ:1
[    1086ms] [LOG] MNGDigisubs: UIHandler:  Waiting for the body to load... @ https://www.ocregister.com/_static/??-eJzTLy/QTc7PK0nNK9EvyClNz8wr1s/NS9dNyUzPLC5NKtYvLkksyUxGEdNLLAIK5aQGZyQWpeolleal5KTqZRXr6FNiVmIZklH2ubaG5uZmJiamluZmWQApDDzQ:1
[    1086ms] [LOG] MNGDigisubs: Utils getDataLayerObject: looking for this dataLayer object  Page Type @ https://www.ocregister.com/_static/??-eJyl0MEKwzAIANAfWiKDrmGHset+I02kGBJbqmH7/NljT4P1IKLoE4T36tLCiqyw1j4TCzSeXaaZpE8ColEpHXq+RWI/dc4VfZEL/GPYAuNHzzI2TFqxWZazVqdX3IHtBySk6A7FkjY0RHGDbAmKXdt/1CyKPNvjGsI4DLd7GMsXV/iLXg==:1
[    1086ms] [LOG] MNGDigisubs: Utils getDataLayerObject: here is dataLayer length  4 @ https://www.ocregister.com/_static/??-eJyl0MEKwzAIANAfWiKDrmGHset+I02kGBJbqmH7/NljT4P1IKLoE4T36tLCiqyw1j4TCzSeXaaZpE8ColEpHXq+RWI/dc4VfZEL/GPYAuNHzzI2TFqxWZazVqdX3IHtBySk6A7FkjY0RHGDbAmKXdt/1CyKPNvjGsI4DLd7GMsXV/iLXg==:1
[    1086ms] [LOG] MNGDigisubs: Utils dataLayerLoop:  look for this element  [set, developer_id.dMzRlOT, true] @ https://www.ocregister.com/_static/??-eJyl0MEKwzAIANAfWiKDrmGHset+I02kGBJbqmH7/NljT4P1IKLoE4T36tLCiqyw1j4TCzSeXaaZpE8ColEpHXq+RWI/dc4VfZEL/GPYAuNHzzI2TFqxWZazVqdX3IHtBySk6A7FkjY0RHGDbAmKXdt/1CyKPNvjGsI4DLd7GMsXV/iLXg==:1
[    1086ms] [LOG] MNGDigisubs: Utils dataLayerLoop: dataLayer search  false @ https://www.ocregister.com/_static/??-eJyl0MEKwzAIANAfWiKDrmGHset+I02kGBJbqmH7/NljT4P1IKLoE4T36tLCiqyw1j4TCzSeXaaZpE8ColEpHXq+RWI/dc4VfZEL/GPYAuNHzzI2TFqxWZazVqdX3IHtBySk6A7FkjY0RHGDbAmKXdt/1CyKPNvjGsI4DLd7GMsXV/iLXg==:1
[    1086ms] [LOG] MNGDigisubs: Utils dataLayerLoop:  look for this element  {quantcast: p-4ctCQwtnNBNs2, quantcast label: LANewsGroup, comscore: 6035443, Publisher Domain: ocregister.com, Publisher Product: ocregister.com} @ https://www.ocregister.com/_static/??-eJyl0MEKwzAIANAfWiKDrmGHset+I02kGBJbqmH7/NljT4P1IKLoE4T36tLCiqyw1j4TCzSeXaaZpE8ColEpHXq+RWI/dc4VfZEL/GPYAuNHzzI2TFqxWZazVqdX3IHtBySk6A7FkjY0RHGDbAmKXdt/1CyKPNvjGsI4DLd7GMsXV/iLXg==:1
[    1086ms] [LOG] MNGDigisubs: Utils dataLayerLoop: found  article @ https://www.ocregister.com/_static/??-eJyl0MEKwzAIANAfWiKDrmGHset+I02kGBJbqmH7/NljT4P1IKLoE4T36tLCiqyw1j4TCzSeXaaZpE8ColEpHXq+RWI/dc4VfZEL/GPYAuNHzzI2TFqxWZazVqdX3IHtBySk6A7FkjY0RHGDbAmKXdt/1CyKPNvjGsI4DLd7GMsXV/iLXg==:1
[    1086ms] [LOG] MNGDigisubs: utils | pageType: page type is  article @ https://www.ocregister.com/_static/??-eJyl0MEKwzAIANAfWiKDrmGHset+I02kGBJbqmH7/NljT4P1IKLoE4T36tLCiqyw1j4TCzSeXaaZpE8ColEpHXq+RWI/dc4VfZEL/GPYAuNHzzI2TFqxWZazVqdX3IHtBySk6A7FkjY0RHGDbAmKXdt/1CyKPNvjGsI4DLd7GMsXV/iLXg==:1
[    1086ms] [LOG] MNGDigisubs: Utils digisubsDataLayerLoaded:  Document is in interactive state, resolving. @ https://www.ocregister.com/_static/??-eJyl0MEKwzAIANAfWiKDrmGHset+I02kGBJbqmH7/NljT4P1IKLoE4T36tLCiqyw1j4TCzSeXaaZpE8ColEpHXq+RWI/dc4VfZEL/GPYAuNHzzI2TFqxWZazVqdX3IHtBySk6A7FkjY0RHGDbAmKXdt/1CyKPNvjGsI4DLd7GMsXV/iLXg==:1
[    1087ms] [LOG] MNGDigisubs: Utils getMultipleDataLayerObjects: looking for these keys  [Byline, Page Title, Section, Paywall_Level] @ https://www.ocregister.com/_static/??-eJyl0MEKwzAIANAfWiKDrmGHset+I02kGBJbqmH7/NljT4P1IKLoE4T36tLCiqyw1j4TCzSeXaaZpE8ColEpHXq+RWI/dc4VfZEL/GPYAuNHzzI2TFqxWZazVqdX3IHtBySk6A7FkjY0RHGDbAmKXdt/1CyKPNvjGsI4DLd7GMsXV/iLXg==:1
[    1087ms] [LOG] MNGDigisubs: Utils getDataLayerObjects: dataLayer length 4 @ https://www.ocregister.com/_static/??-eJyl0MEKwzAIANAfWiKDrmGHset+I02kGBJbqmH7/NljT4P1IKLoE4T36tLCiqyw1j4TCzSeXaaZpE8ColEpHXq+RWI/dc4VfZEL/GPYAuNHzzI2TFqxWZazVqdX3IHtBySk6A7FkjY0RHGDbAmKXdt/1CyKPNvjGsI4DLd7GMsXV/iLXg==:1
[    1087ms] [LOG] MNGDigisubs: Utils dataLayerLoop: look for this element  [set, developer_id.dMzRlOT, true] @ https://www.ocregister.com/_static/??-eJyl0MEKwzAIANAfWiKDrmGHset+I02kGBJbqmH7/NljT4P1IKLoE4T36tLCiqyw1j4TCzSeXaaZpE8ColEpHXq+RWI/dc4VfZEL/GPYAuNHzzI2TFqxWZazVqdX3IHtBySk6A7FkjY0RHGDbAmKXdt/1CyKPNvjGsI4DLd7GMsXV/iLXg==:1
[    1087ms] [LOG] MNGDigisubs: Utils dataLayerLoop: Byline not found in this element @ https://www.ocregister.com/_static/??-eJyl0MEKwzAIANAfWiKDrmGHset+I02kGBJbqmH7/NljT4P1IKLoE4T36tLCiqyw1j4TCzSeXaaZpE8ColEpHXq+RWI/dc4VfZEL/GPYAuNHzzI2TFqxWZazVqdX3IHtBySk6A7FkjY0RHGDbAmKXdt/1CyKPNvjGsI4DLd7GMsXV/iLXg==:1
[    1087ms] [LOG] MNGDigisubs: Utils dataLayerLoop: Page Title not found in this element @ https://www.ocregister.com/_static/??-eJyl0MEKwzAIANAfWiKDrmGHset+I02kGBJbqmH7/NljT4P1IKLoE4T36tLCiqyw1j4TCzSeXaaZpE8ColEpHXq+RWI/dc4VfZEL/GPYAuNHzzI2TFqxWZazVqdX3IHtBySk6A7FkjY0RHGDbAmKXdt/1CyKPNvjGsI4DLd7GMsXV/iLXg==:1
[    1087ms] [LOG] MNGDigisubs: Utils dataLayerLoop: Section not found in this element @ https://www.ocregister.com/_static/??-eJyl0MEKwzAIANAfWiKDrmGHset+I02kGBJbqmH7/NljT4P1IKLoE4T36tLCiqyw1j4TCzSeXaaZpE8ColEpHXq+RWI/dc4VfZEL/GPYAuNHzzI2TFqxWZazVqdX3IHtBySk6A7FkjY0RHGDbAmKXdt/1CyKPNvjGsI4DLd7GMsXV/iLXg==:1
[    1087ms] [LOG] MNGDigisubs: Utils dataLayerLoop: Paywall_Level not found in this element @ https://www.ocregister.com/_static/??-eJyl0MEKwzAIANAfWiKDrmGHset+I02kGBJbqmH7/NljT4P1IKLoE4T36tLCiqyw1j4TCzSeXaaZpE8ColEpHXq+RWI/dc4VfZEL/GPYAuNHzzI2TFqxWZazVqdX3IHtBySk6A7FkjY0RHGDbAmKXdt/1CyKPNvjGsI4DLd7GMsXV/iLXg==:1
[    1087ms] [LOG] MNGDigisubs: Utils dataLayerLoop: look for this element  {quantcast: p-4ctCQwtnNBNs2, quantcast label: LANewsGroup, comscore: 6035443, Publisher Domain: ocregister.com, Publisher Product: ocregister.com} @ https://www.ocregister.com/_static/??-eJyl0MEKwzAIANAfWiKDrmGHset+I02kGBJbqmH7/NljT4P1IKLoE4T36tLCiqyw1j4TCzSeXaaZpE8ColEpHXq+RWI/dc4VfZEL/GPYAuNHzzI2TFqxWZazVqdX3IHtBySk6A7FkjY0RHGDbAmKXdt/1CyKPNvjGsI4DLd7GMsXV/iLXg==:1
[    1087ms] [LOG] MNGDigisubs: Utils dataLayerLoop: found Byline: Amy Bentley @ https://www.ocregister.com/_static/??-eJyl0MEKwzAIANAfWiKDrmGHset+I02kGBJbqmH7/NljT4P1IKLoE4T36tLCiqyw1j4TCzSeXaaZpE8ColEpHXq+RWI/dc4VfZEL/GPYAuNHzzI2TFqxWZazVqdX3IHtBySk6A7FkjY0RHGDbAmKXdt/1CyKPNvjGsI4DLd7GMsXV/iLXg==:1
[    1087ms] [LOG] MNGDigisubs: Utils dataLayerLoop: found Page Title: Best of Orange County 2023: Best outdoor dining @ https://www.ocregister.com/_static/??-eJyl0MEKwzAIANAfWiKDrmGHset+I02kGBJbqmH7/NljT4P1IKLoE4T36tLCiqyw1j4TCzSeXaaZpE8ColEpHXq+RWI/dc4VfZEL/GPYAuNHzzI2TFqxWZazVqdX3IHtBySk6A7FkjY0RHGDbAmKXdt/1CyKPNvjGsI4DLd7GMsXV/iLXg==:1
[    1087ms] [LOG] MNGDigisubs: Utils dataLayerLoop: found Section: Things To Do @ https://www.ocregister.com/_static/??-eJyl0MEKwzAIANAfWiKDrmGHset+I02kGBJbqmH7/NljT4P1IKLoE4T36tLCiqyw1j4TCzSeXaaZpE8ColEpHXq+RWI/dc4VfZEL/GPYAuNHzzI2TFqxWZazVqdX3IHtBySk6A7FkjY0RHGDbAmKXdt/1CyKPNvjGsI4DLd7GMsXV/iLXg==:1
[    1087ms] [LOG] MNGDigisubs: Utils dataLayerLoop: found Paywall_Level: metered @ https://www.ocregister.com/_static/??-eJyl0MEKwzAIANAfWiKDrmGHset+I02kGBJbqmH7/NljT4P1IKLoE4T36tLCiqyw1j4TCzSeXaaZpE8ColEpHXq+RWI/dc4VfZEL/GPYAuNHzzI2TFqxWZazVqdX3IHtBySk6A7FkjY0RHGDbAmKXdt/1CyKPNvjGsI4DLd7GMsXV/iLXg==:1
[    1087ms] [LOG] MNGDigisubs: Utils dataLayerLoop: all requested keys found, stopping search @ https://www.ocregister.com/_static/??-eJyl0MEKwzAIANAfWiKDrmGHset+I02kGBJbqmH7/NljT4P1IKLoE4T36tLCiqyw1j4TCzSeXaaZpE8ColEpHXq+RWI/dc4VfZEL/GPYAuNHzzI2TFqxWZazVqdX3IHtBySk6A7FkjY0RHGDbAmKXdt/1CyKPNvjGsI4DLd7GMsXV/iLXg==:1
[    1087ms] [LOG] MNGDigisubs: Utils getDataLayerObjects: final result {Byline: Amy Bentley, Page Title: Best of Orange County 2023: Best outdoor dining, Section: Things To Do, Paywall_Level: metered} @ https://www.ocregister.com/_static/??-eJyl0MEKwzAIANAfWiKDrmGHset+I02kGBJbqmH7/NljT4P1IKLoE4T36tLCiqyw1j4TCzSeXaaZpE8ColEpHXq+RWI/dc4VfZEL/GPYAuNHzzI2TFqxWZazVqdX3IHtBySk6A7FkjY0RHGDbAmKXdt/1CyKPNvjGsI4DLd7GMsXV/iLXg==:1
[    1087ms] [LOG] MNGDigisubs: sspwG2iMeterEvent: event not pushed, criteria not met @ https://www.ocregister.com/_static/??-eJyl0MEKwzAIANAfWiKDrmGHset+I02kGBJbqmH7/NljT4P1IKLoE4T36tLCiqyw1j4TCzSeXaaZpE8ColEpHXq+RWI/dc4VfZEL/GPYAuNHzzI2TFqxWZazVqdX3IHtBySk6A7FkjY0RHGDbAmKXdt/1CyKPNvjGsI4DLd7GMsXV/iLXg==:1
[    1087ms] [LOG] MNGDigisubs: Utils getDataLayerObject: looking for this dataLayer object  Page Type @ https://www.ocregister.com/_static/??-eJyNzEEOAiEMheELCY3JOMSFceFJGMChSAuxJXN9R3cmLty9vOT7YesmNNbECr2OFVkg3sn4aKjFfaMoFIGcpd5yCg9LyLbIAX5A4tVEXFHGIuBFksrbSusZgbzm9Pybi3rF8PXZT8gug2NNe+RKl6Nz8zSdzm4uL/+sSmE=:5
[    1087ms] [LOG] MNGDigisubs: Utils getDataLayerObject: here is dataLayer length  4 @ https://www.ocregister.com/_static/??-eJyNzEEOAiEMheELCY3JOMSFceFJGMChSAuxJXN9R3cmLty9vOT7YesmNNbECr2OFVkg3sn4aKjFfaMoFIGcpd5yCg9LyLbIAX5A4tVEXFHGIuBFksrbSusZgbzm9Pybi3rF8PXZT8gug2NNe+RKl6Nz8zSdzm4uL/+sSmE=:5
[    1087ms] [LOG] MNGDigisubs: Utils dataLayerLoop:  look for this element  [set, developer_id.dMzRlOT, true] @ https://www.ocregister.com/_static/??-eJyNzEEOAiEMheELCY3JOMSFceFJGMChSAuxJXN9R3cmLty9vOT7YesmNNbECr2OFVkg3sn4aKjFfaMoFIGcpd5yCg9LyLbIAX5A4tVEXFHGIuBFksrbSusZgbzm9Pybi3rF8PXZT8gug2NNe+RKl6Nz8zSdzm4uL/+sSmE=:5
[    1087ms] [LOG] MNGDigisubs: Utils dataLayerLoop: dataLayer search  false @ https://www.ocregister.com/_static/??-eJyNzEEOAiEMheELCY3JOMSFceFJGMChSAuxJXN9R3cmLty9vOT7YesmNNbECr2OFVkg3sn4aKjFfaMoFIGcpd5yCg9LyLbIAX5A4tVEXFHGIuBFksrbSusZgbzm9Pybi3rF8PXZT8gug2NNe+RKl6Nz8zSdzm4uL/+sSmE=:5
[    1087ms] [LOG] MNGDigisubs: Utils dataLayerLoop:  look for this element  {quantcast: p-4ctCQwtnNBNs2, quantcast label: LANewsGroup, comscore: 6035443, Publisher Domain: ocregister.com, Publisher Product: ocregister.com} @ https://www.ocregister.com/_static/??-eJyNzEEOAiEMheELCY3JOMSFceFJGMChSAuxJXN9R3cmLty9vOT7YesmNNbECr2OFVkg3sn4aKjFfaMoFIGcpd5yCg9LyLbIAX5A4tVEXFHGIuBFksrbSusZgbzm9Pybi3rF8PXZT8gug2NNe+RKl6Nz8zSdzm4uL/+sSmE=:5
[    1087ms] [LOG] MNGDigisubs: Utils dataLayerLoop: found  article @ https://www.ocregister.com/_static/??-eJyNzEEOAiEMheELCY3JOMSFceFJGMChSAuxJXN9R3cmLty9vOT7YesmNNbECr2OFVkg3sn4aKjFfaMoFIGcpd5yCg9LyLbIAX5A4tVEXFHGIuBFksrbSusZgbzm9Pybi3rF8PXZT8gug2NNe+RKl6Nz8zSdzm4uL/+sSmE=:5
[    1087ms] [LOG] MNGDigisubs: utils | pageType: page type is  article @ https://www.ocregister.com/_static/??-eJyNzEEOAiEMheELCY3JOMSFceFJGMChSAuxJXN9R3cmLty9vOT7YesmNNbECr2OFVkg3sn4aKjFfaMoFIGcpd5yCg9LyLbIAX5A4tVEXFHGIuBFksrbSusZgbzm9Pybi3rF8PXZT8gug2NNe+RKl6Nz8zSdzm4uL/+sSmE=:5
[    1087ms] [LOG] MNGDigisubs: Utils digisubsDataLayerLoaded:  Document is in interactive state, resolving. @ https://www.ocregister.com/_static/??-eJyNzEEOAiEMheELCY3JOMSFceFJGMChSAuxJXN9R3cmLty9vOT7YesmNNbECr2OFVkg3sn4aKjFfaMoFIGcpd5yCg9LyLbIAX5A4tVEXFHGIuBFksrbSusZgbzm9Pybi3rF8PXZT8gug2NNe+RKl6Nz8zSdzm4uL/+sSmE=:5
[    1087ms] [LOG] MNGDigisubs: Utils digisubsDataLayerLoaded:  Document is in interactive state, resolving. @ https://www.ocregister.com/_static/??-eJyNzEEOAiEMheELCY3JOMSFceFJGMChSAuxJXN9R3cmLty9vOT7YesmNNbECr2OFVkg3sn4aKjFfaMoFIGcpd5yCg9LyLbIAX5A4tVEXFHGIuBFksrbSusZgbzm9Pybi3rF8PXZT8gug2NNe+RKl6Nz8zSdzm4uL/+sSmE=:5
[    1087ms] [LOG] MNGDigisubs: Utils getDataLayerObject: looking for this dataLayer object  Content ID @ https://www.ocregister.com/_static/??-eJyNzEEOAiEMheELCY3JOMSFceFJGMChSAuxJXN9R3cmLty9vOT7YesmNNbECr2OFVkg3sn4aKjFfaMoFIGcpd5yCg9LyLbIAX5A4tVEXFHGIuBFksrbSusZgbzm9Pybi3rF8PXZT8gug2NNe+RKl6Nz8zSdzm4uL/+sSmE=:5
[    1087ms] [LOG] MNGDigisubs: Utils getDataLayerObject: here is dataLayer length  4 @ https://www.ocregister.com/_static/??-eJyNzEEOAiEMheELCY3JOMSFceFJGMChSAuxJXN9R3cmLty9vOT7YesmNNbECr2OFVkg3sn4aKjFfaMoFIGcpd5yCg9LyLbIAX5A4tVEXFHGIuBFksrbSusZgbzm9Pybi3rF8PXZT8gug2NNe+RKl6Nz8zSdzm4uL/+sSmE=:5
[    1087ms] [LOG] MNGDigisubs: Utils dataLayerLoop:  look for this element  [set, developer_id.dMzRlOT, true] @ https://www.ocregister.com/_static/??-eJyNzEEOAiEMheELCY3JOMSFceFJGMChSAuxJXN9R3cmLty9vOT7YesmNNbECr2OFVkg3sn4aKjFfaMoFIGcpd5yCg9LyLbIAX5A4tVEXFHGIuBFksrbSusZgbzm9Pybi3rF8PXZT8gug2NNe+RKl6Nz8zSdzm4uL/+sSmE=:5
[    1087ms] [LOG] MNGDigisubs: Utils dataLayerLoop: dataLayer search  false @ https://www.ocregister.com/_static/??-eJyNzEEOAiEMheELCY3JOMSFceFJGMChSAuxJXN9R3cmLty9vOT7YesmNNbECr2OFVkg3sn4aKjFfaMoFIGcpd5yCg9LyLbIAX5A4tVEXFHGIuBFksrbSusZgbzm9Pybi3rF8PXZT8gug2NNe+RKl6Nz8zSdzm4uL/+sSmE=:5
[    1087ms] [LOG] MNGDigisubs: Utils dataLayerLoop:  look for this element  {quantcast: p-4ctCQwtnNBNs2, quantcast label: LANewsGroup, comscore: 6035443, Publisher Domain: ocregister.com, Publisher Product: ocregister.com} @ https://www.ocregister.com/_static/??-eJyNzEEOAiEMheELCY3JOMSFceFJGMChSAuxJXN9R3cmLty9vOT7YesmNNbECr2OFVkg3sn4aKjFfaMoFIGcpd5yCg9LyLbIAX5A4tVEXFHGIuBFksrbSusZgbzm9Pybi3rF8PXZT8gug2NNe+RKl6Nz8zSdzm4uL/+sSmE=:5
[    1087ms] [LOG] MNGDigisubs: Utils dataLayerLoop: found  9573349 @ https://www.ocregister.com/_static/??-eJyNzEEOAiEMheELCY3JOMSFceFJGMChSAuxJXN9R3cmLty9vOT7YesmNNbECr2OFVkg3sn4aKjFfaMoFIGcpd5yCg9LyLbIAX5A4tVEXFHGIuBFksrbSusZgbzm9Pybi3rF8PXZT8gug2NNe+RKl6Nz8zSdzm4uL/+sSmE=:5
[    1087ms] [LOG] MNGDigisubs: utils | contentId: Content ID is  9573349 @ https://www.ocregister.com/_static/??-eJyNzEEOAiEMheELCY3JOMSFceFJGMChSAuxJXN9R3cmLty9vOT7YesmNNbECr2OFVkg3sn4aKjFfaMoFIGcpd5yCg9LyLbIAX5A4tVEXFHGIuBFksrbSusZgbzm9Pybi3rF8PXZT8gug2NNe+RKl6Nz8zSdzm4uL/+sSmE=:5
[    1088ms] [LOG] MNGDigisubs: Sophi:  Content ID  9573349 @ https://www.ocregister.com/_static/??-eJyNzEEOAiEMheELCY3JOMSFceFJGMChSAuxJXN9R3cmLty9vOT7YesmNNbECr2OFVkg3sn4aKjFfaMoFIGcpd5yCg9LyLbIAX5A4tVEXFHGIuBFksrbSusZgbzm9Pybi3rF8PXZT8gug2NNe+RKl6Nz8zSdzm4uL/+sSmE=:5
[    1110ms] [LOG] QuickStart: ⚙️ Bundle settings
    · Host: ocregister.com
    · Main host: ocregister.com
    · Subdomains: none
    · Wall type: client side
    · Experiments: enabled
    · Cookie: disabled
    · Paywall API: enabled
    · Default consent: off
    · Single Page Application: no
    · Wallhits generate pageviews: no
    · Wall indicators: disabled
    · Visitor type detection: disabled
    · Content propensity level detection: disabled
    · User properties: 1 - BcFrequency, 2 - BcIntensity, 3 - BcRecency, 4 - BcRecent_intensity, 5 - BcMomentum, 6 - BcEngagement_score, 7 - BcEngagement, 8 - BcAdBlockUsage, 9 - BcPreferred_main_category, 10 - BcPreferred_sub_category, 11 - BC_DMA, 12 - Bcfunnel_steps, 13 - BcProfileId, 14 - bcEventName, 15 - former_all, 16 - former_digital, 17 - former_print, 18 - active-nonsub-nl-users
    · Content properties: content.id - Content ID @ https://cdn.sophi.io/assets/demeter/1/stable/491643944.js?ver=6.9.4:0
[    1111ms] [LOG] QuickStart: 🔧 Initializing @ https://cdn.sophi.io/assets/demeter/1/stable/491643944.js?ver=6.9.4:0
[    1111ms] [LOG] QuickStart: ⚙️ Runtime config {
  "logLevel": "debug"
} @ https://cdn.sophi.io/assets/demeter/1/stable/491643944.js?ver=6.9.4:0
[    1111ms] [LOG] QuickStart: ⚙️ Received enableAllFeatures event @ https://cdn.sophi.io/assets/demeter/1/stable/491643944.js?ver=6.9.4:0
[    1116ms] [LOG] QuickStart: 🔧 init handler @ https://cdn.sophi.io/assets/demeter/1/stable/491643944.js?ver=6.9.4:0
[    1116ms] [LOG] QuickStart: Content Properties Found

    · Content ID: "9573349" @ https://cdn.sophi.io/assets/demeter/1/stable/491643944.js?ver=6.9.4:0
[    1116ms] [LOG] QuickStart: 🔧 handleContentProperties handler {content.id: 9573349} @ https://cdn.sophi.io/assets/demeter/1/stable/491643944.js?ver=6.9.4:0
[    1127ms] [LOG] QuickStart: 🧪 Experiment {
  "experimentId": "pw:article:test1_ab",
  "assignedGroup": "variant"
} @ https://cdn.sophi.io/assets/demeter/1/stable/491643944.js?ver=6.9.4:0
[    1127ms] [LOG] QuickStart: 🔧 Model inputs {todayPageViews: 1, todayPageViewsByArticle: 1, todayPageViewsByArticleWithPaywall: 1, todayPageViewsByArticleWithRegwall: 0, todayTopLevelSections: 1} @ https://cdn.sophi.io/assets/demeter/1/stable/491643944.js?ver=6.9.4:0
[    1127ms] [LOG] QuickStart: 🔧 Model output {paywall: 0.5195977277152898, regwall: 0.5385977277152898} @ https://cdn.sophi.io/assets/demeter/1/stable/491643944.js?ver=6.9.4:0
[    1160ms] [LOG] [ProgrammaticStretch] Listener registered — waiting for programmaticStretch messages. @ https://htlbid.com/v3/ocregister.com/htlbid.js?ver=6.9.4:1
[    1207ms] [LOG] MNGDigisubs: onetap loading... @ https://www.ocregister.com/_static/??-eJyl0MEKwzAIANAfWiKDrmGHset+I02kGBJbqmH7/NljT4P1IKLoE4T36tLCiqyw1j4TCzSeXaaZpE8ColEpHXq+RWI/dc4VfZEL/GPYAuNHzzI2TFqxWZazVqdX3IHtBySk6A7FkjY0RHGDbAmKXdt/1CyKPNvjGsI4DLd7GMsXV/iLXg==:1
[    1209ms] [LOG] MNGDigisubs: Showing the onetap modal... @ https://www.ocregister.com/_static/??-eJyl0MEKwzAIANAfWiKDrmGHset+I02kGBJbqmH7/NljT4P1IKLoE4T36tLCiqyw1j4TCzSeXaaZpE8ColEpHXq+RWI/dc4VfZEL/GPYAuNHzzI2TFqxWZazVqdX3IHtBySk6A7FkjY0RHGDbAmKXdt/1CyKPNvjGsI4DLd7GMsXV/iLXg==:1
[    1211ms] [WARNING] [GSI_LOGGER]: Your client application uses one of the Google One Tap prompt UI status methods that may stop functioning when FedCM becomes mandatory. Refer to the migration guide to update your code accordingly and opt-in to FedCM to test your changes. Learn more: https://developers.google.com/identity/gsi/web/guides/fedcm-migration?s=dc#display_moment and https://developers.google.com/identity/gsi/web/guides/fedcm-migration?s=dc#skipped_moment @ https://accounts.google.com/gsi/client?ver=6.9.4:84
[    1215ms] [ERROR] Not signed in with the identity provider. @ https://www.ocregister.com/2023/09/21/best-of-orange-county-2023-best-outdoor-dining/:0
[    1269ms] [LOG] Amy Bentley @ :0
[    1295ms] [LOG] MNGDigisubs: Utils digisubsDataLayerLoaded:  Document is in interactive state, resolving. @ https://www.ocregister.com/_static/??-eJyl0MEKwzAIANAfWiKDrmGHset+I02kGBJbqmH7/NljT4P1IKLoE4T36tLCiqyw1j4TCzSeXaaZpE8ColEpHXq+RWI/dc4VfZEL/GPYAuNHzzI2TFqxWZazVqdX3IHtBySk6A7FkjY0RHGDbAmKXdt/1CyKPNvjGsI4DLd7GMsXV/iLXg==:10
[    1295ms] [LOG] MNGDigisubs: Utils getDataLayerObject: looking for this dataLayer object  Page Type @ https://www.ocregister.com/_static/??-eJyl0MEKwzAIANAfWiKDrmGHset+I02kGBJbqmH7/NljT4P1IKLoE4T36tLCiqyw1j4TCzSeXaaZpE8ColEpHXq+RWI/dc4VfZEL/GPYAuNHzzI2TFqxWZazVqdX3IHtBySk6A7FkjY0RHGDbAmKXdt/1CyKPNvjGsI4DLd7GMsXV/iLXg==:10
[    1295ms] [LOG] MNGDigisubs: Utils getDataLayerObject: here is dataLayer length  5 @ https://www.ocregister.com/_static/??-eJyl0MEKwzAIANAfWiKDrmGHset+I02kGBJbqmH7/NljT4P1IKLoE4T36tLCiqyw1j4TCzSeXaaZpE8ColEpHXq+RWI/dc4VfZEL/GPYAuNHzzI2TFqxWZazVqdX3IHtBySk6A7FkjY0RHGDbAmKXdt/1CyKPNvjGsI4DLd7GMsXV/iLXg==:10
[    1295ms] [LOG] MNGDigisubs: Utils dataLayerLoop:  look for this element  [set, developer_id.dMzRlOT, true] @ https://www.ocregister.com/_static/??-eJyl0MEKwzAIANAfWiKDrmGHset+I02kGBJbqmH7/NljT4P1IKLoE4T36tLCiqyw1j4TCzSeXaaZpE8ColEpHXq+RWI/dc4VfZEL/GPYAuNHzzI2TFqxWZazVqdX3IHtBySk6A7FkjY0RHGDbAmKXdt/1CyKPNvjGsI4DLd7GMsXV/iLXg==:10
[    1295ms] [LOG] MNGDigisubs: Utils dataLayerLoop: dataLayer search  false @ https://www.ocregister.com/_static/??-eJyl0MEKwzAIANAfWiKDrmGHset+I02kGBJbqmH7/NljT4P1IKLoE4T36tLCiqyw1j4TCzSeXaaZpE8ColEpHXq+RWI/dc4VfZEL/GPYAuNHzzI2TFqxWZazVqdX3IHtBySk6A7FkjY0RHGDbAmKXdt/1CyKPNvjGsI4DLd7GMsXV/iLXg==:10
[    1295ms] [LOG] MNGDigisubs: Utils dataLayerLoop:  look for this element  {quantcast: p-4ctCQwtnNBNs2, quantcast label: LANewsGroup, comscore: 6035443, Publisher Domain: ocregister.com, Publisher Product: ocregister.com} @ https://www.ocregister.com/_static/??-eJyl0MEKwzAIANAfWiKDrmGHset+I02kGBJbqmH7/NljT4P1IKLoE4T36tLCiqyw1j4TCzSeXaaZpE8ColEpHXq+RWI/dc4VfZEL/GPYAuNHzzI2TFqxWZazVqdX3IHtBySk6A7FkjY0RHGDbAmKXdt/1CyKPNvjGsI4DLd7GMsXV/iLXg==:10
[    1296ms] [LOG] MNGDigisubs: Utils dataLayerLoop: found  article @ https://www.ocregister.com/_static/??-eJyl0MEKwzAIANAfWiKDrmGHset+I02kGBJbqmH7/NljT4P1IKLoE4T36tLCiqyw1j4TCzSeXaaZpE8ColEpHXq+RWI/dc4VfZEL/GPYAuNHzzI2TFqxWZazVqdX3IHtBySk6A7FkjY0RHGDbAmKXdt/1CyKPNvjGsI4DLd7GMsXV/iLXg==:10
[    1296ms] [LOG] MNGDigisubs: utils | pageType: page type is  article @ https://www.ocregister.com/_static/??-eJyl0MEKwzAIANAfWiKDrmGHset+I02kGBJbqmH7/NljT4P1IKLoE4T36tLCiqyw1j4TCzSeXaaZpE8ColEpHXq+RWI/dc4VfZEL/GPYAuNHzzI2TFqxWZazVqdX3IHtBySk6A7FkjY0RHGDbAmKXdt/1CyKPNvjGsI4DLd7GMsXV/iLXg==:10
[    1296ms] [LOG] MNGDigisubs: Utils digisubsDataLayerLoaded:  Document is in interactive state, resolving. @ https://www.ocregister.com/_static/??-eJyl0MEKwzAIANAfWiKDrmGHset+I02kGBJbqmH7/NljT4P1IKLoE4T36tLCiqyw1j4TCzSeXaaZpE8ColEpHXq+RWI/dc4VfZEL/GPYAuNHzzI2TFqxWZazVqdX3IHtBySk6A7FkjY0RHGDbAmKXdt/1CyKPNvjGsI4DLd7GMsXV/iLXg==:10
[    1296ms] [LOG] MNGDigisubs: Utils getDataLayerObject: looking for this dataLayer object  Paywall_Level @ https://www.ocregister.com/_static/??-eJyl0MEKwzAIANAfWiKDrmGHset+I02kGBJbqmH7/NljT4P1IKLoE4T36tLCiqyw1j4TCzSeXaaZpE8ColEpHXq+RWI/dc4VfZEL/GPYAuNHzzI2TFqxWZazVqdX3IHtBySk6A7FkjY0RHGDbAmKXdt/1CyKPNvjGsI4DLd7GMsXV/iLXg==:10
[    1296ms] [LOG] MNGDigisubs: Utils getDataLayerObject: here is dataLayer length  5 @ https://www.ocregister.com/_static/??-eJyl0MEKwzAIANAfWiKDrmGHset+I02kGBJbqmH7/NljT4P1IKLoE4T36tLCiqyw1j4TCzSeXaaZpE8ColEpHXq+RWI/dc4VfZEL/GPYAuNHzzI2TFqxWZazVqdX3IHtBySk6A7FkjY0RHGDbAmKXdt/1CyKPNvjGsI4DLd7GMsXV/iLXg==:10
[    1296ms] [LOG] MNGDigisubs: Utils dataLayerLoop:  look for this element  [set, developer_id.dMzRlOT, true] @ https://www.ocregister.com/_static/??-eJyl0MEKwzAIANAfWiKDrmGHset+I02kGBJbqmH7/NljT4P1IKLoE4T36tLCiqyw1j4TCzSeXaaZpE8ColEpHXq+RWI/dc4VfZEL/GPYAuNHzzI2TFqxWZazVqdX3IHtBySk6A7FkjY0RHGDbAmKXdt/1CyKPNvjGsI4DLd7GMsXV/iLXg==:10
[    1296ms] [LOG] MNGDigisubs: Utils dataLayerLoop: dataLayer search  false @ https://www.ocregister.com/_static/??-eJyl0MEKwzAIANAfWiKDrmGHset+I02kGBJbqmH7/NljT4P1IKLoE4T36tLCiqyw1j4TCzSeXaaZpE8ColEpHXq+RWI/dc4VfZEL/GPYAuNHzzI2TFqxWZazVqdX3IHtBySk6A7FkjY0RHGDbAmKXdt/1CyKPNvjGsI4DLd7GMsXV/iLXg==:10
[    1296ms] [LOG] MNGDigisubs: Utils dataLayerLoop:  look for this element  {quantcast: p-4ctCQwtnNBNs2, quantcast label: LANewsGroup, comscore: 6035443, Publisher Domain: ocregister.com, Publisher Product: ocregister.com} @ https://www.ocregister.com/_static/??-eJyl0MEKwzAIANAfWiKDrmGHset+I02kGBJbqmH7/NljT4P1IKLoE4T36tLCiqyw1j4TCzSeXaaZpE8ColEpHXq+RWI/dc4VfZEL/GPYAuNHzzI2TFqxWZazVqdX3IHtBySk6A7FkjY0RHGDbAmKXdt/1CyKPNvjGsI4DLd7GMsXV/iLXg==:10
[    1296ms] [LOG] MNGDigisubs: Utils dataLayerLoop: found  metered @ https://www.ocregister.com/_static/??-eJyl0MEKwzAIANAfWiKDrmGHset+I02kGBJbqmH7/NljT4P1IKLoE4T36tLCiqyw1j4TCzSeXaaZpE8ColEpHXq+RWI/dc4VfZEL/GPYAuNHzzI2TFqxWZazVqdX3IHtBySk6A7FkjY0RHGDbAmKXdt/1CyKPNvjGsI4DLd7GMsXV/iLXg==:10
[    1296ms] [LOG] MNGDigisubs: Entitlements already present: {token: false} @ https://www.ocregister.com/_static/??-eJyl0MEKwzAIANAfWiKDrmGHset+I02kGBJbqmH7/NljT4P1IKLoE4T36tLCiqyw1j4TCzSeXaaZpE8ColEpHXq+RWI/dc4VfZEL/GPYAuNHzzI2TFqxWZazVqdX3IHtBySk6A7FkjY0RHGDbAmKXdt/1CyKPNvjGsI4DLd7GMsXV/iLXg==:10
[    1297ms] [LOG] MNGDigisubs: ContentObserver: Added target "stn-player". @ https://www.ocregister.com/_static/??-eJyl0MEKwzAIANAfWiKDrmGHset+I02kGBJbqmH7/NljT4P1IKLoE4T36tLCiqyw1j4TCzSeXaaZpE8ColEpHXq+RWI/dc4VfZEL/GPYAuNHzzI2TFqxWZazVqdX3IHtBySk6A7FkjY0RHGDbAmKXdt/1CyKPNvjGsI4DLd7GMsXV/iLXg==:10
[    1297ms] [LOG] MNGDigisubs: ContentObserver: Added target "bxc". @ https://www.ocregister.com/_static/??-eJyl0MEKwzAIANAfWiKDrmGHset+I02kGBJbqmH7/NljT4P1IKLoE4T36tLCiqyw1j4TCzSeXaaZpE8ColEpHXq+RWI/dc4VfZEL/GPYAuNHzzI2TFqxWZazVqdX3IHtBySk6A7FkjY0RHGDbAmKXdt/1CyKPNvjGsI4DLd7GMsXV/iLXg==:10
[    1297ms] [LOG] MNGDigisubs: ContentObserver: Added target ".article-bottom-share". @ https://www.ocregister.com/_static/??-eJyl0MEKwzAIANAfWiKDrmGHset+I02kGBJbqmH7/NljT4P1IKLoE4T36tLCiqyw1j4TCzSeXaaZpE8ColEpHXq+RWI/dc4VfZEL/GPYAuNHzzI2TFqxWZazVqdX3IHtBySk6A7FkjY0RHGDbAmKXdt/1CyKPNvjGsI4DLd7GMsXV/iLXg==:10
[    1297ms] [LOG] MNGDigisubs: ContentObserver: Added target "wp-remixd-voice-wrapper". @ https://www.ocregister.com/_static/??-eJyl0MEKwzAIANAfWiKDrmGHset+I02kGBJbqmH7/NljT4P1IKLoE4T36tLCiqyw1j4TCzSeXaaZpE8ColEpHXq+RWI/dc4VfZEL/GPYAuNHzzI2TFqxWZazVqdX3IHtBySk6A7FkjY0RHGDbAmKXdt/1CyKPNvjGsI4DLd7GMsXV/iLXg==:10
[    1297ms] [LOG] MNGDigisubs: Utils digisubsDataLayerLoaded:  Document is in interactive state, resolving. @ https://www.ocregister.com/_static/??-eJyl0MEKwzAIANAfWiKDrmGHset+I02kGBJbqmH7/NljT4P1IKLoE4T36tLCiqyw1j4TCzSeXaaZpE8ColEpHXq+RWI/dc4VfZEL/GPYAuNHzzI2TFqxWZazVqdX3IHtBySk6A7FkjY0RHGDbAmKXdt/1CyKPNvjGsI4DLd7GMsXV/iLXg==:10
[    1298ms] [LOG] MNGDigisubs: ContentObserver: Starting observation process. @ https://www.ocregister.com/_static/??-eJyl0MEKwzAIANAfWiKDrmGHset+I02kGBJbqmH7/NljT4P1IKLoE4T36tLCiqyw1j4TCzSeXaaZpE8ColEpHXq+RWI/dc4VfZEL/GPYAuNHzzI2TFqxWZazVqdX3IHtBySk6A7FkjY0RHGDbAmKXdt/1CyKPNvjGsI4DLd7GMsXV/iLXg==:10
[    1298ms] [LOG] MNGDigisubs: MutationObserver started for BODY elements. @ https://www.ocregister.com/_static/??-eJyl0MEKwzAIANAfWiKDrmGHset+I02kGBJbqmH7/NljT4P1IKLoE4T36tLCiqyw1j4TCzSeXaaZpE8ColEpHXq+RWI/dc4VfZEL/GPYAuNHzzI2TFqxWZazVqdX3IHtBySk6A7FkjY0RHGDbAmKXdt/1CyKPNvjGsI4DLd7GMsXV/iLXg==:10
[    1298ms] [LOG] MNGDigisubs: BlueConicUtils | blueConicReady | BC client detected @ https://www.ocregister.com/_static/??-eJyl0MEKwzAIANAfWiKDrmGHset+I02kGBJbqmH7/NljT4P1IKLoE4T36tLCiqyw1j4TCzSeXaaZpE8ColEpHXq+RWI/dc4VfZEL/GPYAuNHzzI2TFqxWZazVqdX3IHtBySk6A7FkjY0RHGDbAmKXdt/1CyKPNvjGsI4DLd7GMsXV/iLXg==:1
[    1302ms] [LOG] MNGDigisubs:  Article Sharing: Build sharing menuz! @ https://www.ocregister.com/_static/??-eJzTLy/QTc7PK0nNK9EvyClNz8wr1s/NS9dNyUzPLC5NKtYvLkksyUxGEdNLLAIK5aQGZyQWpeolleal5KTqZRXr6FNiVmIZklH2ubaG5uZmJiamluZmWQApDDzQ:1
[    1302ms] [LOG] MNGDigisubs: article sharing: target elements are  [ul, ul, ul] @ https://www.ocregister.com/_static/??-eJzTLy/QTc7PK0nNK9EvyClNz8wr1s/NS9dNyUzPLC5NKtYvLkksyUxGEdNLLAIK5aQGZyQWpeolleal5KTqZRXr6FNiVmIZklH2ubaG5uZmJiamluZmWQApDDzQ:1
[    1302ms] [LOG] MNGDigisubs: Utils digisubsDataLayerLoaded:  Document is in interactive state, resolving. @ https://www.ocregister.com/_static/??-eJzTLy/QTc7PK0nNK9EvyClNz8wr1s/NS9dNyUzPLC5NKtYvLkksyUxGEdNLLAIK5aQGZyQWpeolleal5KTqZRXr6FNiVmIZklH2ubaG5uZmJiamluZmWQApDDzQ:1
[    1302ms] [LOG] MNGDigisubs: Utils getDataLayerObject: looking for this dataLayer object  Page Title @ https://www.ocregister.com/_static/??-eJzTLy/QTc7PK0nNK9EvyClNz8wr1s/NS9dNyUzPLC5NKtYvLkksyUxGEdNLLAIK5aQGZyQWpeolleal5KTqZRXr6FNiVmIZklH2ubaG5uZmJiamluZmWQApDDzQ:1
[    1302ms] [LOG] MNGDigisubs: Utils getDataLayerObject: here is dataLayer length  5 @ https://www.ocregister.com/_static/??-eJzTLy/QTc7PK0nNK9EvyClNz8wr1s/NS9dNyUzPLC5NKtYvLkksyUxGEdNLLAIK5aQGZyQWpeolleal5KTqZRXr6FNiVmIZklH2ubaG5uZmJiamluZmWQApDDzQ:1
[    1302ms] [LOG] MNGDigisubs: Utils dataLayerLoop:  look for this element  [set, developer_id.dMzRlOT, true] @ https://www.ocregister.com/_static/??-eJzTLy/QTc7PK0nNK9EvyClNz8wr1s/NS9dNyUzPLC5NKtYvLkksyUxGEdNLLAIK5aQGZyQWpeolleal5KTqZRXr6FNiVmIZklH2ubaG5uZmJiamluZmWQApDDzQ:1
[    1302ms] [LOG] MNGDigisubs: Utils dataLayerLoop: dataLayer search  false @ https://www.ocregister.com/_static/??-eJzTLy/QTc7PK0nNK9EvyClNz8wr1s/NS9dNyUzPLC5NKtYvLkksyUxGEdNLLAIK5aQGZyQWpeolleal5KTqZRXr6FNiVmIZklH2ubaG5uZmJiamluZmWQApDDzQ:1
[    1302ms] [LOG] MNGDigisubs: Utils dataLayerLoop:  look for this element  {quantcast: p-4ctCQwtnNBNs2, quantcast label: LANewsGroup, comscore: 6035443, Publisher Domain: ocregister.com, Publisher Product: ocregister.com} @ https://www.ocregister.com/_static/??-eJzTLy/QTc7PK0nNK9EvyClNz8wr1s/NS9dNyUzPLC5NKtYvLkksyUxGEdNLLAIK5aQGZyQWpeolleal5KTqZRXr6FNiVmIZklH2ubaG5uZmJiamluZmWQApDDzQ:1
[    1302ms] [LOG] MNGDigisubs: Utils dataLayerLoop: found  Best of Orange County 2023: Best outdoor dining @ https://www.ocregister.com/_static/??-eJzTLy/QTc7PK0nNK9EvyClNz8wr1s/NS9dNyUzPLC5NKtYvLkksyUxGEdNLLAIK5aQGZyQWpeolleal5KTqZRXr6FNiVmIZklH2ubaG5uZmJiamluZmWQApDDzQ:1
[    1302ms] [LOG] MNGDigisubs: Article sharing: create button for this:  JSHandle@node 0 @ https://www.ocregister.com/_static/??-eJzTLy/QTc7PK0nNK9EvyClNz8wr1s/NS9dNyUzPLC5NKtYvLkksyUxGEdNLLAIK5aQGZyQWpeolleal5KTqZRXr6FNiVmIZklH2ubaG5uZmJiamluZmWQApDDzQ:1
[    1303ms] [LOG] MNGDigisubs: article sharing: share icon color:  rgb(0, 117, 128) @ https://www.ocregister.com/_static/??-eJzTLy/QTc7PK0nNK9EvyClNz8wr1s/NS9dNyUzPLC5NKtYvLkksyUxGEdNLLAIK5aQGZyQWpeolleal5KTqZRXr6FNiVmIZklH2ubaG5uZmJiamluZmWQApDDzQ:1
[    1303ms] [LOG] MNGDigisubs: Best of Orange County 2023: Best outdoor dining @ https://www.ocregister.com/_static/??-eJzTLy/QTc7PK0nNK9EvyClNz8wr1s/NS9dNyUzPLC5NKtYvLkksyUxGEdNLLAIK5aQGZyQWpeolleal5KTqZRXr6FNiVmIZklH2ubaG5uZmJiamluZmWQApDDzQ:1
[    1303ms] [LOG] MNGDigisubs: article sharing article title:  Best of Orange County 2023: Best outdoor dining @ https://www.ocregister.com/_static/??-eJzTLy/QTc7PK0nNK9EvyClNz8wr1s/NS9dNyUzPLC5NKtYvLkksyUxGEdNLLAIK5aQGZyQWpeolleal5KTqZRXr6FNiVmIZklH2ubaG5uZmJiamluZmWQApDDzQ:1
[    1303ms] [LOG] MNGDigisubs: Article sharing: create button for this:  JSHandle@node 1 @ https://www.ocregister.com/_static/??-eJzTLy/QTc7PK0nNK9EvyClNz8wr1s/NS9dNyUzPLC5NKtYvLkksyUxGEdNLLAIK5aQGZyQWpeolleal5KTqZRXr6FNiVmIZklH2ubaG5uZmJiamluZmWQApDDzQ:1
[    1303ms] [LOG] MNGDigisubs: article sharing: share icon color:  rgb(0, 117, 128) @ https://www.ocregister.com/_static/??-eJzTLy/QTc7PK0nNK9EvyClNz8wr1s/NS9dNyUzPLC5NKtYvLkksyUxGEdNLLAIK5aQGZyQWpeolleal5KTqZRXr6FNiVmIZklH2ubaG5uZmJiamluZmWQApDDzQ:1
[    1303ms] [LOG] MNGDigisubs: Best of Orange County 2023: Best outdoor dining @ https://www.ocregister.com/_static/??-eJzTLy/QTc7PK0nNK9EvyClNz8wr1s/NS9dNyUzPLC5NKtYvLkksyUxGEdNLLAIK5aQGZyQWpeolleal5KTqZRXr6FNiVmIZklH2ubaG5uZmJiamluZmWQApDDzQ:1
[    1303ms] [LOG] MNGDigisubs: article sharing article title:  Best of Orange County 2023: Best outdoor dining @ https://www.ocregister.com/_static/??-eJzTLy/QTc7PK0nNK9EvyClNz8wr1s/NS9dNyUzPLC5NKtYvLkksyUxGEdNLLAIK5aQGZyQWpeolleal5KTqZRXr6FNiVmIZklH2ubaG5uZmJiamluZmWQApDDzQ:1
[    1303ms] [LOG] MNGDigisubs: Article sharing: create button for this:  JSHandle@node 2 @ https://www.ocregister.com/_static/??-eJzTLy/QTc7PK0nNK9EvyClNz8wr1s/NS9dNyUzPLC5NKtYvLkksyUxGEdNLLAIK5aQGZyQWpeolleal5KTqZRXr6FNiVmIZklH2ubaG5uZmJiamluZmWQApDDzQ:1
[    1304ms] [LOG] MNGDigisubs: article sharing: share icon color:  rgb(0, 117, 128) @ https://www.ocregister.com/_static/??-eJzTLy/QTc7PK0nNK9EvyClNz8wr1s/NS9dNyUzPLC5NKtYvLkksyUxGEdNLLAIK5aQGZyQWpeolleal5KTqZRXr6FNiVmIZklH2ubaG5uZmJiamluZmWQApDDzQ:1
[    1304ms] [LOG] MNGDigisubs: Best of Orange County 2023: Best outdoor dining @ https://www.ocregister.com/_static/??-eJzTLy/QTc7PK0nNK9EvyClNz8wr1s/NS9dNyUzPLC5NKtYvLkksyUxGEdNLLAIK5aQGZyQWpeolleal5KTqZRXr6FNiVmIZklH2ubaG5uZmJiamluZmWQApDDzQ:1
[    1304ms] [LOG] MNGDigisubs: article sharing article title:  Best of Orange County 2023: Best outdoor dining @ https://www.ocregister.com/_static/??-eJzTLy/QTc7PK0nNK9EvyClNz8wr1s/NS9dNyUzPLC5NKtYvLkksyUxGEdNLLAIK5aQGZyQWpeolleal5KTqZRXr6FNiVmIZklH2ubaG5uZmJiamluZmWQApDDzQ:1
[    1304ms] [LOG] MNGDigisubs: Article Sharing: appending sticky nav too @ https://www.ocregister.com/_static/??-eJzTLy/QTc7PK0nNK9EvyClNz8wr1s/NS9dNyUzPLC5NKtYvLkksyUxGEdNLLAIK5aQGZyQWpeolleal5KTqZRXr6FNiVmIZklH2ubaG5uZmJiamluZmWQApDDzQ:1
[    1426ms] [WARNING] Error: Google tag AW-11038326564 loaded before Consent Mode update. Please review and resolve Google Consent Mode sequencing. @ https://cmp.osano.com/16A1AnRt2Fn8i1unj/1edc45d9-1a78-48b2-9035-037b31df744a/osano.js:1
[    2177ms] [LOG] MNGDigisubs: Connext loaded! @ https://www.ocregister.com/_static/??-eJydzEEKwjAQheELmQxCbXAhXsCtB0iaMUxJpiEzoXp7uxG6EBcu3uaH78FazbSwIivU3BOxQHwUo62LGuJIk9elbZFEYRYontiWbbMc4AvOi4/YzFpB1CtNgJx8whuF5tvrlyycTKRE0oN88L5ZQVXiJDZ0jhn//tkA41PvSnn3dS2Xo3PjMJzObpzfa9tpCA==:8
[    2178ms] [LOG] MNGDigisubs: Connext removed event listener for onInit. @ https://www.ocregister.com/_static/??-eJydzEEKwjAQheELmQxCbXAhXsCtB0iaMUxJpiEzoXp7uxG6EBcu3uaH78FazbSwIivU3BOxQHwUo62LGuJIk9elbZFEYRYontiWbbMc4AvOi4/YzFpB1CtNgJx8whuF5tvrlyycTKRE0oN88L5ZQVXiJDZ0jhn//tkA41PvSnn3dS2Xo3PjMJzObpzfa9tpCA==:8
[    2183ms] [LOG] QuickStart: 🔧 Enhanced with server decision {id: 359742ce-78e7-4d0e-863a-a8730e539429, createdAt: 2026-04-17T17:46:41, trace: z125452v004276g125452d--52--b--54--, outcome: Object} @ https://cdn.sophi.io/assets/demeter/1/stable/491643944.js?ver=6.9.4:0
[    2183ms] [LOG] QuickStart: 🔧 Decision made: {id: 359742ce-78e7-4d0e-863a-a8730e539429, createdAt: 2026-04-17T17:46:41, trace: z125452v004276g125452d--52--b--54--, context: DA00AA01AB01AC01BA00BB00BC00AD01AE01BD00BE00BF00AF00BG00CA00CB00CC00CD00CE00CF00CG00, inputs: FA:00|DC:01|DE:01|EA:Mac OS|EC:Chrome|DD:16|DB:America/Los_Angeles|GC:direct} @ https://cdn.sophi.io/assets/demeter/1/stable/491643944.js?ver=6.9.4:0
[    2184ms] [LOG] QuickStart: 🔧 Policy outcome {wallType: regwall, wallTypeCode: 2, wallVisibility: always, wallVisibilityCode: 1} @ https://cdn.sophi.io/assets/demeter/1/stable/491643944.js?ver=6.9.4:0
[    2184ms] [LOG] QuickStart: 🔧 Decision override: undefined @ https://cdn.sophi.io/assets/demeter/1/stable/491643944.js?ver=6.9.4:0
[    2184ms] [LOG] QuickStart: 🧮 Received getDecision event {visitor: anonymous, section: Things To Do} @ https://cdn.sophi.io/assets/demeter/1/stable/491643944.js?ver=6.9.4:0
[    2184ms] [LOG] QuickStart: 🔧 getDecision event handler @ https://cdn.sophi.io/assets/demeter/1/stable/491643944.js?ver=6.9.4:0
[    2184ms] [LOG] QuickStart: 🧮 Received pageview event {
  "article": true,
  "section": "things to do"
} @ https://cdn.sophi.io/assets/demeter/1/stable/491643944.js?ver=6.9.4:0
[    2185ms] [LOG] QuickStart: 🔧 Setting reserved properties {visitorType: anonymous} @ https://cdn.sophi.io/assets/demeter/1/stable/491643944.js?ver=6.9.4:0
[    2185ms] [LOG] QuickStart: 🔧 Policy decision {id: 359742ce-78e7-4d0e-863a-a8730e539429, createdAt: 2026-04-17T17:46:41, trace: z125452v004276g125452d--52--b--54--, context: DA00AA01AB01AC01BA00BB00BC00AD01AE01BD00BE00BF00AF00BG00CA00CB00CC00CD00CE00CF00CG00, inputs: FA:00|DC:01|DE:01|EA:Mac OS|EC:Chrome|DD:16|DB:America/Los_Angeles|GC:direct} @ https://cdn.sophi.io/assets/demeter/1/stable/491643944.js?ver=6.9.4:0
[    2185ms] [LOG] QuickStart: 🔧 Decision override: undefined @ https://cdn.sophi.io/assets/demeter/1/stable/491643944.js?ver=6.9.4:0
[    2185ms] [LOG] QuickStart: 🪧 Decision: regwall @ https://cdn.sophi.io/assets/demeter/1/stable/491643944.js?ver=6.9.4:0
[    2185ms] [LOG] MNGDigisubs: Sophi:  response with response time of 1098 ms:  {wallType: regwall, wallTypeCode: 2, wallVisibility: always, wallVisibilityCode: 1} @ https://www.ocregister.com/_static/??-eJyNzEEOAiEMheELCY3JOMSFceFJGMChSAuxJXN9R3cmLty9vOT7YesmNNbECr2OFVkg3sn4aKjFfaMoFIGcpd5yCg9LyLbIAX5A4tVEXFHGIuBFksrbSusZgbzm9Pybi3rF8PXZT8gug2NNe+RKl6Nz8zSdzm4uL/+sSmE=:5
[    2186ms] [LOG] MNGDigisubs: Sophi:  About to call rerunConnextEntitlements. @ https://www.ocregister.com/_static/??-eJyNzEEOAiEMheELCY3JOMSFceFJGMChSAuxJXN9R3cmLty9vOT7YesmNNbECr2OFVkg3sn4aKjFfaMoFIGcpd5yCg9LyLbIAX5A4tVEXFHGIuBFksrbSusZgbzm9Pybi3rF8PXZT8gug2NNe+RKl6Nz8zSdzm4uL/+sSmE=:5
[    2186ms] [LOG] MNGDigisubs: connextReady promise already exists, status is true. @ https://www.ocregister.com/_static/??-eJydzEEKwjAQheELmQxCbXAhXsCtB0iaMUxJpiEzoXp7uxG6EBcu3uaH78FazbSwIivU3BOxQHwUo62LGuJIk9elbZFEYRYontiWbbMc4AvOi4/YzFpB1CtNgJx8whuF5tvrlyycTKRE0oN88L5ZQVXiJDZ0jhn//tkA41PvSnn3dS2Xo3PjMJzObpzfa9tpCA==:8
[    2186ms] [LOG] MNGDigisubs: Running Connext now... @ https://www.ocregister.com/_static/??-eJydzEEKwjAQheELmQxCbXAhXsCtB0iaMUxJpiEzoXp7uxG6EBcu3uaH78FazbSwIivU3BOxQHwUo62LGuJIk9elbZFEYRYontiWbbMc4AvOi4/YzFpB1CtNgJx8whuF5tvrlyycTKRE0oN88L5ZQVXiJDZ0jhn//tkA41PvSnn3dS2Xo3PjMJzObpzfa9tpCA==:8
[    2354ms] [LOG] EngageLibrary: User is in segment PANYMA All Subs + Recents: false @ https://www.ocregister.com/_static/??-eJydzEEKwjAQheELmQxCbXAhXsCtB0iaMUxJpiEzoXp7uxG6EBcu3uaH78FazbSwIivU3BOxQHwUo62LGuJIk9elbZFEYRYontiWbbMc4AvOi4/YzFpB1CtNgJx8whuF5tvrlyycTKRE0oN88L5ZQVXiJDZ0jhn//tkA41PvSnn3dS2Xo3PjMJzObpzfa9tpCA==:3
[    2354ms] [LOG] EngageLibrary: User is in segment CrossOver PremSubs: false @ https://www.ocregister.com/_static/??-eJydzEEKwjAQheELmQxCbXAhXsCtB0iaMUxJpiEzoXp7uxG6EBcu3uaH78FazbSwIivU3BOxQHwUo62LGuJIk9elbZFEYRYontiWbbMc4AvOi4/YzFpB1CtNgJx8whuF5tvrlyycTKRE0oN88L5ZQVXiJDZ0jhn//tkA41PvSnn3dS2Xo3PjMJzObpzfa9tpCA==:3
[    2354ms] [LOG] EngageLibrary: User is in segment SCNG LOWA: false @ https://www.ocregister.com/_static/??-eJydzEEKwjAQheELmQxCbXAhXsCtB0iaMUxJpiEzoXp7uxG6EBcu3uaH78FazbSwIivU3BOxQHwUo62LGuJIk9elbZFEYRYontiWbbMc4AvOi4/YzFpB1CtNgJx8whuF5tvrlyycTKRE0oN88L5ZQVXiJDZ0jhn//tkA41PvSnn3dS2Xo3PjMJzObpzfa9tpCA==:3
[    2354ms] [LOG] EngageLibrary: User is NOT in the segments: [BANG Pseudo Entitlement] @ https://www.ocregister.com/_static/??-eJydzEEKwjAQheELmQxCbXAhXsCtB0iaMUxJpiEzoXp7uxG6EBcu3uaH78FazbSwIivU3BOxQHwUo62LGuJIk9elbZFEYRYontiWbbMc4AvOi4/YzFpB1CtNgJx8whuF5tvrlyycTKRE0oN88L5ZQVXiJDZ0jhn//tkA41PvSnn3dS2Xo3PjMJzObpzfa9tpCA==:3
[    2354ms] [LOG] EngageLibrary: User is NOT in the segments: [SCNG Pseudo Entitlement] @ https://www.ocregister.com/_static/??-eJydzEEKwjAQheELmQxCbXAhXsCtB0iaMUxJpiEzoXp7uxG6EBcu3uaH78FazbSwIivU3BOxQHwUo62LGuJIk9elbZFEYRYontiWbbMc4AvOi4/YzFpB1CtNgJx8whuF5tvrlyycTKRE0oN88L5ZQVXiJDZ0jhn//tkA41PvSnn3dS2Xo3PjMJzObpzfa9tpCA==:3
[    2354ms] [LOG] EngageLibrary: User is NOT in the segments: [TWIN CITIES Pseudo Entitlement] @ https://www.ocregister.com/_static/??-eJydzEEKwjAQheELmQxCbXAhXsCtB0iaMUxJpiEzoXp7uxG6EBcu3uaH78FazbSwIivU3BOxQHwUo62LGuJIk9elbZFEYRYontiWbbMc4AvOi4/YzFpB1CtNgJx8whuF5tvrlyycTKRE0oN88L5ZQVXiJDZ0jhn//tkA41PvSnn3dS2Xo3PjMJzObpzfa9tpCA==:3
[    2355ms] [LOG] EngageLibrary: User is NOT in the segments: [DENV/PMP Pseudo Entitlement] @ https://www.ocregister.com/_static/??-eJydzEEKwjAQheELmQxCbXAhXsCtB0iaMUxJpiEzoXp7uxG6EBcu3uaH78FazbSwIivU3BOxQHwUo62LGuJIk9elbZFEYRYontiWbbMc4AvOi4/YzFpB1CtNgJx8whuF5tvrlyycTKRE0oN88L5ZQVXiJDZ0jhn//tkA41PvSnn3dS2Xo3PjMJzObpzfa9tpCA==:3
[    2355ms] [LOG] EngageLibrary: User is NOT in the segments: [NORCAL Pseudo Entitlement] @ https://www.ocregister.com/_static/??-eJydzEEKwjAQheELmQxCbXAhXsCtB0iaMUxJpiEzoXp7uxG6EBcu3uaH78FazbSwIivU3BOxQHwUo62LGuJIk9elbZFEYRYontiWbbMc4AvOi4/YzFpB1CtNgJx8whuF5tvrlyycTKRE0oN88L5ZQVXiJDZ0jhn//tkA41PvSnn3dS2Xo3PjMJzObpzfa9tpCA==:3
[    2355ms] [LOG] EngageLibrary: User is NOT in the segments: [BOSTON Pseudo Entitlement] @ https://www.ocregister.com/_static/??-eJydzEEKwjAQheELmQxCbXAhXsCtB0iaMUxJpiEzoXp7uxG6EBcu3uaH78FazbSwIivU3BOxQHwUo62LGuJIk9elbZFEYRYontiWbbMc4AvOi4/YzFpB1CtNgJx8whuF5tvrlyycTKRE0oN88L5ZQVXiJDZ0jhn//tkA41PvSnn3dS2Xo3PjMJzObpzfa9tpCA==:3
[    2355ms] [LOG] EngageLibrary: User is NOT in the segments: [MICH Pseudo Entitlement] @ https://www.ocregister.com/_static/??-eJydzEEKwjAQheELmQxCbXAhXsCtB0iaMUxJpiEzoXp7uxG6EBcu3uaH78FazbSwIivU3BOxQHwUo62LGuJIk9elbZFEYRYontiWbbMc4AvOi4/YzFpB1CtNgJx8whuF5tvrlyycTKRE0oN88L5ZQVXiJDZ0jhn//tkA41PvSnn3dS2Xo3PjMJzObpzfa9tpCA==:3
[    2355ms] [LOG] EngageLibrary: User is NOT in the segments: [PENN Pseudo Entitlement] @ https://www.ocregister.com/_static/??-eJydzEEKwjAQheELmQxCbXAhXsCtB0iaMUxJpiEzoXp7uxG6EBcu3uaH78FazbSwIivU3BOxQHwUo62LGuJIk9elbZFEYRYontiWbbMc4AvOi4/YzFpB1CtNgJx8whuF5tvrlyycTKRE0oN88L5ZQVXiJDZ0jhn//tkA41PvSnn3dS2Xo3PjMJzObpzfa9tpCA==:3
[    2355ms] [LOG] EngageLibrary: User is NOT in the segments: [NY Pseudo Entitlement] @ https://www.ocregister.com/_static/??-eJydzEEKwjAQheELmQxCbXAhXsCtB0iaMUxJpiEzoXp7uxG6EBcu3uaH78FazbSwIivU3BOxQHwUo62LGuJIk9elbZFEYRYontiWbbMc4AvOi4/YzFpB1CtNgJx8whuF5tvrlyycTKRE0oN88L5ZQVXiJDZ0jhn//tkA41PvSnn3dS2Xo3PjMJzObpzfa9tpCA==:3
[    2355ms] [LOG] EngageLibrary: User is NOT in the segments: [OHIO Pseudo Entitlement] @ https://www.ocregister.com/_static/??-eJydzEEKwjAQheELmQxCbXAhXsCtB0iaMUxJpiEzoXp7uxG6EBcu3uaH78FazbSwIivU3BOxQHwUo62LGuJIk9elbZFEYRYontiWbbMc4AvOi4/YzFpB1CtNgJx8whuF5tvrlyycTKRE0oN88L5ZQVXiJDZ0jhn//tkA41PvSnn3dS2Xo3PjMJzObpzfa9tpCA==:3
[    2355ms] [LOG] EngageLibrary: User is NOT in the segments: [NEPA Pseudo Entitlement] @ https://www.ocregister.com/_static/??-eJydzEEKwjAQheELmQxCbXAhXsCtB0iaMUxJpiEzoXp7uxG6EBcu3uaH78FazbSwIivU3BOxQHwUo62LGuJIk9elbZFEYRYontiWbbMc4AvOi4/YzFpB1CtNgJx8whuF5tvrlyycTKRE0oN88L5ZQVXiJDZ0jhn//tkA41PvSnn3dS2Xo3PjMJzObpzfa9tpCA==:3
[    2355ms] [LOG] EngageLibrary: User is in segment Adblock Users: false @ https://www.ocregister.com/_static/??-eJydzEEKwjAQheELmQxCbXAhXsCtB0iaMUxJpiEzoXp7uxG6EBcu3uaH78FazbSwIivU3BOxQHwUo62LGuJIk9elbZFEYRYontiWbbMc4AvOi4/YzFpB1CtNgJx8whuF5tvrlyycTKRE0oN88L5ZQVXiJDZ0jhn//tkA41PvSnn3dS2Xo3PjMJzObpzfa9tpCA==:3
[    2441ms] [LOG] EngageLibrary: User is NOT in the segments: [SCNG Newsletter breaking news] @ https://www.ocregister.com/_static/??-eJydzEEKwjAQheELmQxCbXAhXsCtB0iaMUxJpiEzoXp7uxG6EBcu3uaH78FazbSwIivU3BOxQHwUo62LGuJIk9elbZFEYRYontiWbbMc4AvOi4/YzFpB1CtNgJx8whuF5tvrlyycTKRE0oN88L5ZQVXiJDZ0jhn//tkA41PvSnn3dS2Xo3PjMJzObpzfa9tpCA==:3
[    2441ms] [LOG] EngageLibrary: Tag "Immigration" does not exist. @ https://www.ocregister.com/_static/??-eJydzEEKwjAQheELmQxCbXAhXsCtB0iaMUxJpiEzoXp7uxG6EBcu3uaH78FazbSwIivU3BOxQHwUo62LGuJIk9elbZFEYRYontiWbbMc4AvOi4/YzFpB1CtNgJx8whuF5tvrlyycTKRE0oN88L5ZQVXiJDZ0jhn//tkA41PvSnn3dS2Xo3PjMJzObpzfa9tpCA==:3
[    2441ms] [LOG] EngageLibrary: Tag "Immigration" does not exist. @ https://www.ocregister.com/_static/??-eJydzEEKwjAQheELmQxCbXAhXsCtB0iaMUxJpiEzoXp7uxG6EBcu3uaH78FazbSwIivU3BOxQHwUo62LGuJIk9elbZFEYRYontiWbbMc4AvOi4/YzFpB1CtNgJx8whuF5tvrlyycTKRE0oN88L5ZQVXiJDZ0jhn//tkA41PvSnn3dS2Xo3PjMJzObpzfa9tpCA==:3
[    2441ms] [LOG] EngageLibrary: User is NOT in the segments: [SCNG Newsletter business] @ https://www.ocregister.com/_static/??-eJydzEEKwjAQheELmQxCbXAhXsCtB0iaMUxJpiEzoXp7uxG6EBcu3uaH78FazbSwIivU3BOxQHwUo62LGuJIk9elbZFEYRYontiWbbMc4AvOi4/YzFpB1CtNgJx8whuF5tvrlyycTKRE0oN88L5ZQVXiJDZ0jhn//tkA41PvSnn3dS2Xo3PjMJzObpzfa9tpCA==:3
[    2442ms] [LOG] EngageLibrary: Tag "Immigration" does not exist. @ https://www.ocregister.com/_static/??-eJydzEEKwjAQheELmQxCbXAhXsCtB0iaMUxJpiEzoXp7uxG6EBcu3uaH78FazbSwIivU3BOxQHwUo62LGuJIk9elbZFEYRYontiWbbMc4AvOi4/YzFpB1CtNgJx8whuF5tvrlyycTKRE0oN88L5ZQVXiJDZ0jhn//tkA41PvSnn3dS2Xo3PjMJzObpzfa9tpCA==:3
[    2442ms] [LOG] EngageLibrary: User is NOT in the segments: [SCNG Newsletter coronavirus] @ https://www.ocregister.com/_static/??-eJydzEEKwjAQheELmQxCbXAhXsCtB0iaMUxJpiEzoXp7uxG6EBcu3uaH78FazbSwIivU3BOxQHwUo62LGuJIk9elbZFEYRYontiWbbMc4AvOi4/YzFpB1CtNgJx8whuF5tvrlyycTKRE0oN88L5ZQVXiJDZ0jhn//tkA41PvSnn3dS2Xo3PjMJzObpzfa9tpCA==:3
[    2442ms] [LOG] EngageLibrary: User is NOT in the segments: [SCNG Newsletter the home stretch] @ https://www.ocregister.com/_static/??-eJydzEEKwjAQheELmQxCbXAhXsCtB0iaMUxJpiEzoXp7uxG6EBcu3uaH78FazbSwIivU3BOxQHwUo62LGuJIk9elbZFEYRYontiWbbMc4AvOi4/YzFpB1CtNgJx8whuF5tvrlyycTKRE0oN88L5ZQVXiJDZ0jhn//tkA41PvSnn3dS2Xo3PjMJzObpzfa9tpCA==:3
[    2442ms] [LOG] EngageLibrary: Tag "Immigration" does not exist. @ https://www.ocregister.com/_static/??-eJydzEEKwjAQheELmQxCbXAhXsCtB0iaMUxJpiEzoXp7uxG6EBcu3uaH78FazbSwIivU3BOxQHwUo62LGuJIk9elbZFEYRYontiWbbMc4AvOi4/YzFpB1CtNgJx8whuF5tvrlyycTKRE0oN88L5ZQVXiJDZ0jhn//tkA41PvSnn3dS2Xo3PjMJzObpzfa9tpCA==:3
[    2442ms] [LOG] EngageLibrary: User is NOT in the segments: [SCNG Newsletter the road ahead] @ https://www.ocregister.com/_static/??-eJydzEEKwjAQheELmQxCbXAhXsCtB0iaMUxJpiEzoXp7uxG6EBcu3uaH78FazbSwIivU3BOxQHwUo62LGuJIk9elbZFEYRYontiWbbMc4AvOi4/YzFpB1CtNgJx8whuF5tvrlyycTKRE0oN88L5ZQVXiJDZ0jhn//tkA41PvSnn3dS2Xo3PjMJzObpzfa9tpCA==:3
[    2442ms] [LOG] EngageLibrary: Tag "driving" does not exist. @ https://www.ocregister.com/_static/??-eJydzEEKwjAQheELmQxCbXAhXsCtB0iaMUxJpiEzoXp7uxG6EBcu3uaH78FazbSwIivU3BOxQHwUo62LGuJIk9elbZFEYRYontiWbbMc4AvOi4/YzFpB1CtNgJx8whuF5tvrlyycTKRE0oN88L5ZQVXiJDZ0jhn//tkA41PvSnn3dS2Xo3PjMJzObpzfa9tpCA==:3
[    2442ms] [LOG] EngageLibrary: User is NOT in the segments: [SCNG Newsletter garden party] @ https://www.ocregister.com/_static/??-eJydzEEKwjAQheELmQxCbXAhXsCtB0iaMUxJpiEzoXp7uxG6EBcu3uaH78FazbSwIivU3BOxQHwUo62LGuJIk9elbZFEYRYontiWbbMc4AvOi4/YzFpB1CtNgJx8whuF5tvrlyycTKRE0oN88L5ZQVXiJDZ0jhn//tkA41PvSnn3dS2Xo3PjMJzObpzfa9tpCA==:3
[    2442ms] [LOG] EngageLibrary: User is NOT in the segments: [SCNG Newsletter the eat index] @ https://www.ocregister.com/_static/??-eJydzEEKwjAQheELmQxCbXAhXsCtB0iaMUxJpiEzoXp7uxG6EBcu3uaH78FazbSwIivU3BOxQHwUo62LGuJIk9elbZFEYRYontiWbbMc4AvOi4/YzFpB1CtNgJx8whuF5tvrlyycTKRE0oN88L5ZQVXiJDZ0jhn//tkA41PvSnn3dS2Xo3PjMJzObpzfa9tpCA==:3
[    2442ms] [LOG] EngageLibrary: User is NOT in the segments: [SCNG Newsletter the eat index] @ https://www.ocregister.com/_static/??-eJydzEEKwjAQheELmQxCbXAhXsCtB0iaMUxJpiEzoXp7uxG6EBcu3uaH78FazbSwIivU3BOxQHwUo62LGuJIk9elbZFEYRYontiWbbMc4AvOi4/YzFpB1CtNgJx8whuF5tvrlyycTKRE0oN88L5ZQVXiJDZ0jhn//tkA41PvSnn3dS2Xo3PjMJzObpzfa9tpCA==:3
[    2442ms] [LOG] EngageLibrary: User is NOT in the segments: [SCNG Newsletter opinion] @ https://www.ocregister.com/_static/??-eJydzEEKwjAQheELmQxCbXAhXsCtB0iaMUxJpiEzoXp7uxG6EBcu3uaH78FazbSwIivU3BOxQHwUo62LGuJIk9elbZFEYRYontiWbbMc4AvOi4/YzFpB1CtNgJx8whuF5tvrlyycTKRE0oN88L5ZQVXiJDZ0jhn//tkA41PvSnn3dS2Xo3PjMJzObpzfa9tpCA==:3
[    2443ms] [LOG] EngageLibrary: User is NOT in the segments: [SCNG Newsletter park life] @ https://www.ocregister.com/_static/??-eJydzEEKwjAQheELmQxCbXAhXsCtB0iaMUxJpiEzoXp7uxG6EBcu3uaH78FazbSwIivU3BOxQHwUo62LGuJIk9elbZFEYRYontiWbbMc4AvOi4/YzFpB1CtNgJx8whuF5tvrlyycTKRE0oN88L5ZQVXiJDZ0jhn//tkA41PvSnn3dS2Xo3PjMJzObpzfa9tpCA==:3
[    2443ms] [LOG] EngageLibrary: Tag "Horse Racing" does not exist. @ https://www.ocregister.com/_static/??-eJydzEEKwjAQheELmQxCbXAhXsCtB0iaMUxJpiEzoXp7uxG6EBcu3uaH78FazbSwIivU3BOxQHwUo62LGuJIk9elbZFEYRYontiWbbMc4AvOi4/YzFpB1CtNgJx8whuF5tvrlyycTKRE0oN88L5ZQVXiJDZ0jhn//tkA41PvSnn3dS2Xo3PjMJzObpzfa9tpCA==:3
[    2443ms] [LOG] EngageLibrary: Tag "UCLA" does not exist. @ https://www.ocregister.com/_static/??-eJydzEEKwjAQheELmQxCbXAhXsCtB0iaMUxJpiEzoXp7uxG6EBcu3uaH78FazbSwIivU3BOxQHwUo62LGuJIk9elbZFEYRYontiWbbMc4AvOi4/YzFpB1CtNgJx8whuF5tvrlyycTKRE0oN88L5ZQVXiJDZ0jhn//tkA41PvSnn3dS2Xo3PjMJzObpzfa9tpCA==:3
[    2443ms] [LOG] EngageLibrary: Tag "The Beach Reporter" does not exist. @ https://www.ocregister.com/_static/??-eJydzEEKwjAQheELmQxCbXAhXsCtB0iaMUxJpiEzoXp7uxG6EBcu3uaH78FazbSwIivU3BOxQHwUo62LGuJIk9elbZFEYRYontiWbbMc4AvOi4/YzFpB1CtNgJx8whuF5tvrlyycTKRE0oN88L5ZQVXiJDZ0jhn//tkA41PvSnn3dS2Xo3PjMJzObpzfa9tpCA==:3
[    2443ms] [LOG] EngageLibrary: Tag "The Grunion" does not exist. @ https://www.ocregister.com/_static/??-eJydzEEKwjAQheELmQxCbXAhXsCtB0iaMUxJpiEzoXp7uxG6EBcu3uaH78FazbSwIivU3BOxQHwUo62LGuJIk9elbZFEYRYontiWbbMc4AvOi4/YzFpB1CtNgJx8whuF5tvrlyycTKRE0oN88L5ZQVXiJDZ0jhn//tkA41PvSnn3dS2Xo3PjMJzObpzfa9tpCA==:3
[    2443ms] [LOG] EngageLibrary: User is NOT in the segments: [SCNG Newsletter angels in the inbox] @ https://www.ocregister.com/_static/??-eJydzEEKwjAQheELmQxCbXAhXsCtB0iaMUxJpiEzoXp7uxG6EBcu3uaH78FazbSwIivU3BOxQHwUo62LGuJIk9elbZFEYRYontiWbbMc4AvOi4/YzFpB1CtNgJx8whuF5tvrlyycTKRE0oN88L5ZQVXiJDZ0jhn//tkA41PvSnn3dS2Xo3PjMJzObpzfa9tpCA==:3
[    2443ms] [LOG] EngageLibrary: User is NOT in the segments: [SCNG Newsletter inside the dodgers] @ https://www.ocregister.com/_static/??-eJydzEEKwjAQheELmQxCbXAhXsCtB0iaMUxJpiEzoXp7uxG6EBcu3uaH78FazbSwIivU3BOxQHwUo62LGuJIk9elbZFEYRYontiWbbMc4AvOi4/YzFpB1CtNgJx8whuF5tvrlyycTKRE0oN88L5ZQVXiJDZ0jhn//tkA41PvSnn3dS2Xo3PjMJzObpzfa9tpCA==:3
[    2443ms] [LOG] EngageLibrary: User is NOT in the segments: [SCNG Newsletter purple and bold] @ https://www.ocregister.com/_static/??-eJydzEEKwjAQheELmQxCbXAhXsCtB0iaMUxJpiEzoXp7uxG6EBcu3uaH78FazbSwIivU3BOxQHwUo62LGuJIk9elbZFEYRYontiWbbMc4AvOi4/YzFpB1CtNgJx8whuF5tvrlyycTKRE0oN88L5ZQVXiJDZ0jhn//tkA41PvSnn3dS2Xo3PjMJzObpzfa9tpCA==:3
[    2443ms] [LOG] EngageLibrary: User is NOT in the segments: [SCNG Newsletter coast lines] @ https://www.ocregister.com/_static/??-eJydzEEKwjAQheELmQxCbXAhXsCtB0iaMUxJpiEzoXp7uxG6EBcu3uaH78FazbSwIivU3BOxQHwUo62LGuJIk9elbZFEYRYontiWbbMc4AvOi4/YzFpB1CtNgJx8whuF5tvrlyycTKRE0oN88L5ZQVXiJDZ0jhn//tkA41PvSnn3dS2Xo3PjMJzObpzfa9tpCA==:3
[    2443ms] [LOG] EngageLibrary: Tag "beaches" does not exist. @ https://www.ocregister.com/_static/??-eJydzEEKwjAQheELmQxCbXAhXsCtB0iaMUxJpiEzoXp7uxG6EBcu3uaH78FazbSwIivU3BOxQHwUo62LGuJIk9elbZFEYRYontiWbbMc4AvOi4/YzFpB1CtNgJx8whuF5tvrlyycTKRE0oN88L5ZQVXiJDZ0jhn//tkA41PvSnn3dS2Xo3PjMJzObpzfa9tpCA==:3
[    2443ms] [LOG] EngageLibrary: User is NOT in the segments: [SCNG Newsletter home turf] @ https://www.ocregister.com/_static/??-eJydzEEKwjAQheELmQxCbXAhXsCtB0iaMUxJpiEzoXp7uxG6EBcu3uaH78FazbSwIivU3BOxQHwUo62LGuJIk9elbZFEYRYontiWbbMc4AvOi4/YzFpB1CtNgJx8whuF5tvrlyycTKRE0oN88L5ZQVXiJDZ0jhn//tkA41PvSnn3dS2Xo3PjMJzObpzfa9tpCA==:3
[    2443ms] [LOG] EngageLibrary: User is NOT in the segments: [SCNG Newsletter socal varsity] @ https://www.ocregister.com/_static/??-eJydzEEKwjAQheELmQxCbXAhXsCtB0iaMUxJpiEzoXp7uxG6EBcu3uaH78FazbSwIivU3BOxQHwUo62LGuJIk9elbZFEYRYontiWbbMc4AvOi4/YzFpB1CtNgJx8whuF5tvrlyycTKRE0oN88L5ZQVXiJDZ0jhn//tkA41PvSnn3dS2Xo3PjMJzObpzfa9tpCA==:3
[    2443ms] [LOG] EngageLibrary: User is NOT in the segments: [SCNG Newsletter things to do] @ https://www.ocregister.com/_static/??-eJydzEEKwjAQheELmQxCbXAhXsCtB0iaMUxJpiEzoXp7uxG6EBcu3uaH78FazbSwIivU3BOxQHwUo62LGuJIk9elbZFEYRYontiWbbMc4AvOi4/YzFpB1CtNgJx8whuF5tvrlyycTKRE0oN88L5ZQVXiJDZ0jhn//tkA41PvSnn3dS2Xo3PjMJzObpzfa9tpCA==:3
[    2449ms] [LOG] Sophi responseIsNowall false @ https://www.ocregister.com/_static/??-eJydzEEKwjAQheELmQxCbXAhXsCtB0iaMUxJpiEzoXp7uxG6EBcu3uaH78FazbSwIivU3BOxQHwUo62LGuJIk9elbZFEYRYontiWbbMc4AvOi4/YzFpB1CtNgJx8whuF5tvrlyycTKRE0oN88L5ZQVXiJDZ0jhn//tkA41PvSnn3dS2Xo3PjMJzObpzfa9tpCA==:3
[    2454ms] [LOG] Sophi responseIsNowall false @ https://www.ocregister.com/_static/??-eJydzEEKwjAQheELmQxCbXAhXsCtB0iaMUxJpiEzoXp7uxG6EBcu3uaH78FazbSwIivU3BOxQHwUo62LGuJIk9elbZFEYRYontiWbbMc4AvOi4/YzFpB1CtNgJx8whuF5tvrlyycTKRE0oN88L5ZQVXiJDZ0jhn//tkA41PvSnn3dS2Xo3PjMJzObpzfa9tpCA==:3
[    2459ms] [LOG] Sophi shouldLoadRegwall true @ https://www.ocregister.com/_static/??-eJydzEEKwjAQheELmQxCbXAhXsCtB0iaMUxJpiEzoXp7uxG6EBcu3uaH78FazbSwIivU3BOxQHwUo62LGuJIk9elbZFEYRYontiWbbMc4AvOi4/YzFpB1CtNgJx8whuF5tvrlyycTKRE0oN88L5ZQVXiJDZ0jhn//tkA41PvSnn3dS2Xo3PjMJzObpzfa9tpCA==:3
[    2464ms] [LOG] Sophi shouldLoadRegwall true @ https://www.ocregister.com/_static/??-eJydzEEKwjAQheELmQxCbXAhXsCtB0iaMUxJpiEzoXp7uxG6EBcu3uaH78FazbSwIivU3BOxQHwUo62LGuJIk9elbZFEYRYontiWbbMc4AvOi4/YzFpB1CtNgJx8whuF5tvrlyycTKRE0oN88L5ZQVXiJDZ0jhn//tkA41PvSnn3dS2Xo3PjMJzObpzfa9tpCA==:3
[    2469ms] [LOG] Sophi shouldLoadRegwall true @ https://www.ocregister.com/_static/??-eJydzEEKwjAQheELmQxCbXAhXsCtB0iaMUxJpiEzoXp7uxG6EBcu3uaH78FazbSwIivU3BOxQHwUo62LGuJIk9elbZFEYRYontiWbbMc4AvOi4/YzFpB1CtNgJx8whuF5tvrlyycTKRE0oN88L5ZQVXiJDZ0jhn//tkA41PvSnn3dS2Xo3PjMJzObpzfa9tpCA==:3
[    2474ms] [LOG] Sophi shouldLoadRegwall true @ https://www.ocregister.com/_static/??-eJydzEEKwjAQheELmQxCbXAhXsCtB0iaMUxJpiEzoXp7uxG6EBcu3uaH78FazbSwIivU3BOxQHwUo62LGuJIk9elbZFEYRYontiWbbMc4AvOi4/YzFpB1CtNgJx8whuF5tvrlyycTKRE0oN88L5ZQVXiJDZ0jhn//tkA41PvSnn3dS2Xo3PjMJzObpzfa9tpCA==:3
[    2479ms] [LOG] Sophi shouldLoadRegwall true @ https://www.ocregister.com/_static/??-eJydzEEKwjAQheELmQxCbXAhXsCtB0iaMUxJpiEzoXp7uxG6EBcu3uaH78FazbSwIivU3BOxQHwUo62LGuJIk9elbZFEYRYontiWbbMc4AvOi4/YzFpB1CtNgJx8whuF5tvrlyycTKRE0oN88L5ZQVXiJDZ0jhn//tkA41PvSnn3dS2Xo3PjMJzObpzfa9tpCA==:3
[    2483ms] [LOG] Sophi shouldLoadRegwall true @ https://www.ocregister.com/_static/??-eJydzEEKwjAQheELmQxCbXAhXsCtB0iaMUxJpiEzoXp7uxG6EBcu3uaH78FazbSwIivU3BOxQHwUo62LGuJIk9elbZFEYRYontiWbbMc4AvOi4/YzFpB1CtNgJx8whuF5tvrlyycTKRE0oN88L5ZQVXiJDZ0jhn//tkA41PvSnn3dS2Xo3PjMJzObpzfa9tpCA==:3
[    2488ms] [LOG] Sophi shouldLoadRegwall true @ https://www.ocregister.com/_static/??-eJydzEEKwjAQheELmQxCbXAhXsCtB0iaMUxJpiEzoXp7uxG6EBcu3uaH78FazbSwIivU3BOxQHwUo62LGuJIk9elbZFEYRYontiWbbMc4AvOi4/YzFpB1CtNgJx8whuF5tvrlyycTKRE0oN88L5ZQVXiJDZ0jhn//tkA41PvSnn3dS2Xo3PjMJzObpzfa9tpCA==:3
[    2492ms] [LOG] Sophi shouldLoadRegwall true @ https://www.ocregister.com/_static/??-eJydzEEKwjAQheELmQxCbXAhXsCtB0iaMUxJpiEzoXp7uxG6EBcu3uaH78FazbSwIivU3BOxQHwUo62LGuJIk9elbZFEYRYontiWbbMc4AvOi4/YzFpB1CtNgJx8whuF5tvrlyycTKRE0oN88L5ZQVXiJDZ0jhn//tkA41PvSnn3dS2Xo3PjMJzObpzfa9tpCA==:3
[    2497ms] [LOG] Sophi shouldLoadRegwall true @ https://www.ocregister.com/_static/??-eJydzEEKwjAQheELmQxCbXAhXsCtB0iaMUxJpiEzoXp7uxG6EBcu3uaH78FazbSwIivU3BOxQHwUo62LGuJIk9elbZFEYRYontiWbbMc4AvOi4/YzFpB1CtNgJx8whuF5tvrlyycTKRE0oN88L5ZQVXiJDZ0jhn//tkA41PvSnn3dS2Xo3PjMJzObpzfa9tpCA==:3
[    2502ms] [LOG] Sophi shouldLoadPaywall false @ https://www.ocregister.com/_static/??-eJydzEEKwjAQheELmQxCbXAhXsCtB0iaMUxJpiEzoXp7uxG6EBcu3uaH78FazbSwIivU3BOxQHwUo62LGuJIk9elbZFEYRYontiWbbMc4AvOi4/YzFpB1CtNgJx8whuF5tvrlyycTKRE0oN88L5ZQVXiJDZ0jhn//tkA41PvSnn3dS2Xo3PjMJzObpzfa9tpCA==:3
[    2507ms] [LOG] Sophi shouldLoadPaywall false @ https://www.ocregister.com/_static/??-eJydzEEKwjAQheELmQxCbXAhXsCtB0iaMUxJpiEzoXp7uxG6EBcu3uaH78FazbSwIivU3BOxQHwUo62LGuJIk9elbZFEYRYontiWbbMc4AvOi4/YzFpB1CtNgJx8whuF5tvrlyycTKRE0oN88L5ZQVXiJDZ0jhn//tkA41PvSnn3dS2Xo3PjMJzObpzfa9tpCA==:3
[    2512ms] [LOG] Sophi responseIsNowall false @ https://www.ocregister.com/_static/??-eJydzEEKwjAQheELmQxCbXAhXsCtB0iaMUxJpiEzoXp7uxG6EBcu3uaH78FazbSwIivU3BOxQHwUo62LGuJIk9elbZFEYRYontiWbbMc4AvOi4/YzFpB1CtNgJx8whuF5tvrlyycTKRE0oN88L5ZQVXiJDZ0jhn//tkA41PvSnn3dS2Xo3PjMJzObpzfa9tpCA==:3
[    2516ms] [LOG] Sophi shouldLoadPaywall false @ https://www.ocregister.com/_static/??-eJydzEEKwjAQheELmQxCbXAhXsCtB0iaMUxJpiEzoXp7uxG6EBcu3uaH78FazbSwIivU3BOxQHwUo62LGuJIk9elbZFEYRYontiWbbMc4AvOi4/YzFpB1CtNgJx8whuF5tvrlyycTKRE0oN88L5ZQVXiJDZ0jhn//tkA41PvSnn3dS2Xo3PjMJzObpzfa9tpCA==:3
[    2520ms] [LOG] Sophi shouldLoadRegwall true @ https://www.ocregister.com/_static/??-eJydzEEKwjAQheELmQxCbXAhXsCtB0iaMUxJpiEzoXp7uxG6EBcu3uaH78FazbSwIivU3BOxQHwUo62LGuJIk9elbZFEYRYontiWbbMc4AvOi4/YzFpB1CtNgJx8whuF5tvrlyycTKRE0oN88L5ZQVXiJDZ0jhn//tkA41PvSnn3dS2Xo3PjMJzObpzfa9tpCA==:3
[    2542ms] [LOG] Sophi shouldLoadRegwall true @ https://www.ocregister.com/_static/??-eJydzEEKwjAQheELmQxCbXAhXsCtB0iaMUxJpiEzoXp7uxG6EBcu3uaH78FazbSwIivU3BOxQHwUo62LGuJIk9elbZFEYRYontiWbbMc4AvOi4/YzFpB1CtNgJx8whuF5tvrlyycTKRE0oN88L5ZQVXiJDZ0jhn//tkA41PvSnn3dS2Xo3PjMJzObpzfa9tpCA==:3
[    2547ms] [LOG] Sophi shouldLoadRegwall true @ https://www.ocregister.com/_static/??-eJydzEEKwjAQheELmQxCbXAhXsCtB0iaMUxJpiEzoXp7uxG6EBcu3uaH78FazbSwIivU3BOxQHwUo62LGuJIk9elbZFEYRYontiWbbMc4AvOi4/YzFpB1CtNgJx8whuF5tvrlyycTKRE0oN88L5ZQVXiJDZ0jhn//tkA41PvSnn3dS2Xo3PjMJzObpzfa9tpCA==:3
[    2552ms] [LOG] Sophi shouldLoadRegwall true @ https://www.ocregister.com/_static/??-eJydzEEKwjAQheELmQxCbXAhXsCtB0iaMUxJpiEzoXp7uxG6EBcu3uaH78FazbSwIivU3BOxQHwUo62LGuJIk9elbZFEYRYontiWbbMc4AvOi4/YzFpB1CtNgJx8whuF5tvrlyycTKRE0oN88L5ZQVXiJDZ0jhn//tkA41PvSnn3dS2Xo3PjMJzObpzfa9tpCA==:3
[    2556ms] [LOG] Sophi shouldLoadRegwall true @ https://www.ocregister.com/_static/??-eJydzEEKwjAQheELmQxCbXAhXsCtB0iaMUxJpiEzoXp7uxG6EBcu3uaH78FazbSwIivU3BOxQHwUo62LGuJIk9elbZFEYRYontiWbbMc4AvOi4/YzFpB1CtNgJx8whuF5tvrlyycTKRE0oN88L5ZQVXiJDZ0jhn//tkA41PvSnn3dS2Xo3PjMJzObpzfa9tpCA==:3
[    2561ms] [LOG] Sophi shouldLoadRegwall true @ https://www.ocregister.com/_static/??-eJydzEEKwjAQheELmQxCbXAhXsCtB0iaMUxJpiEzoXp7uxG6EBcu3uaH78FazbSwIivU3BOxQHwUo62LGuJIk9elbZFEYRYontiWbbMc4AvOi4/YzFpB1CtNgJx8whuF5tvrlyycTKRE0oN88L5ZQVXiJDZ0jhn//tkA41PvSnn3dS2Xo3PjMJzObpzfa9tpCA==:3
[    2565ms] [LOG] Sophi shouldLoadRegwall true @ https://www.ocregister.com/_static/??-eJydzEEKwjAQheELmQxCbXAhXsCtB0iaMUxJpiEzoXp7uxG6EBcu3uaH78FazbSwIivU3BOxQHwUo62LGuJIk9elbZFEYRYontiWbbMc4AvOi4/YzFpB1CtNgJx8whuF5tvrlyycTKRE0oN88L5ZQVXiJDZ0jhn//tkA41PvSnn3dS2Xo3PjMJzObpzfa9tpCA==:3
[    2569ms] [LOG] Sophi shouldLoadRegwall true @ https://www.ocregister.com/_static/??-eJydzEEKwjAQheELmQxCbXAhXsCtB0iaMUxJpiEzoXp7uxG6EBcu3uaH78FazbSwIivU3BOxQHwUo62LGuJIk9elbZFEYRYontiWbbMc4AvOi4/YzFpB1CtNgJx8whuF5tvrlyycTKRE0oN88L5ZQVXiJDZ0jhn//tkA41PvSnn3dS2Xo3PjMJzObpzfa9tpCA==:3
[    2574ms] [LOG] Sophi shouldLoadRegwall true @ https://www.ocregister.com/_static/??-eJydzEEKwjAQheELmQxCbXAhXsCtB0iaMUxJpiEzoXp7uxG6EBcu3uaH78FazbSwIivU3BOxQHwUo62LGuJIk9elbZFEYRYontiWbbMc4AvOi4/YzFpB1CtNgJx8whuF5tvrlyycTKRE0oN88L5ZQVXiJDZ0jhn//tkA41PvSnn3dS2Xo3PjMJzObpzfa9tpCA==:3
[    2578ms] [LOG] Sophi shouldLoadRegwall true @ https://www.ocregister.com/_static/??-eJydzEEKwjAQheELmQxCbXAhXsCtB0iaMUxJpiEzoXp7uxG6EBcu3uaH78FazbSwIivU3BOxQHwUo62LGuJIk9elbZFEYRYontiWbbMc4AvOi4/YzFpB1CtNgJx8whuF5tvrlyycTKRE0oN88L5ZQVXiJDZ0jhn//tkA41PvSnn3dS2Xo3PjMJzObpzfa9tpCA==:3
[    2583ms] [LOG] Sophi shouldLoadPaywall false @ https://www.ocregister.com/_static/??-eJydzEEKwjAQheELmQxCbXAhXsCtB0iaMUxJpiEzoXp7uxG6EBcu3uaH78FazbSwIivU3BOxQHwUo62LGuJIk9elbZFEYRYontiWbbMc4AvOi4/YzFpB1CtNgJx8whuF5tvrlyycTKRE0oN88L5ZQVXiJDZ0jhn//tkA41PvSnn3dS2Xo3PjMJzObpzfa9tpCA==:3
[    2587ms] [LOG] Sophi shouldLoadPaywall false @ https://www.ocregister.com/_static/??-eJydzEEKwjAQheELmQxCbXAhXsCtB0iaMUxJpiEzoXp7uxG6EBcu3uaH78FazbSwIivU3BOxQHwUo62LGuJIk9elbZFEYRYontiWbbMc4AvOi4/YzFpB1CtNgJx8whuF5tvrlyycTKRE0oN88L5ZQVXiJDZ0jhn//tkA41PvSnn3dS2Xo3PjMJzObpzfa9tpCA==:3
[    2591ms] [LOG] Sophi responseIsNowall false @ https://www.ocregister.com/_static/??-eJydzEEKwjAQheELmQxCbXAhXsCtB0iaMUxJpiEzoXp7uxG6EBcu3uaH78FazbSwIivU3BOxQHwUo62LGuJIk9elbZFEYRYontiWbbMc4AvOi4/YzFpB1CtNgJx8whuF5tvrlyycTKRE0oN88L5ZQVXiJDZ0jhn//tkA41PvSnn3dS2Xo3PjMJzObpzfa9tpCA==:3
[    2596ms] [LOG] Sophi shouldLoadPaywall false @ https://www.ocregister.com/_static/??-eJydzEEKwjAQheELmQxCbXAhXsCtB0iaMUxJpiEzoXp7uxG6EBcu3uaH78FazbSwIivU3BOxQHwUo62LGuJIk9elbZFEYRYontiWbbMc4AvOi4/YzFpB1CtNgJx8whuF5tvrlyycTKRE0oN88L5ZQVXiJDZ0jhn//tkA41PvSnn3dS2Xo3PjMJzObpzfa9tpCA==:3
[    2600ms] [LOG] Sophi shouldLoadRegwall true @ https://www.ocregister.com/_static/??-eJydzEEKwjAQheELmQxCbXAhXsCtB0iaMUxJpiEzoXp7uxG6EBcu3uaH78FazbSwIivU3BOxQHwUo62LGuJIk9elbZFEYRYontiWbbMc4AvOi4/YzFpB1CtNgJx8whuF5tvrlyycTKRE0oN88L5ZQVXiJDZ0jhn//tkA41PvSnn3dS2Xo3PjMJzObpzfa9tpCA==:3
[    2654ms] [LOG] Sophi shouldLoadRegwall true @ https://www.ocregister.com/_static/??-eJydzEEKwjAQheELmQxCbXAhXsCtB0iaMUxJpiEzoXp7uxG6EBcu3uaH78FazbSwIivU3BOxQHwUo62LGuJIk9elbZFEYRYontiWbbMc4AvOi4/YzFpB1CtNgJx8whuF5tvrlyycTKRE0oN88L5ZQVXiJDZ0jhn//tkA41PvSnn3dS2Xo3PjMJzObpzfa9tpCA==:3
[    2659ms] [LOG] Sophi shouldLoadRegwall true @ https://www.ocregister.com/_static/??-eJydzEEKwjAQheELmQxCbXAhXsCtB0iaMUxJpiEzoXp7uxG6EBcu3uaH78FazbSwIivU3BOxQHwUo62LGuJIk9elbZFEYRYontiWbbMc4AvOi4/YzFpB1CtNgJx8whuF5tvrlyycTKRE0oN88L5ZQVXiJDZ0jhn//tkA41PvSnn3dS2Xo3PjMJzObpzfa9tpCA==:3
[    2663ms] [LOG] Sophi shouldLoadRegwall true @ https://www.ocregister.com/_static/??-eJydzEEKwjAQheELmQxCbXAhXsCtB0iaMUxJpiEzoXp7uxG6EBcu3uaH78FazbSwIivU3BOxQHwUo62LGuJIk9elbZFEYRYontiWbbMc4AvOi4/YzFpB1CtNgJx8whuF5tvrlyycTKRE0oN88L5ZQVXiJDZ0jhn//tkA41PvSnn3dS2Xo3PjMJzObpzfa9tpCA==:3
[    2668ms] [LOG] Sophi shouldLoadRegwall true @ https://www.ocregister.com/_static/??-eJydzEEKwjAQheELmQxCbXAhXsCtB0iaMUxJpiEzoXp7uxG6EBcu3uaH78FazbSwIivU3BOxQHwUo62LGuJIk9elbZFEYRYontiWbbMc4AvOi4/YzFpB1CtNgJx8whuF5tvrlyycTKRE0oN88L5ZQVXiJDZ0jhn//tkA41PvSnn3dS2Xo3PjMJzObpzfa9tpCA==:3
[    2672ms] [LOG] Sophi shouldLoadRegwall true @ https://www.ocregister.com/_static/??-eJydzEEKwjAQheELmQxCbXAhXsCtB0iaMUxJpiEzoXp7uxG6EBcu3uaH78FazbSwIivU3BOxQHwUo62LGuJIk9elbZFEYRYontiWbbMc4AvOi4/YzFpB1CtNgJx8whuF5tvrlyycTKRE0oN88L5ZQVXiJDZ0jhn//tkA41PvSnn3dS2Xo3PjMJzObpzfa9tpCA==:3
[    2676ms] [LOG] Sophi shouldLoadRegwall true @ https://www.ocregister.com/_static/??-eJydzEEKwjAQheELmQxCbXAhXsCtB0iaMUxJpiEzoXp7uxG6EBcu3uaH78FazbSwIivU3BOxQHwUo62LGuJIk9elbZFEYRYontiWbbMc4AvOi4/YzFpB1CtNgJx8whuF5tvrlyycTKRE0oN88L5ZQVXiJDZ0jhn//tkA41PvSnn3dS2Xo3PjMJzObpzfa9tpCA==:3
[    2680ms] [LOG] Sophi shouldLoadRegwall true @ https://www.ocregister.com/_static/??-eJydzEEKwjAQheELmQxCbXAhXsCtB0iaMUxJpiEzoXp7uxG6EBcu3uaH78FazbSwIivU3BOxQHwUo62LGuJIk9elbZFEYRYontiWbbMc4AvOi4/YzFpB1CtNgJx8whuF5tvrlyycTKRE0oN88L5ZQVXiJDZ0jhn//tkA41PvSnn3dS2Xo3PjMJzObpzfa9tpCA==:3
[    2685ms] [LOG] Sophi shouldLoadRegwall true @ https://www.ocregister.com/_static/??-eJydzEEKwjAQheELmQxCbXAhXsCtB0iaMUxJpiEzoXp7uxG6EBcu3uaH78FazbSwIivU3BOxQHwUo62LGuJIk9elbZFEYRYontiWbbMc4AvOi4/YzFpB1CtNgJx8whuF5tvrlyycTKRE0oN88L5ZQVXiJDZ0jhn//tkA41PvSnn3dS2Xo3PjMJzObpzfa9tpCA==:3
[    2690ms] [LOG] Sophi shouldLoadPaywall false @ https://www.ocregister.com/_static/??-eJydzEEKwjAQheELmQxCbXAhXsCtB0iaMUxJpiEzoXp7uxG6EBcu3uaH78FazbSwIivU3BOxQHwUo62LGuJIk9elbZFEYRYontiWbbMc4AvOi4/YzFpB1CtNgJx8whuF5tvrlyycTKRE0oN88L5ZQVXiJDZ0jhn//tkA41PvSnn3dS2Xo3PjMJzObpzfa9tpCA==:3
[    2695ms] [LOG] Sophi shouldLoadPaywall false @ https://www.ocregister.com/_static/??-eJydzEEKwjAQheELmQxCbXAhXsCtB0iaMUxJpiEzoXp7uxG6EBcu3uaH78FazbSwIivU3BOxQHwUo62LGuJIk9elbZFEYRYontiWbbMc4AvOi4/YzFpB1CtNgJx8whuF5tvrlyycTKRE0oN88L5ZQVXiJDZ0jhn//tkA41PvSnn3dS2Xo3PjMJzObpzfa9tpCA==:3
[    2699ms] [LOG] Sophi responseIsNowall false @ https://www.ocregister.com/_static/??-eJydzEEKwjAQheELmQxCbXAhXsCtB0iaMUxJpiEzoXp7uxG6EBcu3uaH78FazbSwIivU3BOxQHwUo62LGuJIk9elbZFEYRYontiWbbMc4AvOi4/YzFpB1CtNgJx8whuF5tvrlyycTKRE0oN88L5ZQVXiJDZ0jhn//tkA41PvSnn3dS2Xo3PjMJzObpzfa9tpCA==:3
[    2703ms] [LOG] Sophi shouldLoadPaywall false @ https://www.ocregister.com/_static/??-eJydzEEKwjAQheELmQxCbXAhXsCtB0iaMUxJpiEzoXp7uxG6EBcu3uaH78FazbSwIivU3BOxQHwUo62LGuJIk9elbZFEYRYontiWbbMc4AvOi4/YzFpB1CtNgJx8whuF5tvrlyycTKRE0oN88L5ZQVXiJDZ0jhn//tkA41PvSnn3dS2Xo3PjMJzObpzfa9tpCA==:3
[    2707ms] [LOG] Sophi shouldLoadRegwall true @ https://www.ocregister.com/_static/??-eJydzEEKwjAQheELmQxCbXAhXsCtB0iaMUxJpiEzoXp7uxG6EBcu3uaH78FazbSwIivU3BOxQHwUo62LGuJIk9elbZFEYRYontiWbbMc4AvOi4/YzFpB1CtNgJx8whuF5tvrlyycTKRE0oN88L5ZQVXiJDZ0jhn//tkA41PvSnn3dS2Xo3PjMJzObpzfa9tpCA==:3
[    2708ms] [LOG] EngageLibrary: User is NOT in the segments: [SCNG Newsletter breaking news] @ https://www.ocregister.com/_static/??-eJydzEEKwjAQheELmQxCbXAhXsCtB0iaMUxJpiEzoXp7uxG6EBcu3uaH78FazbSwIivU3BOxQHwUo62LGuJIk9elbZFEYRYontiWbbMc4AvOi4/YzFpB1CtNgJx8whuF5tvrlyycTKRE0oN88L5ZQVXiJDZ0jhn//tkA41PvSnn3dS2Xo3PjMJzObpzfa9tpCA==:3
[    2708ms] [LOG] EngageLibrary: Tag "Immigration" does not exist. @ https://www.ocregister.com/_static/??-eJydzEEKwjAQheELmQxCbXAhXsCtB0iaMUxJpiEzoXp7uxG6EBcu3uaH78FazbSwIivU3BOxQHwUo62LGuJIk9elbZFEYRYontiWbbMc4AvOi4/YzFpB1CtNgJx8whuF5tvrlyycTKRE0oN88L5ZQVXiJDZ0jhn//tkA41PvSnn3dS2Xo3PjMJzObpzfa9tpCA==:3
[    2708ms] [LOG] EngageLibrary: Tag "Immigration" does not exist. @ https://www.ocregister.com/_static/??-eJydzEEKwjAQheELmQxCbXAhXsCtB0iaMUxJpiEzoXp7uxG6EBcu3uaH78FazbSwIivU3BOxQHwUo62LGuJIk9elbZFEYRYontiWbbMc4AvOi4/YzFpB1CtNgJx8whuF5tvrlyycTKRE0oN88L5ZQVXiJDZ0jhn//tkA41PvSnn3dS2Xo3PjMJzObpzfa9tpCA==:3
[    2708ms] [LOG] EngageLibrary: User is NOT in the segments: [SCNG Newsletter business] @ https://www.ocregister.com/_static/??-eJydzEEKwjAQheELmQxCbXAhXsCtB0iaMUxJpiEzoXp7uxG6EBcu3uaH78FazbSwIivU3BOxQHwUo62LGuJIk9elbZFEYRYontiWbbMc4AvOi4/YzFpB1CtNgJx8whuF5tvrlyycTKRE0oN88L5ZQVXiJDZ0jhn//tkA41PvSnn3dS2Xo3PjMJzObpzfa9tpCA==:3
[    2708ms] [LOG] EngageLibrary: Tag "Immigration" does not exist. @ https://www.ocregister.com/_static/??-eJydzEEKwjAQheELmQxCbXAhXsCtB0iaMUxJpiEzoXp7uxG6EBcu3uaH78FazbSwIivU3BOxQHwUo62LGuJIk9elbZFEYRYontiWbbMc4AvOi4/YzFpB1CtNgJx8whuF5tvrlyycTKRE0oN88L5ZQVXiJDZ0jhn//tkA41PvSnn3dS2Xo3PjMJzObpzfa9tpCA==:3
[    2708ms] [LOG] EngageLibrary: User is NOT in the segments: [SCNG Newsletter coronavirus] @ https://www.ocregister.com/_static/??-eJydzEEKwjAQheELmQxCbXAhXsCtB0iaMUxJpiEzoXp7uxG6EBcu3uaH78FazbSwIivU3BOxQHwUo62LGuJIk9elbZFEYRYontiWbbMc4AvOi4/YzFpB1CtNgJx8whuF5tvrlyycTKRE0oN88L5ZQVXiJDZ0jhn//tkA41PvSnn3dS2Xo3PjMJzObpzfa9tpCA==:3
[    2708ms] [LOG] EngageLibrary: User is NOT in the segments: [SCNG Newsletter the home stretch] @ https://www.ocregister.com/_static/??-eJydzEEKwjAQheELmQxCbXAhXsCtB0iaMUxJpiEzoXp7uxG6EBcu3uaH78FazbSwIivU3BOxQHwUo62LGuJIk9elbZFEYRYontiWbbMc4AvOi4/YzFpB1CtNgJx8whuF5tvrlyycTKRE0oN88L5ZQVXiJDZ0jhn//tkA41PvSnn3dS2Xo3PjMJzObpzfa9tpCA==:3
[    2708ms] [LOG] EngageLibrary: Tag "Immigration" does not exist. @ https://www.ocregister.com/_static/??-eJydzEEKwjAQheELmQxCbXAhXsCtB0iaMUxJpiEzoXp7uxG6EBcu3uaH78FazbSwIivU3BOxQHwUo62LGuJIk9elbZFEYRYontiWbbMc4AvOi4/YzFpB1CtNgJx8whuF5tvrlyycTKRE0oN88L5ZQVXiJDZ0jhn//tkA41PvSnn3dS2Xo3PjMJzObpzfa9tpCA==:3
[    2708ms] [LOG] EngageLibrary: User is NOT in the segments: [SCNG Newsletter the road ahead] @ https://www.ocregister.com/_static/??-eJydzEEKwjAQheELmQxCbXAhXsCtB0iaMUxJpiEzoXp7uxG6EBcu3uaH78FazbSwIivU3BOxQHwUo62LGuJIk9elbZFEYRYontiWbbMc4AvOi4/YzFpB1CtNgJx8whuF5tvrlyycTKRE0oN88L5ZQVXiJDZ0jhn//tkA41PvSnn3dS2Xo3PjMJzObpzfa9tpCA==:3
[    2708ms] [LOG] EngageLibrary: Tag "driving" does not exist. @ https://www.ocregister.com/_static/??-eJydzEEKwjAQheELmQxCbXAhXsCtB0iaMUxJpiEzoXp7uxG6EBcu3uaH78FazbSwIivU3BOxQHwUo62LGuJIk9elbZFEYRYontiWbbMc4AvOi4/YzFpB1CtNgJx8whuF5tvrlyycTKRE0oN88L5ZQVXiJDZ0jhn//tkA41PvSnn3dS2Xo3PjMJzObpzfa9tpCA==:3
[    2708ms] [LOG] EngageLibrary: User is NOT in the segments: [SCNG Newsletter garden party] @ https://www.ocregister.com/_static/??-eJydzEEKwjAQheELmQxCbXAhXsCtB0iaMUxJpiEzoXp7uxG6EBcu3uaH78FazbSwIivU3BOxQHwUo62LGuJIk9elbZFEYRYontiWbbMc4AvOi4/YzFpB1CtNgJx8whuF5tvrlyycTKRE0oN88L5ZQVXiJDZ0jhn//tkA41PvSnn3dS2Xo3PjMJzObpzfa9tpCA==:3
[    2708ms] [LOG] EngageLibrary: User is NOT in the segments: [SCNG Newsletter the eat index] @ https://www.ocregister.com/_static/??-eJydzEEKwjAQheELmQxCbXAhXsCtB0iaMUxJpiEzoXp7uxG6EBcu3uaH78FazbSwIivU3BOxQHwUo62LGuJIk9elbZFEYRYontiWbbMc4AvOi4/YzFpB1CtNgJx8whuF5tvrlyycTKRE0oN88L5ZQVXiJDZ0jhn//tkA41PvSnn3dS2Xo3PjMJzObpzfa9tpCA==:3
[    2709ms] [LOG] EngageLibrary: User is NOT in the segments: [SCNG Newsletter the eat index] @ https://www.ocregister.com/_static/??-eJydzEEKwjAQheELmQxCbXAhXsCtB0iaMUxJpiEzoXp7uxG6EBcu3uaH78FazbSwIivU3BOxQHwUo62LGuJIk9elbZFEYRYontiWbbMc4AvOi4/YzFpB1CtNgJx8whuF5tvrlyycTKRE0oN88L5ZQVXiJDZ0jhn//tkA41PvSnn3dS2Xo3PjMJzObpzfa9tpCA==:3
[    2709ms] [LOG] EngageLibrary: User is NOT in the segments: [SCNG Newsletter opinion] @ https://www.ocregister.com/_static/??-eJydzEEKwjAQheELmQxCbXAhXsCtB0iaMUxJpiEzoXp7uxG6EBcu3uaH78FazbSwIivU3BOxQHwUo62LGuJIk9elbZFEYRYontiWbbMc4AvOi4/YzFpB1CtNgJx8whuF5tvrlyycTKRE0oN88L5ZQVXiJDZ0jhn//tkA41PvSnn3dS2Xo3PjMJzObpzfa9tpCA==:3
[    2709ms] [LOG] EngageLibrary: User is NOT in the segments: [SCNG Newsletter park life] @ https://www.ocregister.com/_static/??-eJydzEEKwjAQheELmQxCbXAhXsCtB0iaMUxJpiEzoXp7uxG6EBcu3uaH78FazbSwIivU3BOxQHwUo62LGuJIk9elbZFEYRYontiWbbMc4AvOi4/YzFpB1CtNgJx8whuF5tvrlyycTKRE0oN88L5ZQVXiJDZ0jhn//tkA41PvSnn3dS2Xo3PjMJzObpzfa9tpCA==:3
[    2709ms] [LOG] EngageLibrary: Tag "Horse Racing" does not exist. @ https://www.ocregister.com/_static/??-eJydzEEKwjAQheELmQxCbXAhXsCtB0iaMUxJpiEzoXp7uxG6EBcu3uaH78FazbSwIivU3BOxQHwUo62LGuJIk9elbZFEYRYontiWbbMc4AvOi4/YzFpB1CtNgJx8whuF5tvrlyycTKRE0oN88L5ZQVXiJDZ0jhn//tkA41PvSnn3dS2Xo3PjMJzObpzfa9tpCA==:3
[    2709ms] [LOG] EngageLibrary: Tag "UCLA" does not exist. @ https://www.ocregister.com/_static/??-eJydzEEKwjAQheELmQxCbXAhXsCtB0iaMUxJpiEzoXp7uxG6EBcu3uaH78FazbSwIivU3BOxQHwUo62LGuJIk9elbZFEYRYontiWbbMc4AvOi4/YzFpB1CtNgJx8whuF5tvrlyycTKRE0oN88L5ZQVXiJDZ0jhn//tkA41PvSnn3dS2Xo3PjMJzObpzfa9tpCA==:3
[    2709ms] [LOG] EngageLibrary: Tag "The Beach Reporter" does not exist. @ https://www.ocregister.com/_static/??-eJydzEEKwjAQheELmQxCbXAhXsCtB0iaMUxJpiEzoXp7uxG6EBcu3uaH78FazbSwIivU3BOxQHwUo62LGuJIk9elbZFEYRYontiWbbMc4AvOi4/YzFpB1CtNgJx8whuF5tvrlyycTKRE0oN88L5ZQVXiJDZ0jhn//tkA41PvSnn3dS2Xo3PjMJzObpzfa9tpCA==:3
[    2709ms] [LOG] EngageLibrary: Tag "The Grunion" does not exist. @ https://www.ocregister.com/_static/??-eJydzEEKwjAQheELmQxCbXAhXsCtB0iaMUxJpiEzoXp7uxG6EBcu3uaH78FazbSwIivU3BOxQHwUo62LGuJIk9elbZFEYRYontiWbbMc4AvOi4/YzFpB1CtNgJx8whuF5tvrlyycTKRE0oN88L5ZQVXiJDZ0jhn//tkA41PvSnn3dS2Xo3PjMJzObpzfa9tpCA==:3
[    2709ms] [LOG] EngageLibrary: User is NOT in the segments: [SCNG Newsletter angels in the inbox] @ https://www.ocregister.com/_static/??-eJydzEEKwjAQheELmQxCbXAhXsCtB0iaMUxJpiEzoXp7uxG6EBcu3uaH78FazbSwIivU3BOxQHwUo62LGuJIk9elbZFEYRYontiWbbMc4AvOi4/YzFpB1CtNgJx8whuF5tvrlyycTKRE0oN88L5ZQVXiJDZ0jhn//tkA41PvSnn3dS2Xo3PjMJzObpzfa9tpCA==:3
[    2709ms] [LOG] EngageLibrary: User is NOT in the segments: [SCNG Newsletter inside the dodgers] @ https://www.ocregister.com/_static/??-eJydzEEKwjAQheELmQxCbXAhXsCtB0iaMUxJpiEzoXp7uxG6EBcu3uaH78FazbSwIivU3BOxQHwUo62LGuJIk9elbZFEYRYontiWbbMc4AvOi4/YzFpB1CtNgJx8whuF5tvrlyycTKRE0oN88L5ZQVXiJDZ0jhn//tkA41PvSnn3dS2Xo3PjMJzObpzfa9tpCA==:3
[    2709ms] [LOG] EngageLibrary: User is NOT in the segments: [SCNG Newsletter purple and bold] @ https://www.ocregister.com/_static/??-eJydzEEKwjAQheELmQxCbXAhXsCtB0iaMUxJpiEzoXp7uxG6EBcu3uaH78FazbSwIivU3BOxQHwUo62LGuJIk9elbZFEYRYontiWbbMc4AvOi4/YzFpB1CtNgJx8whuF5tvrlyycTKRE0oN88L5ZQVXiJDZ0jhn//tkA41PvSnn3dS2Xo3PjMJzObpzfa9tpCA==:3
[    2709ms] [LOG] EngageLibrary: User is NOT in the segments: [SCNG Newsletter coast lines] @ https://www.ocregister.com/_static/??-eJydzEEKwjAQheELmQxCbXAhXsCtB0iaMUxJpiEzoXp7uxG6EBcu3uaH78FazbSwIivU3BOxQHwUo62LGuJIk9elbZFEYRYontiWbbMc4AvOi4/YzFpB1CtNgJx8whuF5tvrlyycTKRE0oN88L5ZQVXiJDZ0jhn//tkA41PvSnn3dS2Xo3PjMJzObpzfa9tpCA==:3
[    2709ms] [LOG] EngageLibrary: Tag "beaches" does not exist. @ https://www.ocregister.com/_static/??-eJydzEEKwjAQheELmQxCbXAhXsCtB0iaMUxJpiEzoXp7uxG6EBcu3uaH78FazbSwIivU3BOxQHwUo62LGuJIk9elbZFEYRYontiWbbMc4AvOi4/YzFpB1CtNgJx8whuF5tvrlyycTKRE0oN88L5ZQVXiJDZ0jhn//tkA41PvSnn3dS2Xo3PjMJzObpzfa9tpCA==:3
[    2709ms] [LOG] EngageLibrary: User is NOT in the segments: [SCNG Newsletter home turf] @ https://www.ocregister.com/_static/??-eJydzEEKwjAQheELmQxCbXAhXsCtB0iaMUxJpiEzoXp7uxG6EBcu3uaH78FazbSwIivU3BOxQHwUo62LGuJIk9elbZFEYRYontiWbbMc4AvOi4/YzFpB1CtNgJx8whuF5tvrlyycTKRE0oN88L5ZQVXiJDZ0jhn//tkA41PvSnn3dS2Xo3PjMJzObpzfa9tpCA==:3
[    2709ms] [LOG] EngageLibrary: User is NOT in the segments: [SCNG Newsletter socal varsity] @ https://www.ocregister.com/_static/??-eJydzEEKwjAQheELmQxCbXAhXsCtB0iaMUxJpiEzoXp7uxG6EBcu3uaH78FazbSwIivU3BOxQHwUo62LGuJIk9elbZFEYRYontiWbbMc4AvOi4/YzFpB1CtNgJx8whuF5tvrlyycTKRE0oN88L5ZQVXiJDZ0jhn//tkA41PvSnn3dS2Xo3PjMJzObpzfa9tpCA==:3
[    2709ms] [LOG] EngageLibrary: User is NOT in the segments: [SCNG Newsletter things to do] @ https://www.ocregister.com/_static/??-eJydzEEKwjAQheELmQxCbXAhXsCtB0iaMUxJpiEzoXp7uxG6EBcu3uaH78FazbSwIivU3BOxQHwUo62LGuJIk9elbZFEYRYontiWbbMc4AvOi4/YzFpB1CtNgJx8whuF5tvrlyycTKRE0oN88L5ZQVXiJDZ0jhn//tkA41PvSnn3dS2Xo3PjMJzObpzfa9tpCA==:3
[    2714ms] [LOG] Sophi responseIsNowall false @ https://www.ocregister.com/_static/??-eJydzEEKwjAQheELmQxCbXAhXsCtB0iaMUxJpiEzoXp7uxG6EBcu3uaH78FazbSwIivU3BOxQHwUo62LGuJIk9elbZFEYRYontiWbbMc4AvOi4/YzFpB1CtNgJx8whuF5tvrlyycTKRE0oN88L5ZQVXiJDZ0jhn//tkA41PvSnn3dS2Xo3PjMJzObpzfa9tpCA==:3
[    2718ms] [LOG] Sophi responseIsNowall false @ https://www.ocregister.com/_static/??-eJydzEEKwjAQheELmQxCbXAhXsCtB0iaMUxJpiEzoXp7uxG6EBcu3uaH78FazbSwIivU3BOxQHwUo62LGuJIk9elbZFEYRYontiWbbMc4AvOi4/YzFpB1CtNgJx8whuF5tvrlyycTKRE0oN88L5ZQVXiJDZ0jhn//tkA41PvSnn3dS2Xo3PjMJzObpzfa9tpCA==:3
[    2722ms] [LOG] Sophi shouldLoadRegwall true @ https://www.ocregister.com/_static/??-eJydzEEKwjAQheELmQxCbXAhXsCtB0iaMUxJpiEzoXp7uxG6EBcu3uaH78FazbSwIivU3BOxQHwUo62LGuJIk9elbZFEYRYontiWbbMc4AvOi4/YzFpB1CtNgJx8whuF5tvrlyycTKRE0oN88L5ZQVXiJDZ0jhn//tkA41PvSnn3dS2Xo3PjMJzObpzfa9tpCA==:3
[    2727ms] [LOG] Sophi shouldLoadRegwall true @ https://www.ocregister.com/_static/??-eJydzEEKwjAQheELmQxCbXAhXsCtB0iaMUxJpiEzoXp7uxG6EBcu3uaH78FazbSwIivU3BOxQHwUo62LGuJIk9elbZFEYRYontiWbbMc4AvOi4/YzFpB1CtNgJx8whuF5tvrlyycTKRE0oN88L5ZQVXiJDZ0jhn//tkA41PvSnn3dS2Xo3PjMJzObpzfa9tpCA==:3
[    2732ms] [LOG] Sophi shouldLoadRegwall true @ https://www.ocregister.com/_static/??-eJydzEEKwjAQheELmQxCbXAhXsCtB0iaMUxJpiEzoXp7uxG6EBcu3uaH78FazbSwIivU3BOxQHwUo62LGuJIk9elbZFEYRYontiWbbMc4AvOi4/YzFpB1CtNgJx8whuF5tvrlyycTKRE0oN88L5ZQVXiJDZ0jhn//tkA41PvSnn3dS2Xo3PjMJzObpzfa9tpCA==:3
[    2736ms] [LOG] Sophi shouldLoadRegwall true @ https://www.ocregister.com/_static/??-eJydzEEKwjAQheELmQxCbXAhXsCtB0iaMUxJpiEzoXp7uxG6EBcu3uaH78FazbSwIivU3BOxQHwUo62LGuJIk9elbZFEYRYontiWbbMc4AvOi4/YzFpB1CtNgJx8whuF5tvrlyycTKRE0oN88L5ZQVXiJDZ0jhn//tkA41PvSnn3dS2Xo3PjMJzObpzfa9tpCA==:3
[    2741ms] [LOG] Sophi shouldLoadRegwall true @ https://www.ocregister.com/_static/??-eJydzEEKwjAQheELmQxCbXAhXsCtB0iaMUxJpiEzoXp7uxG6EBcu3uaH78FazbSwIivU3BOxQHwUo62LGuJIk9elbZFEYRYontiWbbMc4AvOi4/YzFpB1CtNgJx8whuF5tvrlyycTKRE0oN88L5ZQVXiJDZ0jhn//tkA41PvSnn3dS2Xo3PjMJzObpzfa9tpCA==:3
[    2745ms] [LOG] Sophi shouldLoadRegwall true @ https://www.ocregister.com/_static/??-eJydzEEKwjAQheELmQxCbXAhXsCtB0iaMUxJpiEzoXp7uxG6EBcu3uaH78FazbSwIivU3BOxQHwUo62LGuJIk9elbZFEYRYontiWbbMc4AvOi4/YzFpB1CtNgJx8whuF5tvrlyycTKRE0oN88L5ZQVXiJDZ0jhn//tkA41PvSnn3dS2Xo3PjMJzObpzfa9tpCA==:3
[    2749ms] [LOG] Sophi shouldLoadRegwall true @ https://www.ocregister.com/_static/??-eJydzEEKwjAQheELmQxCbXAhXsCtB0iaMUxJpiEzoXp7uxG6EBcu3uaH78FazbSwIivU3BOxQHwUo62LGuJIk9elbZFEYRYontiWbbMc4AvOi4/YzFpB1CtNgJx8whuF5tvrlyycTKRE0oN88L5ZQVXiJDZ0jhn//tkA41PvSnn3dS2Xo3PjMJzObpzfa9tpCA==:3
[    2753ms] [LOG] Sophi shouldLoadRegwall true @ https://www.ocregister.com/_static/??-eJydzEEKwjAQheELmQxCbXAhXsCtB0iaMUxJpiEzoXp7uxG6EBcu3uaH78FazbSwIivU3BOxQHwUo62LGuJIk9elbZFEYRYontiWbbMc4AvOi4/YzFpB1CtNgJx8whuF5tvrlyycTKRE0oN88L5ZQVXiJDZ0jhn//tkA41PvSnn3dS2Xo3PjMJzObpzfa9tpCA==:3
[    2757ms] [LOG] Sophi shouldLoadRegwall true @ https://www.ocregister.com/_static/??-eJydzEEKwjAQheELmQxCbXAhXsCtB0iaMUxJpiEzoXp7uxG6EBcu3uaH78FazbSwIivU3BOxQHwUo62LGuJIk9elbZFEYRYontiWbbMc4AvOi4/YzFpB1CtNgJx8whuF5tvrlyycTKRE0oN88L5ZQVXiJDZ0jhn//tkA41PvSnn3dS2Xo3PjMJzObpzfa9tpCA==:3
[    2762ms] [LOG] Sophi shouldLoadPaywall false @ https://www.ocregister.com/_static/??-eJydzEEKwjAQheELmQxCbXAhXsCtB0iaMUxJpiEzoXp7uxG6EBcu3uaH78FazbSwIivU3BOxQHwUo62LGuJIk9elbZFEYRYontiWbbMc4AvOi4/YzFpB1CtNgJx8whuF5tvrlyycTKRE0oN88L5ZQVXiJDZ0jhn//tkA41PvSnn3dS2Xo3PjMJzObpzfa9tpCA==:3
[    2766ms] [LOG] Sophi shouldLoadPaywall false @ https://www.ocregister.com/_static/??-eJydzEEKwjAQheELmQxCbXAhXsCtB0iaMUxJpiEzoXp7uxG6EBcu3uaH78FazbSwIivU3BOxQHwUo62LGuJIk9elbZFEYRYontiWbbMc4AvOi4/YzFpB1CtNgJx8whuF5tvrlyycTKRE0oN88L5ZQVXiJDZ0jhn//tkA41PvSnn3dS2Xo3PjMJzObpzfa9tpCA==:3
[    2770ms] [LOG] Sophi responseIsNowall false @ https://www.ocregister.com/_static/??-eJydzEEKwjAQheELmQxCbXAhXsCtB0iaMUxJpiEzoXp7uxG6EBcu3uaH78FazbSwIivU3BOxQHwUo62LGuJIk9elbZFEYRYontiWbbMc4AvOi4/YzFpB1CtNgJx8whuF5tvrlyycTKRE0oN88L5ZQVXiJDZ0jhn//tkA41PvSnn3dS2Xo3PjMJzObpzfa9tpCA==:3
[    2774ms] [LOG] Sophi shouldLoadPaywall false @ https://www.ocregister.com/_static/??-eJydzEEKwjAQheELmQxCbXAhXsCtB0iaMUxJpiEzoXp7uxG6EBcu3uaH78FazbSwIivU3BOxQHwUo62LGuJIk9elbZFEYRYontiWbbMc4AvOi4/YzFpB1CtNgJx8whuF5tvrlyycTKRE0oN88L5ZQVXiJDZ0jhn//tkA41PvSnn3dS2Xo3PjMJzObpzfa9tpCA==:3
[    2778ms] [LOG] Sophi shouldLoadRegwall true @ https://www.ocregister.com/_static/??-eJydzEEKwjAQheELmQxCbXAhXsCtB0iaMUxJpiEzoXp7uxG6EBcu3uaH78FazbSwIivU3BOxQHwUo62LGuJIk9elbZFEYRYontiWbbMc4AvOi4/YzFpB1CtNgJx8whuF5tvrlyycTKRE0oN88L5ZQVXiJDZ0jhn//tkA41PvSnn3dS2Xo3PjMJzObpzfa9tpCA==:3
[    2941ms] [LOG] MNGDigisubs: Sophi:  paywall event, is regwall @ https://www.ocregister.com/_static/??-eJyNzEEOAiEMheELCY3JOMSFceFJGMChSAuxJXN9R3cmLty9vOT7YesmNNbECr2OFVkg3sn4aKjFfaMoFIGcpd5yCg9LyLbIAX5A4tVEXFHGIuBFksrbSusZgbzm9Pybi3rF8PXZT8gug2NNe+RKl6Nz8zSdzm4uL/+sSmE=:5
[    2941ms] [LOG] QuickStart: 🧮 Received wall event {
  "wallType": "regwall",
  "section": "Things To Do"
} @ https://cdn.sophi.io/assets/demeter/1/stable/491643944.js?ver=6.9.4:0
[    2941ms] [LOG] MNGDigisubs: Sophi:  demeter paywall tracking sent, wall type is regwall, section is Things To Do @ https://www.ocregister.com/_static/??-eJyNzEEOAiEMheELCY3JOMSFceFJGMChSAuxJXN9R3cmLty9vOT7YesmNNbECr2OFVkg3sn4aKjFfaMoFIGcpd5yCg9LyLbIAX5A4tVEXFHGIuBFksrbSusZgbzm9Pybi3rF8PXZT8gug2NNe+RKl6Nz8zSdzm4uL/+sSmE=:5
[    2942ms] [LOG] MNGDigisubs: APPLE PAY | Paywall shown, checking Apple Pay availability @ https://www.ocregister.com/wp-content/plugins/mng-digisubs/static/mng-digisubs.apple.bundle.js?m=1776445976g:1
[    2942ms] [LOG] MNGDigisubs: utils | Authentication already ready:  {isAuthenticated: false, idToken: null, accessToken: false, claims: undefined} @ https://www.ocregister.com/wp-content/plugins/mng-digisubs/static/mng-digisubs.apple.bundle.js?m=1776445976g:1
[    2981ms] [LOG] MNGDigisubs: APPLE PAY | Not logged in, exit @ https://www.ocregister.com/wp-content/plugins/mng-digisubs/static/mng-digisubs.apple.bundle.js?m=1776445976g:1
[    3134ms] [LOG] EngageLibrary: User is in segment SCNG LOWA: false @ https://www.ocregister.com/_static/??-eJydzEEKwjAQheELmQxCbXAhXsCtB0iaMUxJpiEzoXp7uxG6EBcu3uaH78FazbSwIivU3BOxQHwUo62LGuJIk9elbZFEYRYontiWbbMc4AvOi4/YzFpB1CtNgJx8whuF5tvrlyycTKRE0oN88L5ZQVXiJDZ0jhn//tkA41PvSnn3dS2Xo3PjMJzObpzfa9tpCA==:3
[    3454ms] [LOG] Sophi GTM DataLayer Extension loaded successfully @ :0
[    3455ms] [WARNING] Unable to get WebChoices Preferences TIME OUT @ https://s.ntv.io/serve/load.js:1
[    3475ms] [LOG] Byline:  undefined @ :0
[    3476ms] [LOG] Section:  undefined @ :0
[    3478ms] [LOG] NO KO @ :0
[    3514ms] [LOG] MNGDigisubs: BlueConicUtils | blueConicReady | onReady fired at: 2.77 s @ https://www.ocregister.com/_static/??-eJyl0MEKwzAIANAfWiKDrmGHset+I02kGBJbqmH7/NljT4P1IKLoE4T36tLCiqyw1j4TCzSeXaaZpE8ColEpHXq+RWI/dc4VfZEL/GPYAuNHzzI2TFqxWZazVqdX3IHtBySk6A7FkjY0RHGDbAmKXdt/1CyKPNvjGsI4DLd7GMsXV/iLXg==:1
[    3514ms] [LOG] MNGDigisubs: BlueConicUtils | blueConicReady | resolved with: true @ https://www.ocregister.com/_static/??-eJyl0MEKwzAIANAfWiKDrmGHset+I02kGBJbqmH7/NljT4P1IKLoE4T36tLCiqyw1j4TCzSeXaaZpE8ColEpHXq+RWI/dc4VfZEL/GPYAuNHzzI2TFqxWZazVqdX3IHtBySk6A7FkjY0RHGDbAmKXdt/1CyKPNvjGsI4DLd7GMsXV/iLXg==:1
[    3545ms] [LOG] %craven%c Raven v1.19.14-y0ptsc background-color:#000;margin-left:1px;padding:1px 3px;font-size:0.75em;color:#ffffff; font-size:0.9em; @ https://raven-static.aditude.io/prod/1.19.14-y0ptsc/raven.js:1
[    3692ms] [LOG] [BC]DataLayer available @ https://u066.ocregister.com/script.js:145
[    3710ms] [LOG] rq BC onload  @ https://u066.ocregister.com/plugin/plugin/59ef0849f3ba22e006c2a97b9e4f084a:16
[    3710ms] [LOG] BC debug interactionContext exists @ https://u066.ocregister.com/plugin/plugin/59ef0849f3ba22e006c2a97b9e4f084a:18
[    3710ms] [LOG] [BC][ERROR] an error occured in interactiontype: [decodeauth]
            called method: [onEvent]
            error: Invalid token specified @ https://u066.ocregister.com/script.js:145
[    3710ms] [LOG] [BC][ERROR] --stacktrace-- @ https://u066.ocregister.com/script.js:145
[    3710ms] [LOG] [BC][ERROR] --end stacktrace-- @ https://u066.ocregister.com/script.js:145
[    3733ms] [LOG] QuickStart: 🟠 User property 13 expected to have maximum length of 12 but got '22092742-deb6-4f12-a0f8-c07ed7d7b93d' with length 36, truncating. @ https://cdn.sophi.io/assets/demeter/1/stable/491643944.js?ver=6.9.4:0
[    3734ms] [LOG] QuickStart: 🔧 Setting user properties {6: 0, 7: low, 8: no, 11: 803, 13: 22092742-deb, 15: false, 16: false, 17: false, 18: false} @ https://cdn.sophi.io/assets/demeter/1/stable/491643944.js?ver=6.9.4:0
[    3814ms] [WARNING] Invalid GPT fixed size specification: [] @ https://securepubads.g.doubleclick.net/pagead/managed/js/gpt/m202604130101/pubads_impl.js:18
[    3918ms] [LOG] [BC]Pushing event: BlueConic.VIEW @ https://u066.ocregister.com/script.js:145
[    3925ms] [LOG] [BC]Pushing event: BlueConic.VIEW @ https://u066.ocregister.com/script.js:145
[    3932ms] [LOG] QuickStart: 🟠 User property 14 expected to have maximum length of 12 but got 'Content Meter View 1' with length 20, truncating. @ https://cdn.sophi.io/assets/demeter/1/stable/491643944.js?ver=6.9.4:0
[    3932ms] [LOG] QuickStart: 🔧 Setting user properties {14: Content Mete} @ https://cdn.sophi.io/assets/demeter/1/stable/491643944.js?ver=6.9.4:0
[    4224ms] [LOG] MNGDigisubs: Subscriber Check: :  null @ https://www.ocregister.com/wp-content/plugins/mng-digisubs/static/mng-digisubs.apple.bundle.js?m=1776445976g:1
[    4391ms] [ERROR] Failed to load resource: the server responded with a status of 403 () @ https://usync.ingage.tech/?gdpr=&gdpr_consent=&us_privacy=1YN-&redirect=https%3A%2F%2Famspbs.com%2Fsetuid%3Fbidder%3Dinsticator%26gdpr%3D%26gdpr_consent%3D%26gpp%3D%26gpp_sid%3D%26f%3Db%26uid%3D%24UID:0
[    4621ms] Uncaught Error: Invalid command: getGPPData
    at <anonymous> (https://cmp.osano.com/16A1AnRt2Fn8i1unj/1edc45d9-1a78-48b2-9035-037b31df744a/osano.js:1:108171)
    at <anonymous> (https://cmp.osano.com/16A1AnRt2Fn8i1unj/1edc45d9-1a78-48b2-9035-037b31df744a/osano.js:1:106378)
[    5391ms] [WARNING] An iframe which has both allow-scripts and allow-same-origin for its sandbox attribute can escape its sandboxing. @ https://cmp.osano.com/16A1AnRt2Fn8i1unj/1edc45d9-1a78-48b2-9035-037b31df744a/osano.js:1
[    5585ms] [ERROR] [GSI_LOGGER]: FedCM get() rejects with NetworkError: Error retrieving a token. @ https://accounts.google.com/gsi/client?ver=6.9.4:85
[    5610ms] [LOG] MNGDigisubs: ANALYTICS: one_tap_cancel event @ https://www.ocregister.com/_static/??-eJyl0MEKwzAIANAfWiKDrmGHset+I02kGBJbqmH7/NljT4P1IKLoE4T36tLCiqyw1j4TCzSeXaaZpE8ColEpHXq+RWI/dc4VfZEL/GPYAuNHzzI2TFqxWZazVqdX3IHtBySk6A7FkjY0RHGDbAmKXdt/1CyKPNvjGsI4DLd7GMsXV/iLXg==:1
[    5610ms] [LOG] MNGDigisubs: ANALYTICS: GA/ datalayer  [Array(3), Object, Object, Object, Object, Arguments(2), Arguments(2), Object, Object, Object, Object, Object, Object, Object, Object, Object, Object, Object, Object, Object, Object, Object, Object, Object, Object, Object, Object, Object, Object, Object, Object, Object, Object, Object, Object, Object, Object, Object, Object, Object, Object, Object, Object, Object, Object, Object, Object, Object, Object, Object, Object, Object, Object, Object, Object, Object, Object, Object, Object, Object, Object, Object, Object, Object, Object, Object, Object, Object, Object, Object, Object, Object, Object, Object, Object, Object, Object, Object, Object] @ https://www.ocregister.com/_static/??-eJyl0MEKwzAIANAfWiKDrmGHset+I02kGBJbqmH7/NljT4P1IKLoE4T36tLCiqyw1j4TCzSeXaaZpE8ColEpHXq+RWI/dc4VfZEL/GPYAuNHzzI2TFqxWZazVqdX3IHtBySk6A7FkjY0RHGDbAmKXdt/1CyKPNvjGsI4DLd7GMsXV/iLXg==:1
[    5765ms] Uncaught Error: Invalid command: getGPPData
    at <anonymous> (https://cmp.osano.com/16A1AnRt2Fn8i1unj/1edc45d9-1a78-48b2-9035-037b31df744a/osano.js:1:108171)
    at <anonymous> (https://cmp.osano.com/16A1AnRt2Fn8i1unj/1edc45d9-1a78-48b2-9035-037b31df744a/osano.js:1:106378)
[    5746ms] [WARNING] An iframe which has both allow-scripts and allow-same-origin for its sandbox attribute can escape its sandboxing. @ https://cmp.osano.com/16A1AnRt2Fn8i1unj/1edc45d9-1a78-48b2-9035-037b31df744a/osano.js:1
[    5892ms] [ERROR] Attestation check for Shared Storage on https://www.googleadservices.com failed. @ https://www.googleadservices.com/pagead/managed/js/activeview/current/reach_worklet.html:0
[    5900ms] [ERROR] Attestation check for Shared Storage on https://www.googleadservices.com failed. @ https://www.googleadservices.com/pagead/managed/js/activeview/current/reach_worklet.html:0
[    5935ms] [ERROR] Attestation check for Attribution Reporting on https://ad.doubleclick.net failed. @ https://www.ocregister.com/2023/09/21/best-of-orange-county-2023-best-outdoor-dining/:0
[    6108ms] [ERROR] Attestation check for Attribution Reporting on https://ad.doubleclick.net failed. @ https://www.ocregister.com/2023/09/21/best-of-orange-county-2023-best-outdoor-dining/:0
[    6171ms] [ERROR] Attestation check for Attribution Reporting on https://ad.doubleclick.net failed. @ https://www.ocregister.com/2023/09/21/best-of-orange-county-2023-best-outdoor-dining/:0
[    6175ms] [ERROR] Attestation check for Attribution Reporting on https://ad.doubleclick.net failed. @ https://www.ocregister.com/2023/09/21/best-of-orange-county-2023-best-outdoor-dining/:0
[    6226ms] [ERROR] Attestation check for Attribution Reporting on https://ad.doubleclick.net failed. @ https://www.ocregister.com/2023/09/21/best-of-orange-county-2023-best-outdoor-dining/:0
[    5892ms] [ERROR] Attestation check for Shared Storage on https://www.googleadservices.com failed. @ https://www.googleadservices.com/pagead/managed/js/activeview/current/reach_worklet.html:0
[    5900ms] [ERROR] Attestation check for Shared Storage on https://www.googleadservices.com failed. @ https://www.googleadservices.com/pagead/managed/js/activeview/current/reach_worklet.html:0
[    5892ms] [ERROR] Attestation check for Shared Storage on https://www.googleadservices.com failed. @ https://www.googleadservices.com/pagead/managed/js/activeview/current/reach_worklet.html:0
[    5900ms] [ERROR] Attestation check for Shared Storage on https://www.googleadservices.com failed. @ https://www.googleadservices.com/pagead/managed/js/activeview/current/reach_worklet.html:0
[    6344ms] [ERROR] Attestation check for Shared Storage on https://www.googleadservices.com failed. @ https://www.googleadservices.com/pagead/managed/js/activeview/current/reach_worklet.html:0
[    6347ms] [ERROR] Attestation check for Shared Storage on https://www.googleadservices.com failed. @ https://www.googleadservices.com/pagead/managed/js/activeview/current/reach_worklet.html:0
[    6350ms] [ERROR] Attestation check for Attribution Reporting on https://ad.doubleclick.net failed. @ https://www.ocregister.com/2023/09/21/best-of-orange-county-2023-best-outdoor-dining/:0
[    5892ms] [ERROR] Attestation check for Shared Storage on https://www.googleadservices.com failed. @ https://www.googleadservices.com/pagead/managed/js/activeview/current/reach_worklet.html:0
[    5900ms] [ERROR] Attestation check for Shared Storage on https://www.googleadservices.com failed. @ https://www.googleadservices.com/pagead/managed/js/activeview/current/reach_worklet.html:0
[    6344ms] [ERROR] Attestation check for Shared Storage on https://www.googleadservices.com failed. @ https://www.googleadservices.com/pagead/managed/js/activeview/current/reach_worklet.html:0
[    6347ms] [ERROR] Attestation check for Shared Storage on https://www.googleadservices.com failed. @ https://www.googleadservices.com/pagead/managed/js/activeview/current/reach_worklet.html:0
[    6448ms] [ERROR] Attestation check for Shared Storage on https://www.googleadservices.com failed. @ https://www.googleadservices.com/pagead/managed/js/activeview/current/reach_worklet.html:0
[    5892ms] [ERROR] Attestation check for Shared Storage on https://www.googleadservices.com failed. @ https://www.googleadservices.com/pagead/managed/js/activeview/current/reach_worklet.html:0
[    5900ms] [ERROR] Attestation check for Shared Storage on https://www.googleadservices.com failed. @ https://www.googleadservices.com/pagead/managed/js/activeview/current/reach_worklet.html:0
[    6344ms] [ERROR] Attestation check for Shared Storage on https://www.googleadservices.com failed. @ https://www.googleadservices.com/pagead/managed/js/activeview/current/reach_worklet.html:0
[    6347ms] [ERROR] Attestation check for Shared Storage on https://www.googleadservices.com failed. @ https://www.googleadservices.com/pagead/managed/js/activeview/current/reach_worklet.html:0
[    6448ms] [ERROR] Attestation check for Shared Storage on https://www.googleadservices.com failed. @ https://www.googleadservices.com/pagead/managed/js/activeview/current/reach_worklet.html:0
[    6480ms] [ERROR] Attestation check for Shared Storage on https://www.googleadservices.com failed. @ https://www.googleadservices.com/pagead/managed/js/activeview/current/reach_worklet.html:0
[    6596ms] [ERROR] Attestation check for Attribution Reporting on https://ad.doubleclick.net failed. @ https://www.ocregister.com/2023/09/21/best-of-orange-county-2023-best-outdoor-dining/:0
[    6874ms] Uncaught Error: Invalid command: getGPPData
    at <anonymous> (https://cmp.osano.com/16A1AnRt2Fn8i1unj/1edc45d9-1a78-48b2-9035-037b31df744a/osano.js:1:108171)
    at <anonymous> (https://cmp.osano.com/16A1AnRt2Fn8i1unj/1edc45d9-1a78-48b2-9035-037b31df744a/osano.js:1:106378)
[    6756ms] [ERROR] Failed to load resource: the server responded with a status of 400 () @ https://cm.mgid.com/m?cdsp=433142&c=RX-c8e328a4-3b1f-40ab-b96f-b979b8dc2a94-005&gpp=DBACOe~CQizrAAQizrAAEXyIAENCaFgAAAAAEPgACiQAAAPjgIgAcABAACQAGgARQAmABoAEcAK0AZYBAACDgKlAXmA0UBywD4wAAAA.IHxwIgAFAANgAwADIAHAAQAAkABaADQAHQAPQAigBMACgAFIALYAXgAwgBogEcAR4AlABOgCtAGWAPEAgABBwFRAKlAXmAxkBooDjgHLAPjA~BQizrAAQizrAAEXyIAENCaFAAAAAAIfAAAAAA-OAiABwAEAAJAAaABFACYAGgARwArQBlgEAAIOAqUBeYDRQHLAPjAAA.IHxwIgAFAANgAwADIAHAAQAAkABaADQAHQAPQAigBMACgAFIALYAXgAwgBogEcAR4AlABOgCtAGWAPEAgABBwFRAKlAXmAxkBooDjgHLAPjA~1YN-&gpp_sid=6&rndcb=8840857448:0
[    6792ms] [ERROR] Failed to load resource: the server responded with a status of 400 (Bad Request) @ https://sync.adkernel.com/user-sync?dsp=11&t=image&uid=RX-c8e328a4-3b1f-40ab-b96f-b979b8dc2a94-005&gpp=DBACOe~CQizrAAQizrAAEXyIAENCaFgAAAAAEPgACiQAAAPjgIgAcABAACQAGgARQAmABoAEcAK0AZYBAACDgKlAXmA0UBywD4wAAAA.IHxwIgAFAANgAwADIAHAAQAAkABaADQAHQAPQAigBMACgAFIALYAXgAwgBogEcAR4AlABOgCtAGWAPEAgABBwFRAKlAXmAxkBooDjgHLAPjA~BQizrAAQizrAAEXyIAENCaFAAAAAAIfAAAAAA-OAiABwAEAAJAAaABFACYAGgARwArQBlgEAAIOAqUBeYDRQHLAPjAAA.IHxwIgAFAANgAwADIAHAAQAAkABaADQAHQAPQAigBMACgAFIALYAXgAwgBogEcAR4AlABOgCtAGWAPEAgABBwFRAKlAXmAxkBooDjgHLAPjA~1YN-&gpp_sid=6&rndcb=7994474847:0
[    6793ms] [ERROR] Attestation check for Attribution Reporting on https://ad.doubleclick.net failed. @ https://www.ocregister.com/2023/09/21/best-of-orange-county-2023-best-outdoor-dining/:0
[    6892ms] [ERROR] Failed to load resource: the server responded with a status of 400 () @ https://match.prod.bidr.io/cookie-sync/ro?gpp=DBACOe~CQizrAAQizrAAEXyIAENCaFgAAAAAEPgACiQAAAPjgIgAcABAACQAGgARQAmABoAEcAK0AZYBAACDgKlAXmA0UBywD4wAAAA.IHxwIgAFAANgAwADIAHAAQAAkABaADQAHQAPQAigBMACgAFIALYAXgAwgBogEcAR4AlABOgCtAGWAPEAgABBwFRAKlAXmAxkBooDjgHLAPjA~BQizrAAQizrAAEXyIAENCaFAAAAAAIfAAAAAA-OAiABwAEAAJAAaABFACYAGgARwArQBlgEAAIOAqUBeYDRQHLAPjAAA.IHxwIgAFAANgAwADIAHAAQAAkABaADQAHQAPQAigBMACgAFIALYAXgAwgBogEcAR4AlABOgCtAGWAPEAgABBwFRAKlAXmAxkBooDjgHLAPjA~1YN-&gpp_sid=6&rndcb=4826180717:0
[    5892ms] [ERROR] Attestation check for Shared Storage on https://www.googleadservices.com failed. @ https://www.googleadservices.com/pagead/managed/js/activeview/current/reach_worklet.html:0
[    5900ms] [ERROR] Attestation check for Shared Storage on https://www.googleadservices.com failed. @ https://www.googleadservices.com/pagead/managed/js/activeview/current/reach_worklet.html:0
[    6344ms] [ERROR] Attestation check for Shared Storage on https://www.googleadservices.com failed. @ https://www.googleadservices.com/pagead/managed/js/activeview/current/reach_worklet.html:0
[    6347ms] [ERROR] Attestation check for Shared Storage on https://www.googleadservices.com failed. @ https://www.googleadservices.com/pagead/managed/js/activeview/current/reach_worklet.html:0
[    6448ms] [ERROR] Attestation check for Shared Storage on https://www.googleadservices.com failed. @ https://www.googleadservices.com/pagead/managed/js/activeview/current/reach_worklet.html:0
[    6480ms] [ERROR] Attestation check for Shared Storage on https://www.googleadservices.com failed. @ https://www.googleadservices.com/pagead/managed/js/activeview/current/reach_worklet.html:0
[    7099ms] [ERROR] Attestation check for Shared Storage on https://www.googleadservices.com failed. @ https://www.googleadservices.com/pagead/managed/js/activeview/current/reach_worklet.html:0
[    7137ms] [LOG] Ad Ready @ https://s0.2mdn.net/sadbundle/17016033641075074445/US-RNQR-250859_RNQ-RA_Display-Batch-2_Appt-Productivity_300x600/js/animation.js:3
[    7145ms] [ERROR] Failed to load resource: net::ERR_NAME_NOT_RESOLVED @ https://audienceexposure.com/demanduid.gif?pid=2&uid=RX-c8e328a4-3b1f-40ab-b96f-b979b8dc2a94-005&gpp=DBACOe~CQizrAAQizrAAEXyIAENCaFgAAAAAEPgACiQAAAPjgIgAcABAACQAGgARQAmABoAEcAK0AZYBAACDgKlAXmA0UBywD4wAAAA.IHxwIgAFAANgAwADIAHAAQAAkABaADQAHQAPQAigBMACgAFIALYAXgAwgBogEcAR4AlABOgCtAGWAPEAgABBwFRAKlAXmAxkBooDjgHLAPjA~BQizrAAQizrAAEXyIAENCaFAAAAAAIfAAAAAA-OAiABwAEAAJAAaABFACYAGgARwArQBlgEAAIOAqUBeYDRQHLAPjAAA.IHxwIgAFAANgAwADIAHAAQAAkABaADQAHQAPQAigBMACgAFIALYAXgAwgBogEcAR4AlABOgCtAGWAPEAgABBwFRAKlAXmAxkBooDjgHLAPjA~1YN-&gpp_sid=6&rndcb=8336216511:0
[    7382ms] [ERROR] Failed to load resource: the server responded with a status of 400 (Bad Request) @ https://srv.datacygnal.io/sync?p=unruly&uid=RX-c8e328a4-3b1f-40ab-b96f-b979b8dc2a94-005&gpp=DBACOe~CQizrAAQizrAAEXyIAENCaFgAAAAAEPgACiQAAAPjgIgAcABAACQAGgARQAmABoAEcAK0AZYBAACDgKlAXmA0UBywD4wAAAA.IHxwIgAFAANgAwADIAHAAQAAkABaADQAHQAPQAigBMACgAFIALYAXgAwgBogEcAR4AlABOgCtAGWAPEAgABBwFRAKlAXmAxkBooDjgHLAPjA~BQizrAAQizrAAEXyIAENCaFAAAAAAIfAAAAAA-OAiABwAEAAJAAaABFACYAGgARwArQBlgEAAIOAqUBeYDRQHLAPjAAA.IHxwIgAFAANgAwADIAHAAQAAkABaADQAHQAPQAigBMACgAFIALYAXgAwgBogEcAR4AlABOgCtAGWAPEAgABBwFRAKlAXmAxkBooDjgHLAPjA~1YN-&gpp_sid=6&rndcb=7341158277:0
[    7465ms] [ERROR] Failed to load resource: net::ERR_NAME_NOT_RESOLVED @ https://tracker.pre.vr-tb.com/sync?id=3&uid=RX-c8e328a4-3b1f-40ab-b96f-b979b8dc2a94-005&gpp=DBACOe~CQizrAAQizrAAEXyIAENCaFgAAAAAEPgACiQAAAPjgIgAcABAACQAGgARQAmABoAEcAK0AZYBAACDgKlAXmA0UBywD4wAAAA.IHxwIgAFAANgAwADIAHAAQAAkABaADQAHQAPQAigBMACgAFIALYAXgAwgBogEcAR4AlABOgCtAGWAPEAgABBwFRAKlAXmAxkBooDjgHLAPjA~BQizrAAQizrAAEXyIAENCaFAAAAAAIfAAAAAA-OAiABwAEAAJAAaABFACYAGgARwArQBlgEAAIOAqUBeYDRQHLAPjAAA.IHxwIgAFAANgAwADIAHAAQAAkABaADQAHQAPQAigBMACgAFIALYAXgAwgBogEcAR4AlABOgCtAGWAPEAgABBwFRAKlAXmAxkBooDjgHLAPjA~1YN-&gpp_sid=6&rndcb=7246670071:0
[    7598ms] [ERROR] Failed to load resource: net::ERR_CONNECTION_RESET @ https://csync.copper6.com/a07051a91c76d5c0c84ab2d911057679.gif?puid=RX-c8e328a4-3b1f-40ab-b96f-b979b8dc2a94-005&gpp=DBACOe~CQizrAAQizrAAEXyIAENCaFgAAAAAEPgACiQAAAPjgIgAcABAACQAGgARQAmABoAEcAK0AZYBAACDgKlAXmA0UBywD4wAAAA.IHxwIgAFAANgAwADIAHAAQAAkABaADQAHQAPQAigBMACgAFIALYAXgAwgBogEcAR4AlABOgCtAGWAPEAgABBwFRAKlAXmAxkBooDjgHLAPjA~BQizrAAQizrAAEXyIAENCaFAAAAAAIfAAAAAA-OAiABwAEAAJAAaABFACYAGgARwArQBlgEAAIOAqUBeYDRQHLAPjAAA.IHxwIgAFAANgAwADIAHAAQAAkABaADQAHQAPQAigBMACgAFIALYAXgAwgBogEcAR4AlABOgCtAGWAPEAgABBwFRAKlAXmAxkBooDjgHLAPjA~1YN-&gpp_sid=6&rndcb=5385322667:0
[    7801ms] [ERROR] Failed to load resource: net::ERR_NAME_NOT_RESOLVED @ https://x.fidelity-media.com/match.php?dsp=RHTMKUB&uid=RX-c8e328a4-3b1f-40ab-b96f-b979b8dc2a94-005&gpp=DBACOe~CQizrAAQizrAAEXyIAENCaFgAAAAAEPgACiQAAAPjgIgAcABAACQAGgARQAmABoAEcAK0AZYBAACDgKlAXmA0UBywD4wAAAA.IHxwIgAFAANgAwADIAHAAQAAkABaADQAHQAPQAigBMACgAFIALYAXgAwgBogEcAR4AlABOgCtAGWAPEAgABBwFRAKlAXmAxkBooDjgHLAPjA~BQizrAAQizrAAEXyIAENCaFAAAAAAIfAAAAAA-OAiABwAEAAJAAaABFACYAGgARwArQBlgEAAIOAqUBeYDRQHLAPjAAA.IHxwIgAFAANgAwADIAHAAQAAkABaADQAHQAPQAigBMACgAFIALYAXgAwgBogEcAR4AlABOgCtAGWAPEAgABBwFRAKlAXmAxkBooDjgHLAPjA~1YN-&gpp_sid=6&rndcb=3018197896:0
[    7829ms] [ERROR] Failed to load resource: the server responded with a status of 404 () @ https://match.justpremium.com/match/un?rid=r-4111cedb-72e5-4a0d-8cbd-4b6c3882923c-1687-778229178&jp_uid=lk2-um-bfeb8f08-96fa-4da8-b070-7171050cd12e-1613989936&ex_uid=RX-c8e328a4-3b1f-40ab-b96f-b979b8dc2a94-005&gpp=DBACOe~CQizrAAQizrAAEXyIAENCaFgAAAAAEPgACiQAAAPjgIgAcABAACQAGgARQAmABoAEcAK0AZYBAACDgKlAXmA0UBywD4wAAAA.IHxwIgAFAANgAwADIAHAAQAAkABaADQAHQAPQAigBMACgAFIALYAXgAwgBogEcAR4AlABOgCtAGWAPEAgABBwFRAKlAXmAxkBooDjgHLAPjA~BQizrAAQizrAAEXyIAENCaFAAAAAAIfAAAAAA-OAiABwAEAAJAAaABFACYAGgARwArQBlgEAAIOAqUBeYDRQHLAPjAAA.IHxwIgAFAANgAwADIAHAAQAAkABaADQAHQAPQAigBMACgAFIALYAXgAwgBogEcAR4AlABOgCtAGWAPEAgABBwFRAKlAXmAxkBooDjgHLAPjA~1YN-&gpp_sid=6&rndcb=3025891393:0
[    7982ms] [ERROR] Failed to load resource: the server responded with a status of 400 () @ https://mfx.mobilefuse.com/setuid?pid=unr&uid=RX-c8e328a4-3b1f-40ab-b96f-b979b8dc2a94-005&gpp=DBACOe~CQizrAAQizrAAEXyIAENCaFgAAAAAEPgACiQAAAPjgIgAcABAACQAGgARQAmABoAEcAK0AZYBAACDgKlAXmA0UBywD4wAAAA.IHxwIgAFAANgAwADIAHAAQAAkABaADQAHQAPQAigBMACgAFIALYAXgAwgBogEcAR4AlABOgCtAGWAPEAgABBwFRAKlAXmAxkBooDjgHLAPjA~BQizrAAQizrAAEXyIAENCaFAAAAAAIfAAAAAA-OAiABwAEAAJAAaABFACYAGgARwArQBlgEAAIOAqUBeYDRQHLAPjAAA.IHxwIgAFAANgAwADIAHAAQAAkABaADQAHQAPQAigBMACgAFIALYAXgAwgBogEcAR4AlABOgCtAGWAPEAgABBwFRAKlAXmAxkBooDjgHLAPjA~1YN-&gpp_sid=6&rndcb=3085911671:0
[    8382ms] [ERROR] Failed to load resource: net::ERR_NAME_NOT_RESOLVED @ https://sync.pubwise.io/usersync/unrulydspctv/RX-c8e328a4-3b1f-40ab-b96f-b979b8dc2a94-005?gpp=DBACOe~CQizrAAQizrAAEXyIAENCaFgAAAAAEPgACiQAAAPjgIgAcABAACQAGgARQAmABoAEcAK0AZYBAACDgKlAXmA0UBywD4wAAAA.IHxwIgAFAANgAwADIAHAAQAAkABaADQAHQAPQAigBMACgAFIALYAXgAwgBogEcAR4AlABOgCtAGWAPEAgABBwFRAKlAXmAxkBooDjgHLAPjA~BQizrAAQizrAAEXyIAENCaFAAAAAAIfAAAAAA-OAiABwAEAAJAAaABFACYAGgARwArQBlgEAAIOAqUBeYDRQHLAPjAAA.IHxwIgAFAANgAwADIAHAAQAAkABaADQAHQAPQAigBMACgAFIALYAXgAwgBogEcAR4AlABOgCtAGWAPEAgABBwFRAKlAXmAxkBooDjgHLAPjA~1YN-&gpp_sid=6&rndcb=7597681368:0
[    9377ms] [ERROR] Failed to load resource: net::ERR_NAME_NOT_RESOLVED @ https://tracker.ortb.vuukle.com/sync?id=35&uid=RX-c8e328a4-3b1f-40ab-b96f-b979b8dc2a94-005&gpp=DBACOe~CQizrAAQizrAAEXyIAENCaFgAAAAAEPgACiQAAAPjgIgAcABAACQAGgARQAmABoAEcAK0AZYBAACDgKlAXmA0UBywD4wAAAA.IHxwIgAFAANgAwADIAHAAQAAkABaADQAHQAPQAigBMACgAFIALYAXgAwgBogEcAR4AlABOgCtAGWAPEAgABBwFRAKlAXmAxkBooDjgHLAPjA~BQizrAAQizrAAEXyIAENCaFAAAAAAIfAAAAAA-OAiABwAEAAJAAaABFACYAGgARwArQBlgEAAIOAqUBeYDRQHLAPjAAA.IHxwIgAFAANgAwADIAHAAQAAkABaADQAHQAPQAigBMACgAFIALYAXgAwgBogEcAR4AlABOgCtAGWAPEAgABBwFRAKlAXmAxkBooDjgHLAPjA~1YN-&gpp_sid=6&rndcb=7142370252:0
[    9547ms] [ERROR] Failed to load resource: net::ERR_NAME_NOT_RESOLVED @ https://hb.yahoo.net/cksync.php?cs=1&type=56551&ovsid=RX-c8e328a4-3b1f-40ab-b96f-b979b8dc2a94-005&gpp=DBACOe~CQizrAAQizrAAEXyIAENCaFgAAAAAEPgACiQAAAPjgIgAcABAACQAGgARQAmABoAEcAK0AZYBAACDgKlAXmA0UBywD4wAAAA.IHxwIgAFAANgAwADIAHAAQAAkABaADQAHQAPQAigBMACgAFIALYAXgAwgBogEcAR4AlABOgCtAGWAPEAgABBwFRAKlAXmAxkBooDjgHLAPjA~BQizrAAQizrAAEXyIAENCaFAAAAAAIfAAAAAA-OAiABwAEAAJAAaABFACYAGgARwArQBlgEAAIOAqUBeYDRQHLAPjAAA.IHxwIgAFAANgAwADIAHAAQAAkABaADQAHQAPQAigBMACgAFIALYAXgAwgBogEcAR4AlABOgCtAGWAPEAgABBwFRAKlAXmAxkBooDjgHLAPjA~1YN-&gpp_sid=6&rndcb=3321916632:0
[    9923ms] [ERROR] Failed to load resource: net::ERR_NAME_NOT_RESOLVED @ https://visitor-gen01.omnitagjs.com/visitor/bsync?uid=5183beddfca39cdc784820fdf854594d&name=gen01&url=https%3A%2F%2Fpbjs.rbstsystems.live%2Fsync_proceed%3Fbn%3Dseat_218%26brk%3D0%26brk2%3D0%26us_privacy%3D%252C%26gdpr%3D%26gdpr_consent%3D%252C%26u%3DPARTNER_USER_ID:0
[   10125ms] [ERROR] Failed to load resource: the server responded with a status of 400 (Bad Request) @ https://sync.adkernel.com/user-sync?zone=42861&r=https%3A%2F%2Fsync.1rx.io%2Fusersync3%2Fnativeads%2F%2F%7BUID%7D%3Fzcc%3D0%26sspret%3D1%26gpp%3DDBACOe~CQizrAAQizrAAEXyIAENCaFgAAAAAEPgACiQAAAPjgIgAcABAACQAGgARQAmABoAEcAK0AZYBAACDgKlAXmA0UBywD4wAAAA.IHxwIgAFAANgAwADIAHAAQAAkABaADQAHQAPQAigBMACgAFIALYAXgAwgBogEcAR4AlABOgCtAGWAPEAgABBwFRAKlAXmAxkBooDjgHLAPjA~BQizrAAQizrAAEXyIAENCaFAAAAAAIfAAAAAA-OAiABwAEAAJAAaABFACYAGgARwArQBlgEAAIOAqUBeYDRQHLAPjAAA.IHxwIgAFAANgAwADIAHAAQAAkABaADQAHQAPQAigBMACgAFIALYAXgAwgBogEcAR4AlABOgCtAGWAPEAgABBwFRAKlAXmAxkBooDjgHLAPjA~1YN-%26gpp_sid=6&gpp=DBACOe~CQizrAAQizrAAEXyIAENCaFgAAAAAEPgACiQAAAPjgIgAcABAACQAGgARQAmABoAEcAK0AZYBAACDgKlAXmA0UBywD4wAAAA.IHxwIgAFAANgAwADIAHAAQAAkABaADQAHQAPQAigBMACgAFIALYAXgAwgBogEcAR4AlABOgCtAGWAPEAgABBwFRAKlAXmAxkBooDjgHLAPjA~BQizrAAQizrAAEXyIAENCaFAAAAAAIfAAAAAA-OAiABwAEAAJAAaABFACYAGgARwArQBlgEAAIOAqUBeYDRQHLAPjAAA.IHxwIgAFAANgAwADIAHAAQAAkABaADQAHQAPQAigBMACgAFIALYAXgAwgBogEcAR4AlABOgCtAGWAPEAgABBwFRAKlAXmAxkBooDjgHLAPjA~1YN-&gpp_sid=6&rndcb=8958870271:0
[   10409ms] [ERROR] Failed to load resource: the server responded with a status of 404 (Not Found) @ https://us.shb-sync.com/70d23a5f-6400-4661-9a33-825cbc2d2a1a.gif?puid=RX-c8e328a4-3b1f-40ab-b96f-b979b8dc2a94-005&redir=[RED]&gdpr=[GDPR]&gdpr_consent=[GDPR_CONSENT]&ccpa=[CCPA]&gpp=DBACOe~CQizrAAQizrAAEXyIAENCaFgAAAAAEPgACiQAAAPjgIgAcABAACQAGgARQAmABoAEcAK0AZYBAACDgKlAXmA0UBywD4wAAAA.IHxwIgAFAANgAwADIAHAAQAAkABaADQAHQAPQAigBMACgAFIALYAXgAwgBogEcAR4AlABOgCtAGWAPEAgABBwFRAKlAXmAxkBooDjgHLAPjA~BQizrAAQizrAAEXyIAENCaFAAAAAAIfAAAAAA-OAiABwAEAAJAAaABFACYAGgARwArQBlgEAAIOAqUBeYDRQHLAPjAAA.IHxwIgAFAANgAwADIAHAAQAAkABaADQAHQAPQAigBMACgAFIALYAXgAwgBogEcAR4AlABOgCtAGWAPEAgABBwFRAKlAXmAxkBooDjgHLAPjA~1YN-&gpp_sid=6&rndcb=4589609391:0
[   10668ms] [ERROR] Failed to load resource: net::ERR_CONNECTION_RESET @ https://csync.copper6.com/6b1c7f3594e0036ec4c52e10006b78a0.gif?puid=e8d709ca-6b93-498a-8f0b-cc3b7832c4b1&redir=https%3A%2F%2Fsync.ottadvisors.com%2Ff79e20b84ac9137f3812fcfc451e1842.gif%3Fpuid%3D%5BUID%5D%26gdpr%3D%5BGDPR%5D%26gdpr_consent%3D%5BGDPR_CONSENT%5D%26coppa%3D%5BCOPPA%5D%26gpp%3D%5BGPP%5D%26gpp_sid%3D%5BGPP_SID%5D:0
[   10784ms] [ERROR] Failed to load resource: the server responded with a status of 400 (Bad Request) @ https://sync.adkernel.com/user-sync?zone=83074&r=https%3A%2F%2Fsync.1rx.io%2Fusersync3%2Fyieldnexus%2F%2F%7BUID%7D%3Fzcc%3D0%26sspret%3D1%26gpp%3DDBACOe~CQizrAAQizrAAEXyIAENCaFgAAAAAEPgACiQAAAPjgIgAcABAACQAGgARQAmABoAEcAK0AZYBAACDgKlAXmA0UBywD4wAAAA.IHxwIgAFAANgAwADIAHAAQAAkABaADQAHQAPQAigBMACgAFIALYAXgAwgBogEcAR4AlABOgCtAGWAPEAgABBwFRAKlAXmAxkBooDjgHLAPjA~BQizrAAQizrAAEXyIAENCaFAAAAAAIfAAAAAA-OAiABwAEAAJAAaABFACYAGgARwArQBlgEAAIOAqUBeYDRQHLAPjAAA.IHxwIgAFAANgAwADIAHAAQAAkABaADQAHQAPQAigBMACgAFIALYAXgAwgBogEcAR4AlABOgCtAGWAPEAgABBwFRAKlAXmAxkBooDjgHLAPjA~1YN-%26gpp_sid=6&gpp=DBACOe~CQizrAAQizrAAEXyIAENCaFgAAAAAEPgACiQAAAPjgIgAcABAACQAGgARQAmABoAEcAK0AZYBAACDgKlAXmA0UBywD4wAAAA.IHxwIgAFAANgAwADIAHAAQAAkABaADQAHQAPQAigBMACgAFIALYAXgAwgBogEcAR4AlABOgCtAGWAPEAgABBwFRAKlAXmAxkBooDjgHLAPjA~BQizrAAQizrAAEXyIAENCaFAAAAAAIfAAAAAA-OAiABwAEAAJAAaABFACYAGgARwArQBlgEAAIOAqUBeYDRQHLAPjAAA.IHxwIgAFAANgAwADIAHAAQAAkABaADQAHQAPQAigBMACgAFIALYAXgAwgBogEcAR4AlABOgCtAGWAPEAgABBwFRAKlAXmAxkBooDjgHLAPjA~1YN-&gpp_sid=6&rndcb=1069611671:0
[   10877ms] [ERROR] Failed to load resource: net::ERR_NAME_NOT_RESOLVED @ https://tracker-zmd.ortb.net/sync.html?gpp=DBACOe~CQizrAAQizrAAEXyIAENCaFgAAAAAEPgACiQAAAPjgIgAcABAACQAGgARQAmABoAEcAK0AZYBAACDgKlAXmA0UBywD4wAAAA.IHxwIgAFAANgAwADIAHAAQAAkABaADQAHQAPQAigBMACgAFIALYAXgAwgBogEcAR4AlABOgCtAGWAPEAgABBwFRAKlAXmAxkBooDjgHLAPjA~BQizrAAQizrAAEXyIAENCaFAAAAAAIfAAAAAA-OAiABwAEAAJAAaABFACYAGgARwArQBlgEAAIOAqUBeYDRQHLAPjAAA.IHxwIgAFAANgAwADIAHAAQAAkABaADQAHQAPQAigBMACgAFIALYAXgAwgBogEcAR4AlABOgCtAGWAPEAgABBwFRAKlAXmAxkBooDjgHLAPjA~1YN-&gpp_sid=6&rndcb=3372161820:0
[   11632ms] Uncaught Error: Invalid command: getGPPData
    at <anonymous> (https://cmp.osano.com/16A1AnRt2Fn8i1unj/1edc45d9-1a78-48b2-9035-037b31df744a/osano.js:1:108171)
    at <anonymous> (https://cmp.osano.com/16A1AnRt2Fn8i1unj/1edc45d9-1a78-48b2-9035-037b31df744a/osano.js:1:106378)
[   12350ms] [ERROR] Failed to load resource: net::ERR_TOO_MANY_REDIRECTS @ https://cs.iqzone.com/3fa8886e4f2bc4ee845560a0e1e9d93d.gif?puid=795fccd0-2d03-41ff-af71-ceed8756d8a9&gdpr=&gdpr_consent=:0
[   17655ms] Uncaught Error: Invalid command: getGPPData
    at <anonymous> (https://cmp.osano.com/16A1AnRt2Fn8i1unj/1edc45d9-1a78-48b2-9035-037b31df744a/osano.js:1:108171)
    at <anonymous> (https://cmp.osano.com/16A1AnRt2Fn8i1unj/1edc45d9-1a78-48b2-9035-037b31df744a/osano.js:1:106378)
[   19436ms] [ERROR] Attestation check for Shared Storage on https://securepubads.g.doubleclick.net failed. @ https://imasdk.googleapis.com/js/core/bridge3.757.0_en.html#deid=%22%22&eventfe_experiment_ids=%5B%5D&fid=%22goog_1280898890%22&genotype_experiment_data=%7B%22experimentStateProto%22%3A%22%5B%5B%5B45713128%2Cnull%2Cnull%2C%5B%5D%5D%2C%5Bnull%2C745150931%2Cnull%2C%5Bnull%2C1%5D%5D%2C%5Bnull%2C749060184%2Cnull%2C%5Bnull%2C128%5D%5D%2C%5B841585769%2Cnull%2Cnull%2C%5B1%5D%5D%2C%5B45761044%2Cnull%2Cnull%2C%5B%5D%5D%2C%5B45722344%2Cnull%2Cnull%2C%5B%5D%5D%2C%5B45706017%2Cnull%2Cnull%2C%5B1%5D%5D%2C%5B45774999%2Cnull%2Cnull%2C%5B%5D%5D%2C%5B45776042%2Cnull%2Cnull%2C%5B%5D%5D%2C%5B45668885%2Cnull%2Cnull%2C%5B%5D%5D%2C%5B45685340%2Cnull%2Cnull%2C%5B%5D%5D%2C%5B45765927%2Cnull%2Cnull%2C%5B%5D%5D%2C%5B45734716%2Cnull%2Cnull%2C%5B%5D%5D%2C%5B45735891%2Cnull%2Cnull%2C%5B%5D%5D%2C%5B45663239%2Cnull%2Cnull%2C%5B%5D%5D%2C%5B45715032%2Cnull%2Cnull%2C%5B1%5D%5D%2C%5B45661356%2Cnull%2Cnull%2C%5B%5D%5D%2C%5B839547366%2Cnull%2Cnull%2C%5B1%5D%5D%2C%5B45676441%2Cnull%2Cnull%2C%5B%5D%5D%2C%5Bnull%2C45645574%2Cnull%2C%5B%5D%5D%2C%5B45688859%2Cnull%2Cnull%2C%5B%5D%5D%2C%5B45656766%2Cnull%2Cnull%2C%5B%5D%5D%2C%5B45710689%2Cnull%2Cnull%2C%5B%5D%5D%2C%5B45710688%2Cnull%2Cnull%2C%5B1%5D%5D%2C%5B45685601%2Cnull%2Cnull%2C%5B%5D%5D%2C%5Bnull%2C45685602%2Cnull%2C%5Bnull%2C500%5D%5D%2C%5Bnull%2C45767902%2Cnull%2C%5Bnull%2C500%5D%5D%2C%5B45756824%2Cnull%2Cnull%2C%5B%5D%5D%2C%5B45747172%2Cnull%2Cnull%2C%5B%5D%5D%2C%5B775241416%2Cnull%2Cnull%2C%5B%5D%5D%2C%5B781107959%2Cnull%2Cnull%2C%5B%5D%5D%2C%5B781107958%2Cnull%2Cnull%2C%5B%5D%5D%2C%5B792614055%2Cnull%2Cnull%2C%5B%5D%5D%2C%5B781107957%2Cnull%2Cnull%2C%5B%5D%5D%2C%5B45729602%2Cnull%2Cnull%2C%5B%5D%5D%2C%5B45753603%2Cnull%2Cnull%2C%5B%5D%5D%2C%5B45753604%2Cnull%2Cnull%2C%5B%5D%5D%5D%2C%5B%5B16%2C%5B%5B1%2C%5B%5B31089630%5D%2C%5B31089631%2C%5B%5B45668885%2Cnull%2Cnull%2C%5B1%5D%5D%5D%5D%5D%5D%2C%5B10%2C%5B%5B31097690%5D%2C%5B31097691%2C%5B%5B846355750%2Cnull%2Cnull%2C%5B1%5D%5D%5D%5D%5D%5D%2C%5B1000%2C%5B%5B95332046%5D%5D%5D%2C%5Bnull%2C%5B%5B95332047%5D%5D%5D%2C%5B10%2C%5B%5B95338769%2C%5B%5Bnull%2C45645574%2Cnull%2C%5Bnull%2C1%5D%5D%5D%5D%2C%5B95338770%2C%5B%5Bnull%2C45645574%2Cnull%2C%5Bnull%2C2%5D%5D%5D%5D%5D%5D%2C%5B50%2C%5B%5B95345206%5D%2C%5B95345207%2C%5B%5B45661356%2Cnull%2Cnull%2C%5B1%5D%5D%5D%5D%5D%5D%2C%5B1%2C%5B%5B95351425%5D%2C%5B95351426%2C%5B%5B45676441%2Cnull%2Cnull%2C%5B1%5D%5D%5D%5D%5D%5D%2C%5B20%2C%5B%5B95356068%5D%2C%5B95356069%2C%5B%5B45685601%2Cnull%2Cnull%2C%5B%5D%5D%2C%5Bnull%2C45685602%2Cnull%2C%5B%5D%5D%5D%5D%2C%5B95356070%2C%5B%5B45685601%2Cnull%2Cnull%2C%5B1%5D%5D%2C%5Bnull%2C45685602%2Cnull%2C%5B%5D%5D%5D%5D%2C%5B95356071%2C%5B%5B45685601%2Cnull%2Cnull%2C%5B1%5D%5D%2C%5Bnull%2C45685602%2Cnull%2C%5Bnull%2C100%5D%5D%5D%5D%5D%5D%2C%5B1%2C%5B%5B95373378%2C%5B%5B792614055%2Cnull%2Cnull%2C%5B1%5D%5D%5D%5D%2C%5B95373379%2C%5B%5B45747172%2Cnull%2Cnull%2C%5B1%5D%5D%2C%5B781107959%2Cnull%2Cnull%2C%5B1%5D%5D%2C%5B792614055%2Cnull%2Cnull%2C%5B1%5D%5D%2C%5B781107957%2Cnull%2Cnull%2C%5B1%5D%5D%5D%5D%5D%5D%2C%5B10%2C%5B%5B95378629%5D%2C%5B95378630%2C%5B%5B45729602%2Cnull%2Cnull%2C%5B1%5D%5D%5D%5D%2C%5B95381582%2C%5B%5B45729602%2Cnull%2Cnull%2C%5B1%5D%5D%2C%5B45753603%2Cnull%2Cnull%2C%5B1%5D%5D%5D%5D%2C%5B95381583%2C%5B%5B45729602%2Cnull%2Cnull%2C%5B1%5D%5D%2C%5B45753604%2Cnull%2Cnull%2C%5B1%5D%5D%5D%5D%5D%5D%2C%5B10%2C%5B%5B95382403%5D%2C%5B95386528%2C%5B%5Bnull%2C45767902%2Cnull%2C%5B%5D%5D%2C%5B45756824%2Cnull%2Cnull%2C%5B1%5D%5D%5D%5D%2C%5B95386532%2C%5B%5Bnull%2C45767902%2Cnull%2C%5Bnull%2C100%5D%5D%2C%5B45756824%2Cnull%2Cnull%2C%5B1%5D%5D%5D%5D%2C%5B95386533%2C%5B%5Bnull%2C45767902%2Cnull%2C%5Bnull%2C300%5D%5D%2C%5B45756824%2Cnull%2Cnull%2C%5B1%5D%5D%5D%5D%2C%5B95386534%2C%5B%5Bnull%2C45767902%2Cnull%2C%5Bnull%2C500%5D%5D%2C%5B45756824%2Cnull%2Cnull%2C%5B1%5D%5D%5D%5D%5D%5D%2C%5Bnull%2C%5B%5B95385117%5D%2C%5B95385118%2C%5B%5B45761044%2Cnull%2Cnull%2C%5B1%5D%5D%5D%5D%5D%5D%2C%5Bnull%2C%5B%5B95385193%5D%2C%5B95385194%2C%5B%5B45765927%2Cnull%2Cnull%2C%5B1%5D%5D%5D%5D%5D%5D%2C%5B10%2C%5B%5B95387816%5D%2C%5B95387817%2C%5B%5B45774999%2Cnull%2Cnull%2C%5B1%5D%5D%5D%5D%5D%5D%2C%5B10%2C%5B%5B95388078%5D%2C%5B95388079%2C%5B%5B45776042%2Cnull%2Cnull%2C%5B1%5D%5D%5D%5D%5D%5D%5D%5D%5D%2Cnull%2Cnull%2C%5Bnull%2C1000%2C1%2C1000%5D%5D%22%7D&imalib_experiments=%5B44752711%2C95322027%2C95331589%2C95332046%5D&is_eap_loader=false&managed_js_experiment_id=31097913&page_correlator=36605713385028&pvsid=4201646061412007&top_accessible_page_url=%22https%3A%2F%2Fwww.ocregister.com%2F2023%2F09%2F21%2Fbest-of-orange-county-2023-best-outdoor-dining%2F%22:0
[   19651ms] [LOG] init with other product VdxDesktopInstream @ https://cdnx.tribalfusion.com/media/git/common/richmedia/html5/3.15.25-2/tokens/initializer.js:11
[   19652ms] [LOG] VdxDesktopInstream @ https://cdnx.tribalfusion.com/media/git/common/richmedia/html5/3.15.25-2/tokens/initializer.js:11
[   19652ms] [LOG] Bucket: @ https://cdnx.tribalfusion.com/media/git/common/richmedia/html5/3.15.25-2/tokens/initializer.js:11
[   19657ms] [LOG] App started 👍🙂 @ https://cdnx.tribalfusion.com/media/git/common/richmedia/html5/3.15.25-2/tokens/initializer.js:11
[   19841ms] [LOG] startFromVpaid~startFromVpaid~startFromVpaid @ https://cdnx.tribalfusion.com/media/git/common/richmedia/html5/3.15.25-2/tokens/initializer.js:11
[   19906ms] [ERROR] Failed to load resource: the server responded with a status of 404 () @ https://cdnx.tribalfusion.com/media/git/common/richmedia/html5/3.15.25-2/tokens/null:0
[   19913ms] [LOG] excluded @ https://cdnx.tribalfusion.com/media/git/common/richmedia/html5/3.15.2-2/tokens/vdxcontainer.min.js:0
[   19913ms] [LOG] excluded @ https://cdnx.tribalfusion.com/media/git/common/richmedia/html5/3.15.2-2/tokens/vdxcontainer.min.js:0
[   19913ms] [LOG] excluded @ https://cdnx.tribalfusion.com/media/git/common/richmedia/html5/3.15.2-2/tokens/vdxcontainer.min.js:0
[   19913ms] [LOG] excluded @ https://cdnx.tribalfusion.com/media/git/common/richmedia/html5/3.15.2-2/tokens/vdxcontainer.min.js:0
[   19913ms] [LOG] excluded @ https://cdnx.tribalfusion.com/media/git/common/richmedia/html5/3.15.2-2/tokens/vdxcontainer.min.js:0
[   19913ms] [LOG] excluded @ https://cdnx.tribalfusion.com/media/git/common/richmedia/html5/3.15.2-2/tokens/vdxcontainer.min.js:0
[   19913ms] [LOG] excluded @ https://cdnx.tribalfusion.com/media/git/common/richmedia/html5/3.15.2-2/tokens/vdxcontainer.min.js:0
[   19914ms] [LOG] excluded @ https://cdnx.tribalfusion.com/media/git/common/richmedia/html5/3.15.2-2/tokens/vdxcontainer.min.js:0
[   19914ms] [LOG] excluded @ https://cdnx.tribalfusion.com/media/git/common/richmedia/html5/3.15.2-2/tokens/vdxcontainer.min.js:0
[   20232ms] [LOG] ####VOLUME 0 @ https://cdnx.tribalfusion.com/media/git/common/richmedia/html5/3.15.25-2/tokens/vpaid.js:7
[   20297ms] [LOG] allpixel fired @ https://cdnx.tribalfusion.com/media/git/common/richmedia/html5/3.15.25-2/tokens/creative.js:13
